{"type": "BEGIN", "txn_id": "877d1139-1ba1-4ed3-9628-de7f7566d1b9", "timestamp": "2026-04-14T14:55:45.607219+05:30"}
{"type": "UPDATE", "txn_id": "877d1139-1ba1-4ed3-9628-de7f7566d1b9", "table": "customers", "key": "C001", "before": {"customer_id": "C001", "name": "Rajesh", "balance": 5000.0}, "after": {"customer_id": "C001", "name": "Rajesh", "balance": 4500.0}, "timestamp": "2026-04-14T14:55:45.609619+05:30"}
{"type": "UPDATE", "txn_id": "877d1139-1ba1-4ed3-9628-de7f7566d1b9", "table": "products", "key": "P001", "before": {"product_id": "P001", "name": "Laptop", "stock": 10, "price": 999.99}, "after": {"product_id": "P001", "name": "Laptop", "stock": 8, "price": 999.99}, "timestamp": "2026-04-14T14:55:45.611144+05:30"}
{"type": "ROLLBACK", "txn_id": "877d1139-1ba1-4ed3-9628-de7f7566d1b9", "timestamp": "2026-04-14T14:55:45.612693+05:30"}
{"type": "BEGIN", "txn_id": "cfceb40e-259c-4516-b452-5b98acf81849", "timestamp": "2026-04-14T14:55:45.614646+05:30"}
{"type": "ROLLBACK", "txn_id": "cfceb40e-259c-4516-b452-5b98acf81849", "timestamp": "2026-04-14T14:55:45.616665+05:30"}
{"type": "BEGIN", "txn_id": "c73b72f6-8300-444b-a2a0-f0329764f9b8", "timestamp": "2026-04-14T14:55:45.618474+05:30"}
{"type": "ROLLBACK", "txn_id": "c73b72f6-8300-444b-a2a0-f0329764f9b8", "timestamp": "2026-04-14T14:55:45.619931+05:30"}
{"type": "BEGIN", "txn_id": "5ac6b966-4b48-445e-aa9c-70e2b2917f70", "timestamp": "2026-04-14T14:55:45.653769+05:30"}
{"type": "UPDATE", "txn_id": "5ac6b966-4b48-445e-aa9c-70e2b2917f70", "table": "products", "key": "P001", "before": {"product_id": "P001", "name": "Laptop", "stock": 10, "price": 999.99}, "after": {"product_id": "P001", "name": "Laptop", "stock": 9, "price": 999.99}, "timestamp": "2026-04-14T14:55:45.656841+05:30"}
{"type": "COMMIT", "txn_id": "5ac6b966-4b48-445e-aa9c-70e2b2917f70", "timestamp": "2026-04-14T14:55:45.658904+05:30"}
{"type": "BEGIN", "txn_id": "568b7cb2-b75b-4d6c-b27f-2fee2991e0a2", "timestamp": "2026-04-14T14:55:45.665100+05:30"}
{"type": "ROLLBACK", "txn_id": "568b7cb2-b75b-4d6c-b27f-2fee2991e0a2", "timestamp": "2026-04-14T14:55:45.667874+05:30"}
{"type": "BEGIN", "txn_id": "ca8e600c-6143-4ba4-a7c7-43d504c85d02", "timestamp": "2026-04-14T14:55:45.713960+05:30"}
{"type": "ROLLBACK", "txn_id": "ca8e600c-6143-4ba4-a7c7-43d504c85d02", "timestamp": "2026-04-14T14:55:45.716411+05:30"}
{"type": "BEGIN", "txn_id": "23d3df17-6609-4bce-97e0-42ebb89ea638", "timestamp": "2026-04-14T14:55:45.736142+05:30"}
{"type": "UPDATE", "txn_id": "23d3df17-6609-4bce-97e0-42ebb89ea638", "table": "products", "key": "P001", "before": {"product_id": "P001", "name": "Laptop", "stock": 9, "price": 999.99}, "after": {"product_id": "P001", "name": "Laptop", "stock": 6, "price": 999.99}, "timestamp": "2026-04-14T14:55:45.739430+05:30"}
{"type": "BEGIN", "txn_id": "e89be04a-ee9b-4656-b3b2-3cea3a27353b", "timestamp": "2026-04-14T14:55:45.740675+05:30"}
{"type": "COMMIT", "txn_id": "23d3df17-6609-4bce-97e0-42ebb89ea638", "timestamp": "2026-04-14T14:55:45.792032+05:30"}
{"type": "UPDATE", "txn_id": "e89be04a-ee9b-4656-b3b2-3cea3a27353b", "table": "products", "key": "P001", "before": {"product_id": "P001", "name": "Laptop", "stock": 6, "price": 999.99}, "after": {"product_id": "P001", "name": "Laptop", "stock": 3, "price": 999.99}, "timestamp": "2026-04-14T14:55:45.796519+05:30"}
{"type": "COMMIT", "txn_id": "e89be04a-ee9b-4656-b3b2-3cea3a27353b", "timestamp": "2026-04-14T14:55:45.848336+05:30"}
{"type": "BEGIN", "txn_id": "ecdaa664-03c1-4929-a0bf-ea88357a9bd5", "timestamp": "2026-04-14T14:55:45.857606+05:30"}
{"type": "ROLLBACK", "txn_id": "ecdaa664-03c1-4929-a0bf-ea88357a9bd5", "timestamp": "2026-04-14T14:55:45.860111+05:30"}
{"type": "BEGIN", "txn_id": "e6a0e250-27db-4d6d-bf1b-eca50f933a48", "timestamp": "2026-04-14T14:55:45.887303+05:30"}
{"type": "INSERT", "txn_id": "e6a0e250-27db-4d6d-bf1b-eca50f933a48", "table": "orders", "key": "O_DUR01", "before": null, "after": {"order_id": "O_DUR01", "customer_id": "C001", "amount": 250.0}, "timestamp": "2026-04-14T14:55:45.889111+05:30"}
{"type": "COMMIT", "txn_id": "e6a0e250-27db-4d6d-bf1b-eca50f933a48", "timestamp": "2026-04-14T14:55:45.890723+05:30"}
{"type": "BEGIN", "txn_id": "ed62bc53-c7e4-41e3-beb2-1f44141fff1d", "timestamp": "2026-04-14T14:55:45.894165+05:30"}
{"type": "ROLLBACK", "txn_id": "ed62bc53-c7e4-41e3-beb2-1f44141fff1d", "timestamp": "2026-04-14T14:55:45.896123+05:30"}
{"type": "BEGIN", "txn_id": "6b91b080-aa3a-4bef-9f78-fbd734af55fb", "timestamp": "2026-04-14T14:55:45.924287+05:30"}
{"type": "ROLLBACK", "txn_id": "6b91b080-aa3a-4bef-9f78-fbd734af55fb", "timestamp": "2026-04-14T14:55:45.927491+05:30"}
{"type": "BEGIN", "txn_id": "876f75cc-7e14-4451-b5d6-0502483f8a27", "timestamp": "2026-04-14T14:55:45.964303+05:30"}
{"type": "ROLLBACK", "txn_id": "876f75cc-7e14-4451-b5d6-0502483f8a27", "timestamp": "2026-04-14T14:55:45.966481+05:30"}
{"type": "BEGIN", "txn_id": "37bf5d83-c65e-4605-94d3-d95256f26149", "timestamp": "2026-04-14T14:55:45.968486+05:30"}
{"type": "UPDATE", "txn_id": "37bf5d83-c65e-4605-94d3-d95256f26149", "table": "customers", "key": "C001", "before": {"customer_id": "C001", "name": "Rajesh", "balance": 5000.0}, "after": {"customer_id": "C001", "name": "Rajesh", "balance": 4800.0}, "timestamp": "2026-04-14T14:55:45.970601+05:30"}
{"type": "UPDATE", "txn_id": "37bf5d83-c65e-4605-94d3-d95256f26149", "table": "products", "key": "P002", "before": {"product_id": "P002", "name": "Mouse", "stock": 50, "price": 29.99}, "after": {"product_id": "P002", "name": "Mouse", "stock": 49, "price": 29.99}, "timestamp": "2026-04-14T14:55:45.972121+05:30"}
{"type": "INSERT", "txn_id": "37bf5d83-c65e-4605-94d3-d95256f26149", "table": "orders", "key": "O_MULTI01", "before": null, "after": {"order_id": "O_MULTI01", "customer_id": "C001", "amount": 200.0}, "timestamp": "2026-04-14T14:55:45.973416+05:30"}
{"type": "COMMIT", "txn_id": "37bf5d83-c65e-4605-94d3-d95256f26149", "timestamp": "2026-04-14T14:55:45.974899+05:30"}
{"type": "BEGIN", "txn_id": "d840d419-9490-47ab-9fa4-375ad3791976", "timestamp": "2026-04-14T14:55:45.982992+05:30"}
{"type": "ROLLBACK", "txn_id": "d840d419-9490-47ab-9fa4-375ad3791976", "timestamp": "2026-04-14T14:55:45.985262+05:30"}
{"type": "BEGIN", "txn_id": "7dac7231-5d4d-4bcf-8397-86cd44dea1cc", "timestamp": "2026-04-14T14:55:49.206138+05:30"}
{"type": "INSERT", "txn_id": "7dac7231-5d4d-4bcf-8397-86cd44dea1cc", "table": "products", "key": "TX_10_0", "before": null, "after": {"product_id": "TX_10_0", "name": "TX0", "stock": 10, "price": 5.0}, "timestamp": "2026-04-14T14:55:49.207773+05:30"}
{"type": "COMMIT", "txn_id": "7dac7231-5d4d-4bcf-8397-86cd44dea1cc", "timestamp": "2026-04-14T14:55:49.209081+05:30"}
{"type": "BEGIN", "txn_id": "e1807cda-a37f-41ea-92ed-6b277a4c4be3", "timestamp": "2026-04-14T14:55:49.213066+05:30"}
{"type": "INSERT", "txn_id": "e1807cda-a37f-41ea-92ed-6b277a4c4be3", "table": "products", "key": "TX_10_1", "before": null, "after": {"product_id": "TX_10_1", "name": "TX1", "stock": 10, "price": 5.0}, "timestamp": "2026-04-14T14:55:49.214119+05:30"}
{"type": "COMMIT", "txn_id": "e1807cda-a37f-41ea-92ed-6b277a4c4be3", "timestamp": "2026-04-14T14:55:49.215050+05:30"}
{"type": "BEGIN", "txn_id": "9e328756-dd5a-4bdb-b4a5-4f905994604a", "timestamp": "2026-04-14T14:55:49.217389+05:30"}
{"type": "INSERT", "txn_id": "9e328756-dd5a-4bdb-b4a5-4f905994604a", "table": "products", "key": "TX_10_2", "before": null, "after": {"product_id": "TX_10_2", "name": "TX2", "stock": 10, "price": 5.0}, "timestamp": "2026-04-14T14:55:49.218763+05:30"}
{"type": "COMMIT", "txn_id": "9e328756-dd5a-4bdb-b4a5-4f905994604a", "timestamp": "2026-04-14T14:55:49.219953+05:30"}
{"type": "BEGIN", "txn_id": "d0421d8d-e8ee-40fe-b7b9-454b20a2b01d", "timestamp": "2026-04-14T14:55:49.222337+05:30"}
{"type": "INSERT", "txn_id": "d0421d8d-e8ee-40fe-b7b9-454b20a2b01d", "table": "products", "key": "TX_10_3", "before": null, "after": {"product_id": "TX_10_3", "name": "TX3", "stock": 10, "price": 5.0}, "timestamp": "2026-04-14T14:55:49.223376+05:30"}
{"type": "COMMIT", "txn_id": "d0421d8d-e8ee-40fe-b7b9-454b20a2b01d", "timestamp": "2026-04-14T14:55:49.224403+05:30"}
{"type": "BEGIN", "txn_id": "ad4e316e-b75b-45b1-b01a-7dedeee2f324", "timestamp": "2026-04-14T14:55:49.227142+05:30"}
{"type": "INSERT", "txn_id": "ad4e316e-b75b-45b1-b01a-7dedeee2f324", "table": "products", "key": "TX_10_4", "before": null, "after": {"product_id": "TX_10_4", "name": "TX4", "stock": 10, "price": 5.0}, "timestamp": "2026-04-14T14:55:49.228434+05:30"}
{"type": "COMMIT", "txn_id": "ad4e316e-b75b-45b1-b01a-7dedeee2f324", "timestamp": "2026-04-14T14:55:49.229665+05:30"}
{"type": "BEGIN", "txn_id": "4ec32213-f791-4341-b731-4366a1828b3d", "timestamp": "2026-04-14T14:55:49.232250+05:30"}
{"type": "INSERT", "txn_id": "4ec32213-f791-4341-b731-4366a1828b3d", "table": "products", "key": "TX_10_5", "before": null, "after": {"product_id": "TX_10_5", "name": "TX5", "stock": 10, "price": 5.0}, "timestamp": "2026-04-14T14:55:49.233514+05:30"}
{"type": "COMMIT", "txn_id": "4ec32213-f791-4341-b731-4366a1828b3d", "timestamp": "2026-04-14T14:55:49.234485+05:30"}
{"type": "BEGIN", "txn_id": "0d7e684d-63f3-445b-9a8f-88972d4bee80", "timestamp": "2026-04-14T14:55:49.237676+05:30"}
{"type": "INSERT", "txn_id": "0d7e684d-63f3-445b-9a8f-88972d4bee80", "table": "products", "key": "TX_10_6", "before": null, "after": {"product_id": "TX_10_6", "name": "TX6", "stock": 10, "price": 5.0}, "timestamp": "2026-04-14T14:55:49.239055+05:30"}
{"type": "COMMIT", "txn_id": "0d7e684d-63f3-445b-9a8f-88972d4bee80", "timestamp": "2026-04-14T14:55:49.240145+05:30"}
{"type": "BEGIN", "txn_id": "70b2a6ff-fc8a-428b-96c9-84e1e4a9ff73", "timestamp": "2026-04-14T14:55:49.242364+05:30"}
{"type": "INSERT", "txn_id": "70b2a6ff-fc8a-428b-96c9-84e1e4a9ff73", "table": "products", "key": "TX_10_7", "before": null, "after": {"product_id": "TX_10_7", "name": "TX7", "stock": 10, "price": 5.0}, "timestamp": "2026-04-14T14:55:49.243588+05:30"}
{"type": "COMMIT", "txn_id": "70b2a6ff-fc8a-428b-96c9-84e1e4a9ff73", "timestamp": "2026-04-14T14:55:49.244818+05:30"}
{"type": "BEGIN", "txn_id": "88ed09f0-2345-4144-964a-8c27f04ebf20", "timestamp": "2026-04-14T14:55:49.247378+05:30"}
{"type": "INSERT", "txn_id": "88ed09f0-2345-4144-964a-8c27f04ebf20", "table": "products", "key": "TX_10_8", "before": null, "after": {"product_id": "TX_10_8", "name": "TX8", "stock": 10, "price": 5.0}, "timestamp": "2026-04-14T14:55:49.248535+05:30"}
{"type": "COMMIT", "txn_id": "88ed09f0-2345-4144-964a-8c27f04ebf20", "timestamp": "2026-04-14T14:55:49.249824+05:30"}
{"type": "BEGIN", "txn_id": "002307f2-7885-424e-a7f4-d59dfa805d2c", "timestamp": "2026-04-14T14:55:49.252621+05:30"}
{"type": "INSERT", "txn_id": "002307f2-7885-424e-a7f4-d59dfa805d2c", "table": "products", "key": "TX_10_9", "before": null, "after": {"product_id": "TX_10_9", "name": "TX9", "stock": 10, "price": 5.0}, "timestamp": "2026-04-14T14:55:49.253841+05:30"}
{"type": "COMMIT", "txn_id": "002307f2-7885-424e-a7f4-d59dfa805d2c", "timestamp": "2026-04-14T14:55:49.255119+05:30"}
{"type": "BEGIN", "txn_id": "d2f406c8-28c4-4fe2-ba41-d191a85c7ff4", "timestamp": "2026-04-14T14:55:49.258067+05:30"}
{"type": "INSERT", "txn_id": "d2f406c8-28c4-4fe2-ba41-d191a85c7ff4", "table": "products", "key": "TX_50_0", "before": null, "after": {"product_id": "TX_50_0", "name": "TX0", "stock": 10, "price": 5.0}, "timestamp": "2026-04-14T14:55:49.259549+05:30"}
{"type": "COMMIT", "txn_id": "d2f406c8-28c4-4fe2-ba41-d191a85c7ff4", "timestamp": "2026-04-14T14:55:49.261148+05:30"}
{"type": "BEGIN", "txn_id": "0c66574d-c919-4479-a383-40ed276556b1", "timestamp": "2026-04-14T14:55:49.264400+05:30"}
{"type": "INSERT", "txn_id": "0c66574d-c919-4479-a383-40ed276556b1", "table": "products", "key": "TX_50_1", "before": null, "after": {"product_id": "TX_50_1", "name": "TX1", "stock": 10, "price": 5.0}, "timestamp": "2026-04-14T14:55:49.265517+05:30"}
{"type": "COMMIT", "txn_id": "0c66574d-c919-4479-a383-40ed276556b1", "timestamp": "2026-04-14T14:55:49.266541+05:30"}
{"type": "BEGIN", "txn_id": "698131c9-ccf3-4908-8b85-b89b6b29ebbc", "timestamp": "2026-04-14T14:55:49.269367+05:30"}
{"type": "INSERT", "txn_id": "698131c9-ccf3-4908-8b85-b89b6b29ebbc", "table": "products", "key": "TX_50_2", "before": null, "after": {"product_id": "TX_50_2", "name": "TX2", "stock": 10, "price": 5.0}, "timestamp": "2026-04-14T14:55:49.270705+05:30"}
{"type": "COMMIT", "txn_id": "698131c9-ccf3-4908-8b85-b89b6b29ebbc", "timestamp": "2026-04-14T14:55:49.272024+05:30"}
{"type": "BEGIN", "txn_id": "b073b342-3e83-43e9-b581-4fbb12ef6d35", "timestamp": "2026-04-14T14:55:49.274600+05:30"}
{"type": "INSERT", "txn_id": "b073b342-3e83-43e9-b581-4fbb12ef6d35", "table": "products", "key": "TX_50_3", "before": null, "after": {"product_id": "TX_50_3", "name": "TX3", "stock": 10, "price": 5.0}, "timestamp": "2026-04-14T14:55:49.276301+05:30"}
{"type": "COMMIT", "txn_id": "b073b342-3e83-43e9-b581-4fbb12ef6d35", "timestamp": "2026-04-14T14:55:49.277628+05:30"}
{"type": "BEGIN", "txn_id": "ca5cddfa-091c-4f66-aaa8-ebdeeca29434", "timestamp": "2026-04-14T14:55:49.280845+05:30"}
{"type": "INSERT", "txn_id": "ca5cddfa-091c-4f66-aaa8-ebdeeca29434", "table": "products", "key": "TX_50_4", "before": null, "after": {"product_id": "TX_50_4", "name": "TX4", "stock": 10, "price": 5.0}, "timestamp": "2026-04-14T14:55:49.282074+05:30"}
{"type": "COMMIT", "txn_id": "ca5cddfa-091c-4f66-aaa8-ebdeeca29434", "timestamp": "2026-04-14T14:55:49.283286+05:30"}
{"type": "BEGIN", "txn_id": "7322ea70-6a02-4b5d-8068-93e8df5f046f", "timestamp": "2026-04-14T14:55:49.285942+05:30"}
{"type": "INSERT", "txn_id": "7322ea70-6a02-4b5d-8068-93e8df5f046f", "table": "products", "key": "TX_50_5", "before": null, "after": {"product_id": "TX_50_5", "name": "TX5", "stock": 10, "price": 5.0}, "timestamp": "2026-04-14T14:55:49.287155+05:30"}
{"type": "COMMIT", "txn_id": "7322ea70-6a02-4b5d-8068-93e8df5f046f", "timestamp": "2026-04-14T14:55:49.288159+05:30"}
{"type": "BEGIN", "txn_id": "4d7d30d4-4755-428b-9124-fdc7ef45da01", "timestamp": "2026-04-14T14:55:49.290777+05:30"}
{"type": "INSERT", "txn_id": "4d7d30d4-4755-428b-9124-fdc7ef45da01", "table": "products", "key": "TX_50_6", "before": null, "after": {"product_id": "TX_50_6", "name": "TX6", "stock": 10, "price": 5.0}, "timestamp": "2026-04-14T14:55:49.292032+05:30"}
{"type": "COMMIT", "txn_id": "4d7d30d4-4755-428b-9124-fdc7ef45da01", "timestamp": "2026-04-14T14:55:49.293244+05:30"}
{"type": "BEGIN", "txn_id": "7ee27b59-cceb-46e0-8e9e-622c874209b1", "timestamp": "2026-04-14T14:55:49.296282+05:30"}
{"type": "INSERT", "txn_id": "7ee27b59-cceb-46e0-8e9e-622c874209b1", "table": "products", "key": "TX_50_7", "before": null, "after": {"product_id": "TX_50_7", "name": "TX7", "stock": 10, "price": 5.0}, "timestamp": "2026-04-14T14:55:49.297893+05:30"}
{"type": "COMMIT", "txn_id": "7ee27b59-cceb-46e0-8e9e-622c874209b1", "timestamp": "2026-04-14T14:55:49.298926+05:30"}
{"type": "BEGIN", "txn_id": "34420a6a-07c8-49c6-a816-b9ab0fef998b", "timestamp": "2026-04-14T14:55:49.301269+05:30"}
{"type": "INSERT", "txn_id": "34420a6a-07c8-49c6-a816-b9ab0fef998b", "table": "products", "key": "TX_50_8", "before": null, "after": {"product_id": "TX_50_8", "name": "TX8", "stock": 10, "price": 5.0}, "timestamp": "2026-04-14T14:55:49.302787+05:30"}
{"type": "COMMIT", "txn_id": "34420a6a-07c8-49c6-a816-b9ab0fef998b", "timestamp": "2026-04-14T14:55:49.303820+05:30"}
{"type": "BEGIN", "txn_id": "8d307f04-7bb4-4bb3-8680-0c2e160a20d4", "timestamp": "2026-04-14T14:55:49.306350+05:30"}
{"type": "INSERT", "txn_id": "8d307f04-7bb4-4bb3-8680-0c2e160a20d4", "table": "products", "key": "TX_50_9", "before": null, "after": {"product_id": "TX_50_9", "name": "TX9", "stock": 10, "price": 5.0}, "timestamp": "2026-04-14T14:55:49.307506+05:30"}
{"type": "COMMIT", "txn_id": "8d307f04-7bb4-4bb3-8680-0c2e160a20d4", "timestamp": "2026-04-14T14:55:49.308693+05:30"}
{"type": "BEGIN", "txn_id": "24ff6d0b-08bf-4657-bb9e-d49e59c1e3dc", "timestamp": "2026-04-14T14:55:49.311940+05:30"}
{"type": "INSERT", "txn_id": "24ff6d0b-08bf-4657-bb9e-d49e59c1e3dc", "table": "products", "key": "TX_50_10", "before": null, "after": {"product_id": "TX_50_10", "name": "TX10", "stock": 10, "price": 5.0}, "timestamp": "2026-04-14T14:55:49.313267+05:30"}
{"type": "COMMIT", "txn_id": "24ff6d0b-08bf-4657-bb9e-d49e59c1e3dc", "timestamp": "2026-04-14T14:55:49.314384+05:30"}
{"type": "BEGIN", "txn_id": "700094e7-5a26-4113-a6c3-e3245d32d7f0", "timestamp": "2026-04-14T14:55:49.316737+05:30"}
{"type": "INSERT", "txn_id": "700094e7-5a26-4113-a6c3-e3245d32d7f0", "table": "products", "key": "TX_50_11", "before": null, "after": {"product_id": "TX_50_11", "name": "TX11", "stock": 10, "price": 5.0}, "timestamp": "2026-04-14T14:55:49.318085+05:30"}
{"type": "COMMIT", "txn_id": "700094e7-5a26-4113-a6c3-e3245d32d7f0", "timestamp": "2026-04-14T14:55:49.319367+05:30"}
{"type": "BEGIN", "txn_id": "f3abee28-28d0-4e92-a60e-db4987ffcc30", "timestamp": "2026-04-14T14:55:49.322026+05:30"}
{"type": "INSERT", "txn_id": "f3abee28-28d0-4e92-a60e-db4987ffcc30", "table": "products", "key": "TX_50_12", "before": null, "after": {"product_id": "TX_50_12", "name": "TX12", "stock": 10, "price": 5.0}, "timestamp": "2026-04-14T14:55:49.323117+05:30"}
{"type": "COMMIT", "txn_id": "f3abee28-28d0-4e92-a60e-db4987ffcc30", "timestamp": "2026-04-14T14:55:49.324090+05:30"}
{"type": "BEGIN", "txn_id": "056e582d-dc4d-4d56-b248-0320ae01fd3b", "timestamp": "2026-04-14T14:55:49.327473+05:30"}
{"type": "INSERT", "txn_id": "056e582d-dc4d-4d56-b248-0320ae01fd3b", "table": "products", "key": "TX_50_13", "before": null, "after": {"product_id": "TX_50_13", "name": "TX13", "stock": 10, "price": 5.0}, "timestamp": "2026-04-14T14:55:49.328853+05:30"}
{"type": "COMMIT", "txn_id": "056e582d-dc4d-4d56-b248-0320ae01fd3b", "timestamp": "2026-04-14T14:55:49.330002+05:30"}
{"type": "BEGIN", "txn_id": "97b8fc9f-3258-4a59-bce7-c297cce859f0", "timestamp": "2026-04-14T14:55:49.332380+05:30"}
{"type": "INSERT", "txn_id": "97b8fc9f-3258-4a59-bce7-c297cce859f0", "table": "products", "key": "TX_50_14", "before": null, "after": {"product_id": "TX_50_14", "name": "TX14", "stock": 10, "price": 5.0}, "timestamp": "2026-04-14T14:55:49.333683+05:30"}
{"type": "COMMIT", "txn_id": "97b8fc9f-3258-4a59-bce7-c297cce859f0", "timestamp": "2026-04-14T14:55:49.334732+05:30"}
{"type": "BEGIN", "txn_id": "c3db23ec-3599-4fa0-b6ac-b00b8fa915c2", "timestamp": "2026-04-14T14:55:49.337347+05:30"}
{"type": "INSERT", "txn_id": "c3db23ec-3599-4fa0-b6ac-b00b8fa915c2", "table": "products", "key": "TX_50_15", "before": null, "after": {"product_id": "TX_50_15", "name": "TX15", "stock": 10, "price": 5.0}, "timestamp": "2026-04-14T14:55:49.338459+05:30"}
{"type": "COMMIT", "txn_id": "c3db23ec-3599-4fa0-b6ac-b00b8fa915c2", "timestamp": "2026-04-14T14:55:49.339409+05:30"}
{"type": "BEGIN", "txn_id": "c218a6ef-830d-405c-a7a9-1d7e47c630ba", "timestamp": "2026-04-14T14:55:49.342078+05:30"}
{"type": "INSERT", "txn_id": "c218a6ef-830d-405c-a7a9-1d7e47c630ba", "table": "products", "key": "TX_50_16", "before": null, "after": {"product_id": "TX_50_16", "name": "TX16", "stock": 10, "price": 5.0}, "timestamp": "2026-04-14T14:55:49.343681+05:30"}
{"type": "COMMIT", "txn_id": "c218a6ef-830d-405c-a7a9-1d7e47c630ba", "timestamp": "2026-04-14T14:55:49.345051+05:30"}
{"type": "BEGIN", "txn_id": "97eece3b-2153-4749-bf92-478e2541ebc3", "timestamp": "2026-04-14T14:55:49.347789+05:30"}
{"type": "INSERT", "txn_id": "97eece3b-2153-4749-bf92-478e2541ebc3", "table": "products", "key": "TX_50_17", "before": null, "after": {"product_id": "TX_50_17", "name": "TX17", "stock": 10, "price": 5.0}, "timestamp": "2026-04-14T14:55:49.348965+05:30"}
{"type": "COMMIT", "txn_id": "97eece3b-2153-4749-bf92-478e2541ebc3", "timestamp": "2026-04-14T14:55:49.350000+05:30"}
{"type": "BEGIN", "txn_id": "fd1e8d49-c46f-4af0-8931-044f4e707142", "timestamp": "2026-04-14T14:55:49.352610+05:30"}
{"type": "INSERT", "txn_id": "fd1e8d49-c46f-4af0-8931-044f4e707142", "table": "products", "key": "TX_50_18", "before": null, "after": {"product_id": "TX_50_18", "name": "TX18", "stock": 10, "price": 5.0}, "timestamp": "2026-04-14T14:55:49.353748+05:30"}
{"type": "COMMIT", "txn_id": "fd1e8d49-c46f-4af0-8931-044f4e707142", "timestamp": "2026-04-14T14:55:49.354810+05:30"}
{"type": "BEGIN", "txn_id": "38839733-d0ff-4f74-a003-759647eafc68", "timestamp": "2026-04-14T14:55:49.357415+05:30"}
{"type": "INSERT", "txn_id": "38839733-d0ff-4f74-a003-759647eafc68", "table": "products", "key": "TX_50_19", "before": null, "after": {"product_id": "TX_50_19", "name": "TX19", "stock": 10, "price": 5.0}, "timestamp": "2026-04-14T14:55:49.358493+05:30"}
{"type": "COMMIT", "txn_id": "38839733-d0ff-4f74-a003-759647eafc68", "timestamp": "2026-04-14T14:55:49.359851+05:30"}
{"type": "BEGIN", "txn_id": "3685f000-ffdb-4b62-bfa7-35ea429d0a87", "timestamp": "2026-04-14T14:55:49.363563+05:30"}
{"type": "INSERT", "txn_id": "3685f000-ffdb-4b62-bfa7-35ea429d0a87", "table": "products", "key": "TX_50_20", "before": null, "after": {"product_id": "TX_50_20", "name": "TX20", "stock": 10, "price": 5.0}, "timestamp": "2026-04-14T14:55:49.364846+05:30"}
{"type": "COMMIT", "txn_id": "3685f000-ffdb-4b62-bfa7-35ea429d0a87", "timestamp": "2026-04-14T14:55:49.365936+05:30"}
{"type": "BEGIN", "txn_id": "1423d3cf-fa88-4ec7-aa4f-cce4b58b4471", "timestamp": "2026-04-14T14:55:49.368714+05:30"}
{"type": "INSERT", "txn_id": "1423d3cf-fa88-4ec7-aa4f-cce4b58b4471", "table": "products", "key": "TX_50_21", "before": null, "after": {"product_id": "TX_50_21", "name": "TX21", "stock": 10, "price": 5.0}, "timestamp": "2026-04-14T14:55:49.370018+05:30"}
{"type": "COMMIT", "txn_id": "1423d3cf-fa88-4ec7-aa4f-cce4b58b4471", "timestamp": "2026-04-14T14:55:49.371026+05:30"}
{"type": "BEGIN", "txn_id": "77b635fb-64c5-40b9-9567-dd388881dfa2", "timestamp": "2026-04-14T14:55:49.373439+05:30"}
{"type": "INSERT", "txn_id": "77b635fb-64c5-40b9-9567-dd388881dfa2", "table": "products", "key": "TX_50_22", "before": null, "after": {"product_id": "TX_50_22", "name": "TX22", "stock": 10, "price": 5.0}, "timestamp": "2026-04-14T14:55:49.374694+05:30"}
{"type": "COMMIT", "txn_id": "77b635fb-64c5-40b9-9567-dd388881dfa2", "timestamp": "2026-04-14T14:55:49.375636+05:30"}
{"type": "BEGIN", "txn_id": "58bd1d18-2ba2-4b29-8c96-5ce54f2b8f54", "timestamp": "2026-04-14T14:55:49.379467+05:30"}
{"type": "INSERT", "txn_id": "58bd1d18-2ba2-4b29-8c96-5ce54f2b8f54", "table": "products", "key": "TX_50_23", "before": null, "after": {"product_id": "TX_50_23", "name": "TX23", "stock": 10, "price": 5.0}, "timestamp": "2026-04-14T14:55:49.380793+05:30"}
{"type": "COMMIT", "txn_id": "58bd1d18-2ba2-4b29-8c96-5ce54f2b8f54", "timestamp": "2026-04-14T14:55:49.381798+05:30"}
{"type": "BEGIN", "txn_id": "66f4d923-6b84-4e09-acf8-eb844bec2b05", "timestamp": "2026-04-14T14:55:49.384692+05:30"}
{"type": "INSERT", "txn_id": "66f4d923-6b84-4e09-acf8-eb844bec2b05", "table": "products", "key": "TX_50_24", "before": null, "after": {"product_id": "TX_50_24", "name": "TX24", "stock": 10, "price": 5.0}, "timestamp": "2026-04-14T14:55:49.386123+05:30"}
{"type": "COMMIT", "txn_id": "66f4d923-6b84-4e09-acf8-eb844bec2b05", "timestamp": "2026-04-14T14:55:49.387170+05:30"}
{"type": "BEGIN", "txn_id": "f8c8d036-8e7a-4fd9-9ec8-11569bd4d963", "timestamp": "2026-04-14T14:55:49.389916+05:30"}
{"type": "INSERT", "txn_id": "f8c8d036-8e7a-4fd9-9ec8-11569bd4d963", "table": "products", "key": "TX_50_25", "before": null, "after": {"product_id": "TX_50_25", "name": "TX25", "stock": 10, "price": 5.0}, "timestamp": "2026-04-14T14:55:49.391242+05:30"}
{"type": "COMMIT", "txn_id": "f8c8d036-8e7a-4fd9-9ec8-11569bd4d963", "timestamp": "2026-04-14T14:55:49.392278+05:30"}
{"type": "BEGIN", "txn_id": "04c1fd07-afb6-422d-bb63-233fd48431e5", "timestamp": "2026-04-14T14:55:49.395736+05:30"}
{"type": "INSERT", "txn_id": "04c1fd07-afb6-422d-bb63-233fd48431e5", "table": "products", "key": "TX_50_26", "before": null, "after": {"product_id": "TX_50_26", "name": "TX26", "stock": 10, "price": 5.0}, "timestamp": "2026-04-14T14:55:49.396826+05:30"}
{"type": "COMMIT", "txn_id": "04c1fd07-afb6-422d-bb63-233fd48431e5", "timestamp": "2026-04-14T14:55:49.398823+05:30"}
{"type": "BEGIN", "txn_id": "5a68aa48-8fe9-49a7-9b24-383978966ba8", "timestamp": "2026-04-14T14:55:49.401502+05:30"}
{"type": "INSERT", "txn_id": "5a68aa48-8fe9-49a7-9b24-383978966ba8", "table": "products", "key": "TX_50_27", "before": null, "after": {"product_id": "TX_50_27", "name": "TX27", "stock": 10, "price": 5.0}, "timestamp": "2026-04-14T14:55:49.403168+05:30"}
{"type": "COMMIT", "txn_id": "5a68aa48-8fe9-49a7-9b24-383978966ba8", "timestamp": "2026-04-14T14:55:49.404239+05:30"}
{"type": "BEGIN", "txn_id": "0b588a56-0e1c-48eb-bc1a-7cb3470b71e7", "timestamp": "2026-04-14T14:55:49.407088+05:30"}
{"type": "INSERT", "txn_id": "0b588a56-0e1c-48eb-bc1a-7cb3470b71e7", "table": "products", "key": "TX_50_28", "before": null, "after": {"product_id": "TX_50_28", "name": "TX28", "stock": 10, "price": 5.0}, "timestamp": "2026-04-14T14:55:49.408226+05:30"}
{"type": "COMMIT", "txn_id": "0b588a56-0e1c-48eb-bc1a-7cb3470b71e7", "timestamp": "2026-04-14T14:55:49.410930+05:30"}
{"type": "BEGIN", "txn_id": "c8a2aa3f-ef25-4593-b658-843b1468889d", "timestamp": "2026-04-14T14:55:49.414940+05:30"}
{"type": "INSERT", "txn_id": "c8a2aa3f-ef25-4593-b658-843b1468889d", "table": "products", "key": "TX_50_29", "before": null, "after": {"product_id": "TX_50_29", "name": "TX29", "stock": 10, "price": 5.0}, "timestamp": "2026-04-14T14:55:49.416426+05:30"}
{"type": "COMMIT", "txn_id": "c8a2aa3f-ef25-4593-b658-843b1468889d", "timestamp": "2026-04-14T14:55:49.417587+05:30"}
{"type": "BEGIN", "txn_id": "5073d530-9d0d-4fe8-963b-684382442e61", "timestamp": "2026-04-14T14:55:49.420623+05:30"}
{"type": "INSERT", "txn_id": "5073d530-9d0d-4fe8-963b-684382442e61", "table": "products", "key": "TX_50_30", "before": null, "after": {"product_id": "TX_50_30", "name": "TX30", "stock": 10, "price": 5.0}, "timestamp": "2026-04-14T14:55:49.421762+05:30"}
{"type": "COMMIT", "txn_id": "5073d530-9d0d-4fe8-963b-684382442e61", "timestamp": "2026-04-14T14:55:49.422680+05:30"}
{"type": "BEGIN", "txn_id": "231f17ec-d4d5-4244-8ac1-18f542feb05d", "timestamp": "2026-04-14T14:55:49.425326+05:30"}
{"type": "INSERT", "txn_id": "231f17ec-d4d5-4244-8ac1-18f542feb05d", "table": "products", "key": "TX_50_31", "before": null, "after": {"product_id": "TX_50_31", "name": "TX31", "stock": 10, "price": 5.0}, "timestamp": "2026-04-14T14:55:49.426698+05:30"}
{"type": "COMMIT", "txn_id": "231f17ec-d4d5-4244-8ac1-18f542feb05d", "timestamp": "2026-04-14T14:55:49.428526+05:30"}
{"type": "BEGIN", "txn_id": "a92a7b9e-1b07-4a9b-ac63-4bd754e37109", "timestamp": "2026-04-14T14:55:49.431775+05:30"}
{"type": "INSERT", "txn_id": "a92a7b9e-1b07-4a9b-ac63-4bd754e37109", "table": "products", "key": "TX_50_32", "before": null, "after": {"product_id": "TX_50_32", "name": "TX32", "stock": 10, "price": 5.0}, "timestamp": "2026-04-14T14:55:49.432873+05:30"}
{"type": "COMMIT", "txn_id": "a92a7b9e-1b07-4a9b-ac63-4bd754e37109", "timestamp": "2026-04-14T14:55:49.434015+05:30"}
{"type": "BEGIN", "txn_id": "c8559f99-0611-4cce-bf29-334b359a97df", "timestamp": "2026-04-14T14:55:49.437371+05:30"}
{"type": "INSERT", "txn_id": "c8559f99-0611-4cce-bf29-334b359a97df", "table": "products", "key": "TX_50_33", "before": null, "after": {"product_id": "TX_50_33", "name": "TX33", "stock": 10, "price": 5.0}, "timestamp": "2026-04-14T14:55:49.439019+05:30"}
{"type": "COMMIT", "txn_id": "c8559f99-0611-4cce-bf29-334b359a97df", "timestamp": "2026-04-14T14:55:49.440039+05:30"}
{"type": "BEGIN", "txn_id": "8662c028-6d03-4267-80e8-0432d54060dd", "timestamp": "2026-04-14T14:55:49.443359+05:30"}
{"type": "INSERT", "txn_id": "8662c028-6d03-4267-80e8-0432d54060dd", "table": "products", "key": "TX_50_34", "before": null, "after": {"product_id": "TX_50_34", "name": "TX34", "stock": 10, "price": 5.0}, "timestamp": "2026-04-14T14:55:49.444906+05:30"}
{"type": "COMMIT", "txn_id": "8662c028-6d03-4267-80e8-0432d54060dd", "timestamp": "2026-04-14T14:55:49.446408+05:30"}
{"type": "BEGIN", "txn_id": "fac2f402-75c9-46f2-a8b0-5350d4e2cf8e", "timestamp": "2026-04-14T14:55:49.449416+05:30"}
{"type": "INSERT", "txn_id": "fac2f402-75c9-46f2-a8b0-5350d4e2cf8e", "table": "products", "key": "TX_50_35", "before": null, "after": {"product_id": "TX_50_35", "name": "TX35", "stock": 10, "price": 5.0}, "timestamp": "2026-04-14T14:55:49.450555+05:30"}
{"type": "COMMIT", "txn_id": "fac2f402-75c9-46f2-a8b0-5350d4e2cf8e", "timestamp": "2026-04-14T14:55:49.451780+05:30"}
{"type": "BEGIN", "txn_id": "ed46bf3f-f3f5-4914-8190-1052aa96137b", "timestamp": "2026-04-14T14:55:49.454462+05:30"}
{"type": "INSERT", "txn_id": "ed46bf3f-f3f5-4914-8190-1052aa96137b", "table": "products", "key": "TX_50_36", "before": null, "after": {"product_id": "TX_50_36", "name": "TX36", "stock": 10, "price": 5.0}, "timestamp": "2026-04-14T14:55:49.455690+05:30"}
{"type": "COMMIT", "txn_id": "ed46bf3f-f3f5-4914-8190-1052aa96137b", "timestamp": "2026-04-14T14:55:49.457032+05:30"}
{"type": "BEGIN", "txn_id": "7655c24c-604c-4002-9200-370dafdbe3a0", "timestamp": "2026-04-14T14:55:49.459682+05:30"}
{"type": "INSERT", "txn_id": "7655c24c-604c-4002-9200-370dafdbe3a0", "table": "products", "key": "TX_50_37", "before": null, "after": {"product_id": "TX_50_37", "name": "TX37", "stock": 10, "price": 5.0}, "timestamp": "2026-04-14T14:55:49.461161+05:30"}
{"type": "COMMIT", "txn_id": "7655c24c-604c-4002-9200-370dafdbe3a0", "timestamp": "2026-04-14T14:55:49.462375+05:30"}
{"type": "BEGIN", "txn_id": "fc70d5a3-4c25-48e6-a8a6-0469082c1053", "timestamp": "2026-04-14T14:55:49.465345+05:30"}
{"type": "INSERT", "txn_id": "fc70d5a3-4c25-48e6-a8a6-0469082c1053", "table": "products", "key": "TX_50_38", "before": null, "after": {"product_id": "TX_50_38", "name": "TX38", "stock": 10, "price": 5.0}, "timestamp": "2026-04-14T14:55:49.466515+05:30"}
{"type": "COMMIT", "txn_id": "fc70d5a3-4c25-48e6-a8a6-0469082c1053", "timestamp": "2026-04-14T14:55:49.467465+05:30"}
{"type": "BEGIN", "txn_id": "f0071fdc-395a-4db6-a449-6fbd74ace89e", "timestamp": "2026-04-14T14:55:49.470254+05:30"}
{"type": "INSERT", "txn_id": "f0071fdc-395a-4db6-a449-6fbd74ace89e", "table": "products", "key": "TX_50_39", "before": null, "after": {"product_id": "TX_50_39", "name": "TX39", "stock": 10, "price": 5.0}, "timestamp": "2026-04-14T14:55:49.471303+05:30"}
{"type": "COMMIT", "txn_id": "f0071fdc-395a-4db6-a449-6fbd74ace89e", "timestamp": "2026-04-14T14:55:49.472171+05:30"}
{"type": "BEGIN", "txn_id": "5b75ead1-17d5-4750-8716-381856cc7014", "timestamp": "2026-04-14T14:55:49.474653+05:30"}
{"type": "INSERT", "txn_id": "5b75ead1-17d5-4750-8716-381856cc7014", "table": "products", "key": "TX_50_40", "before": null, "after": {"product_id": "TX_50_40", "name": "TX40", "stock": 10, "price": 5.0}, "timestamp": "2026-04-14T14:55:49.475863+05:30"}
{"type": "COMMIT", "txn_id": "5b75ead1-17d5-4750-8716-381856cc7014", "timestamp": "2026-04-14T14:55:49.477157+05:30"}
{"type": "BEGIN", "txn_id": "e54e69ef-79ef-4493-abef-8b391c3575cb", "timestamp": "2026-04-14T14:55:49.480433+05:30"}
{"type": "INSERT", "txn_id": "e54e69ef-79ef-4493-abef-8b391c3575cb", "table": "products", "key": "TX_50_41", "before": null, "after": {"product_id": "TX_50_41", "name": "TX41", "stock": 10, "price": 5.0}, "timestamp": "2026-04-14T14:55:49.481699+05:30"}
{"type": "COMMIT", "txn_id": "e54e69ef-79ef-4493-abef-8b391c3575cb", "timestamp": "2026-04-14T14:55:49.482786+05:30"}
{"type": "BEGIN", "txn_id": "2e727b04-281d-48c4-aa56-eda0ba042479", "timestamp": "2026-04-14T14:55:49.485764+05:30"}
{"type": "INSERT", "txn_id": "2e727b04-281d-48c4-aa56-eda0ba042479", "table": "products", "key": "TX_50_42", "before": null, "after": {"product_id": "TX_50_42", "name": "TX42", "stock": 10, "price": 5.0}, "timestamp": "2026-04-14T14:55:49.486932+05:30"}
{"type": "COMMIT", "txn_id": "2e727b04-281d-48c4-aa56-eda0ba042479", "timestamp": "2026-04-14T14:55:49.487890+05:30"}
{"type": "BEGIN", "txn_id": "d1876b6f-a56d-463c-806f-016466c5eb6d", "timestamp": "2026-04-14T14:55:49.490650+05:30"}
{"type": "INSERT", "txn_id": "d1876b6f-a56d-463c-806f-016466c5eb6d", "table": "products", "key": "TX_50_43", "before": null, "after": {"product_id": "TX_50_43", "name": "TX43", "stock": 10, "price": 5.0}, "timestamp": "2026-04-14T14:55:49.491974+05:30"}
{"type": "COMMIT", "txn_id": "d1876b6f-a56d-463c-806f-016466c5eb6d", "timestamp": "2026-04-14T14:55:49.493243+05:30"}
{"type": "BEGIN", "txn_id": "39db7131-45b0-4499-a96a-b627cd9fe121", "timestamp": "2026-04-14T14:55:49.496431+05:30"}
{"type": "INSERT", "txn_id": "39db7131-45b0-4499-a96a-b627cd9fe121", "table": "products", "key": "TX_50_44", "before": null, "after": {"product_id": "TX_50_44", "name": "TX44", "stock": 10, "price": 5.0}, "timestamp": "2026-04-14T14:55:49.497656+05:30"}
{"type": "COMMIT", "txn_id": "39db7131-45b0-4499-a96a-b627cd9fe121", "timestamp": "2026-04-14T14:55:49.498816+05:30"}
{"type": "BEGIN", "txn_id": "c9647fb0-ee5c-4967-a335-a91ff49033e7", "timestamp": "2026-04-14T14:55:49.501634+05:30"}
{"type": "INSERT", "txn_id": "c9647fb0-ee5c-4967-a335-a91ff49033e7", "table": "products", "key": "TX_50_45", "before": null, "after": {"product_id": "TX_50_45", "name": "TX45", "stock": 10, "price": 5.0}, "timestamp": "2026-04-14T14:55:49.502739+05:30"}
{"type": "COMMIT", "txn_id": "c9647fb0-ee5c-4967-a335-a91ff49033e7", "timestamp": "2026-04-14T14:55:49.503818+05:30"}
{"type": "BEGIN", "txn_id": "d57e1faa-cd02-447b-b1ad-c256aa146d0e", "timestamp": "2026-04-14T14:55:49.506163+05:30"}
{"type": "INSERT", "txn_id": "d57e1faa-cd02-447b-b1ad-c256aa146d0e", "table": "products", "key": "TX_50_46", "before": null, "after": {"product_id": "TX_50_46", "name": "TX46", "stock": 10, "price": 5.0}, "timestamp": "2026-04-14T14:55:49.507136+05:30"}
{"type": "COMMIT", "txn_id": "d57e1faa-cd02-447b-b1ad-c256aa146d0e", "timestamp": "2026-04-14T14:55:49.508049+05:30"}
{"type": "BEGIN", "txn_id": "ebace4f3-7e73-4aa1-a579-ad0d99b456e1", "timestamp": "2026-04-14T14:55:49.511303+05:30"}
{"type": "INSERT", "txn_id": "ebace4f3-7e73-4aa1-a579-ad0d99b456e1", "table": "products", "key": "TX_50_47", "before": null, "after": {"product_id": "TX_50_47", "name": "TX47", "stock": 10, "price": 5.0}, "timestamp": "2026-04-14T14:55:49.513004+05:30"}
{"type": "COMMIT", "txn_id": "ebace4f3-7e73-4aa1-a579-ad0d99b456e1", "timestamp": "2026-04-14T14:55:49.514252+05:30"}
{"type": "BEGIN", "txn_id": "e0cdc620-82da-4b21-8295-7fe81d216e57", "timestamp": "2026-04-14T14:55:49.516936+05:30"}
{"type": "INSERT", "txn_id": "e0cdc620-82da-4b21-8295-7fe81d216e57", "table": "products", "key": "TX_50_48", "before": null, "after": {"product_id": "TX_50_48", "name": "TX48", "stock": 10, "price": 5.0}, "timestamp": "2026-04-14T14:55:49.518135+05:30"}
{"type": "COMMIT", "txn_id": "e0cdc620-82da-4b21-8295-7fe81d216e57", "timestamp": "2026-04-14T14:55:49.519545+05:30"}
{"type": "BEGIN", "txn_id": "72b9d4a2-c78a-4308-9726-d28708443f56", "timestamp": "2026-04-14T14:55:49.522496+05:30"}
{"type": "INSERT", "txn_id": "72b9d4a2-c78a-4308-9726-d28708443f56", "table": "products", "key": "TX_50_49", "before": null, "after": {"product_id": "TX_50_49", "name": "TX49", "stock": 10, "price": 5.0}, "timestamp": "2026-04-14T14:55:49.523837+05:30"}
{"type": "COMMIT", "txn_id": "72b9d4a2-c78a-4308-9726-d28708443f56", "timestamp": "2026-04-14T14:55:49.524879+05:30"}
{"type": "BEGIN", "txn_id": "39d6be0b-d809-43b4-8c70-3174754dde55", "timestamp": "2026-04-14T14:55:49.530217+05:30"}
{"type": "INSERT", "txn_id": "39d6be0b-d809-43b4-8c70-3174754dde55", "table": "products", "key": "TX_100_0", "before": null, "after": {"product_id": "TX_100_0", "name": "TX0", "stock": 10, "price": 5.0}, "timestamp": "2026-04-14T14:55:49.531487+05:30"}
{"type": "COMMIT", "txn_id": "39d6be0b-d809-43b4-8c70-3174754dde55", "timestamp": "2026-04-14T14:55:49.532504+05:30"}
{"type": "BEGIN", "txn_id": "2f16dc63-bd66-4433-87ef-9afbc2492546", "timestamp": "2026-04-14T14:55:49.535498+05:30"}
{"type": "INSERT", "txn_id": "2f16dc63-bd66-4433-87ef-9afbc2492546", "table": "products", "key": "TX_100_1", "before": null, "after": {"product_id": "TX_100_1", "name": "TX1", "stock": 10, "price": 5.0}, "timestamp": "2026-04-14T14:55:49.536930+05:30"}
{"type": "COMMIT", "txn_id": "2f16dc63-bd66-4433-87ef-9afbc2492546", "timestamp": "2026-04-14T14:55:49.538021+05:30"}
{"type": "BEGIN", "txn_id": "22422f30-538c-4f95-a312-f01fffddefcf", "timestamp": "2026-04-14T14:55:49.540671+05:30"}
{"type": "INSERT", "txn_id": "22422f30-538c-4f95-a312-f01fffddefcf", "table": "products", "key": "TX_100_2", "before": null, "after": {"product_id": "TX_100_2", "name": "TX2", "stock": 10, "price": 5.0}, "timestamp": "2026-04-14T14:55:49.541961+05:30"}
{"type": "COMMIT", "txn_id": "22422f30-538c-4f95-a312-f01fffddefcf", "timestamp": "2026-04-14T14:55:49.543491+05:30"}
{"type": "BEGIN", "txn_id": "1d4b733e-5f73-427e-ac63-f8cecb008b97", "timestamp": "2026-04-14T14:55:49.546853+05:30"}
{"type": "INSERT", "txn_id": "1d4b733e-5f73-427e-ac63-f8cecb008b97", "table": "products", "key": "TX_100_3", "before": null, "after": {"product_id": "TX_100_3", "name": "TX3", "stock": 10, "price": 5.0}, "timestamp": "2026-04-14T14:55:49.548114+05:30"}
{"type": "COMMIT", "txn_id": "1d4b733e-5f73-427e-ac63-f8cecb008b97", "timestamp": "2026-04-14T14:55:49.549200+05:30"}
{"type": "BEGIN", "txn_id": "165338f6-a4ef-47fb-888b-5e720bf46e62", "timestamp": "2026-04-14T14:55:49.552344+05:30"}
{"type": "INSERT", "txn_id": "165338f6-a4ef-47fb-888b-5e720bf46e62", "table": "products", "key": "TX_100_4", "before": null, "after": {"product_id": "TX_100_4", "name": "TX4", "stock": 10, "price": 5.0}, "timestamp": "2026-04-14T14:55:49.553553+05:30"}
{"type": "COMMIT", "txn_id": "165338f6-a4ef-47fb-888b-5e720bf46e62", "timestamp": "2026-04-14T14:55:49.554628+05:30"}
{"type": "BEGIN", "txn_id": "67d9fff6-c5aa-49a4-8f6f-bbe68392cb3b", "timestamp": "2026-04-14T14:55:49.557605+05:30"}
{"type": "INSERT", "txn_id": "67d9fff6-c5aa-49a4-8f6f-bbe68392cb3b", "table": "products", "key": "TX_100_5", "before": null, "after": {"product_id": "TX_100_5", "name": "TX5", "stock": 10, "price": 5.0}, "timestamp": "2026-04-14T14:55:49.558782+05:30"}
{"type": "COMMIT", "txn_id": "67d9fff6-c5aa-49a4-8f6f-bbe68392cb3b", "timestamp": "2026-04-14T14:55:49.560078+05:30"}
{"type": "BEGIN", "txn_id": "b1ec40a6-9ff8-40b9-b556-3369edf9793a", "timestamp": "2026-04-14T14:55:49.563311+05:30"}
{"type": "INSERT", "txn_id": "b1ec40a6-9ff8-40b9-b556-3369edf9793a", "table": "products", "key": "TX_100_6", "before": null, "after": {"product_id": "TX_100_6", "name": "TX6", "stock": 10, "price": 5.0}, "timestamp": "2026-04-14T14:55:49.564661+05:30"}
{"type": "COMMIT", "txn_id": "b1ec40a6-9ff8-40b9-b556-3369edf9793a", "timestamp": "2026-04-14T14:55:49.565681+05:30"}
{"type": "BEGIN", "txn_id": "e7fbf69e-2ef7-477d-b72b-d9e5e5c21a35", "timestamp": "2026-04-14T14:55:49.568761+05:30"}
{"type": "INSERT", "txn_id": "e7fbf69e-2ef7-477d-b72b-d9e5e5c21a35", "table": "products", "key": "TX_100_7", "before": null, "after": {"product_id": "TX_100_7", "name": "TX7", "stock": 10, "price": 5.0}, "timestamp": "2026-04-14T14:55:49.569989+05:30"}
{"type": "COMMIT", "txn_id": "e7fbf69e-2ef7-477d-b72b-d9e5e5c21a35", "timestamp": "2026-04-14T14:55:49.571041+05:30"}
{"type": "BEGIN", "txn_id": "3d929a14-c2b4-4e22-b7d0-11b6a553b48d", "timestamp": "2026-04-14T14:55:49.573570+05:30"}
{"type": "INSERT", "txn_id": "3d929a14-c2b4-4e22-b7d0-11b6a553b48d", "table": "products", "key": "TX_100_8", "before": null, "after": {"product_id": "TX_100_8", "name": "TX8", "stock": 10, "price": 5.0}, "timestamp": "2026-04-14T14:55:49.574726+05:30"}
{"type": "COMMIT", "txn_id": "3d929a14-c2b4-4e22-b7d0-11b6a553b48d", "timestamp": "2026-04-14T14:55:49.575631+05:30"}
{"type": "BEGIN", "txn_id": "6b702394-7775-48f7-a2a5-1c2447956b15", "timestamp": "2026-04-14T14:55:49.579757+05:30"}
{"type": "INSERT", "txn_id": "6b702394-7775-48f7-a2a5-1c2447956b15", "table": "products", "key": "TX_100_9", "before": null, "after": {"product_id": "TX_100_9", "name": "TX9", "stock": 10, "price": 5.0}, "timestamp": "2026-04-14T14:55:49.580994+05:30"}
{"type": "COMMIT", "txn_id": "6b702394-7775-48f7-a2a5-1c2447956b15", "timestamp": "2026-04-14T14:55:49.581968+05:30"}
{"type": "BEGIN", "txn_id": "02b0ac48-c961-4346-96fa-a9475eedd603", "timestamp": "2026-04-14T14:55:49.584854+05:30"}
{"type": "INSERT", "txn_id": "02b0ac48-c961-4346-96fa-a9475eedd603", "table": "products", "key": "TX_100_10", "before": null, "after": {"product_id": "TX_100_10", "name": "TX10", "stock": 10, "price": 5.0}, "timestamp": "2026-04-14T14:55:49.586311+05:30"}
{"type": "COMMIT", "txn_id": "02b0ac48-c961-4346-96fa-a9475eedd603", "timestamp": "2026-04-14T14:55:49.587441+05:30"}
{"type": "BEGIN", "txn_id": "42454503-b004-46b1-90af-914d5d1d2c92", "timestamp": "2026-04-14T14:55:49.590227+05:30"}
{"type": "INSERT", "txn_id": "42454503-b004-46b1-90af-914d5d1d2c92", "table": "products", "key": "TX_100_11", "before": null, "after": {"product_id": "TX_100_11", "name": "TX11", "stock": 10, "price": 5.0}, "timestamp": "2026-04-14T14:55:49.591782+05:30"}
{"type": "COMMIT", "txn_id": "42454503-b004-46b1-90af-914d5d1d2c92", "timestamp": "2026-04-14T14:55:49.594106+05:30"}
{"type": "BEGIN", "txn_id": "3edcb345-c143-4317-88ee-054c942853ca", "timestamp": "2026-04-14T14:55:49.598025+05:30"}
{"type": "INSERT", "txn_id": "3edcb345-c143-4317-88ee-054c942853ca", "table": "products", "key": "TX_100_12", "before": null, "after": {"product_id": "TX_100_12", "name": "TX12", "stock": 10, "price": 5.0}, "timestamp": "2026-04-14T14:55:49.599275+05:30"}
{"type": "COMMIT", "txn_id": "3edcb345-c143-4317-88ee-054c942853ca", "timestamp": "2026-04-14T14:55:49.600473+05:30"}
{"type": "BEGIN", "txn_id": "6a101ead-d059-4fd8-9fb2-9d3569cfdac3", "timestamp": "2026-04-14T14:55:49.603351+05:30"}
{"type": "INSERT", "txn_id": "6a101ead-d059-4fd8-9fb2-9d3569cfdac3", "table": "products", "key": "TX_100_13", "before": null, "after": {"product_id": "TX_100_13", "name": "TX13", "stock": 10, "price": 5.0}, "timestamp": "2026-04-14T14:55:49.604643+05:30"}
{"type": "COMMIT", "txn_id": "6a101ead-d059-4fd8-9fb2-9d3569cfdac3", "timestamp": "2026-04-14T14:55:49.605588+05:30"}
{"type": "BEGIN", "txn_id": "a3302bbe-52c0-4166-9448-f338f11c7dbb", "timestamp": "2026-04-14T14:55:49.608423+05:30"}
{"type": "INSERT", "txn_id": "a3302bbe-52c0-4166-9448-f338f11c7dbb", "table": "products", "key": "TX_100_14", "before": null, "after": {"product_id": "TX_100_14", "name": "TX14", "stock": 10, "price": 5.0}, "timestamp": "2026-04-14T14:55:49.610000+05:30"}
{"type": "COMMIT", "txn_id": "a3302bbe-52c0-4166-9448-f338f11c7dbb", "timestamp": "2026-04-14T14:55:49.611569+05:30"}
{"type": "BEGIN", "txn_id": "39f86ca7-afd9-43c4-b5b6-c5e8a1a6b817", "timestamp": "2026-04-14T14:55:49.614919+05:30"}
{"type": "INSERT", "txn_id": "39f86ca7-afd9-43c4-b5b6-c5e8a1a6b817", "table": "products", "key": "TX_100_15", "before": null, "after": {"product_id": "TX_100_15", "name": "TX15", "stock": 10, "price": 5.0}, "timestamp": "2026-04-14T14:55:49.616176+05:30"}
{"type": "COMMIT", "txn_id": "39f86ca7-afd9-43c4-b5b6-c5e8a1a6b817", "timestamp": "2026-04-14T14:55:49.617184+05:30"}
{"type": "BEGIN", "txn_id": "531895b6-2b20-47bb-b40f-12fd6e6dc7ed", "timestamp": "2026-04-14T14:55:49.622104+05:30"}
{"type": "INSERT", "txn_id": "531895b6-2b20-47bb-b40f-12fd6e6dc7ed", "table": "products", "key": "TX_100_16", "before": null, "after": {"product_id": "TX_100_16", "name": "TX16", "stock": 10, "price": 5.0}, "timestamp": "2026-04-14T14:55:49.623859+05:30"}
{"type": "COMMIT", "txn_id": "531895b6-2b20-47bb-b40f-12fd6e6dc7ed", "timestamp": "2026-04-14T14:55:49.625029+05:30"}
{"type": "BEGIN", "txn_id": "4fd45a6a-319c-4fe7-a9af-7f64215f38f3", "timestamp": "2026-04-14T14:55:49.628433+05:30"}
{"type": "INSERT", "txn_id": "4fd45a6a-319c-4fe7-a9af-7f64215f38f3", "table": "products", "key": "TX_100_17", "before": null, "after": {"product_id": "TX_100_17", "name": "TX17", "stock": 10, "price": 5.0}, "timestamp": "2026-04-14T14:55:49.629960+05:30"}
{"type": "COMMIT", "txn_id": "4fd45a6a-319c-4fe7-a9af-7f64215f38f3", "timestamp": "2026-04-14T14:55:49.630977+05:30"}
{"type": "BEGIN", "txn_id": "f0788afd-e1b4-4da6-a41e-92d3cc2adab2", "timestamp": "2026-04-14T14:55:49.633708+05:30"}
{"type": "INSERT", "txn_id": "f0788afd-e1b4-4da6-a41e-92d3cc2adab2", "table": "products", "key": "TX_100_18", "before": null, "after": {"product_id": "TX_100_18", "name": "TX18", "stock": 10, "price": 5.0}, "timestamp": "2026-04-14T14:55:49.634902+05:30"}
{"type": "COMMIT", "txn_id": "f0788afd-e1b4-4da6-a41e-92d3cc2adab2", "timestamp": "2026-04-14T14:55:49.636073+05:30"}
{"type": "BEGIN", "txn_id": "801b3f63-e8c4-4e6c-9086-34e255832d7b", "timestamp": "2026-04-14T14:55:49.638704+05:30"}
{"type": "INSERT", "txn_id": "801b3f63-e8c4-4e6c-9086-34e255832d7b", "table": "products", "key": "TX_100_19", "before": null, "after": {"product_id": "TX_100_19", "name": "TX19", "stock": 10, "price": 5.0}, "timestamp": "2026-04-14T14:55:49.639891+05:30"}
{"type": "COMMIT", "txn_id": "801b3f63-e8c4-4e6c-9086-34e255832d7b", "timestamp": "2026-04-14T14:55:49.640816+05:30"}
{"type": "BEGIN", "txn_id": "2292105a-77b3-4762-9e6a-454c8a0c8e67", "timestamp": "2026-04-14T14:55:49.644462+05:30"}
{"type": "INSERT", "txn_id": "2292105a-77b3-4762-9e6a-454c8a0c8e67", "table": "products", "key": "TX_100_20", "before": null, "after": {"product_id": "TX_100_20", "name": "TX20", "stock": 10, "price": 5.0}, "timestamp": "2026-04-14T14:55:49.646724+05:30"}
{"type": "COMMIT", "txn_id": "2292105a-77b3-4762-9e6a-454c8a0c8e67", "timestamp": "2026-04-14T14:55:49.647728+05:30"}
{"type": "BEGIN", "txn_id": "9affbdf0-4f77-4daa-b4c1-df6282e553f4", "timestamp": "2026-04-14T14:55:49.650541+05:30"}
{"type": "INSERT", "txn_id": "9affbdf0-4f77-4daa-b4c1-df6282e553f4", "table": "products", "key": "TX_100_21", "before": null, "after": {"product_id": "TX_100_21", "name": "TX21", "stock": 10, "price": 5.0}, "timestamp": "2026-04-14T14:55:49.652135+05:30"}
{"type": "COMMIT", "txn_id": "9affbdf0-4f77-4daa-b4c1-df6282e553f4", "timestamp": "2026-04-14T14:55:49.653388+05:30"}
{"type": "BEGIN", "txn_id": "acc2bb9d-6be7-438a-bfb2-b834956cc04a", "timestamp": "2026-04-14T14:55:49.656523+05:30"}
{"type": "INSERT", "txn_id": "acc2bb9d-6be7-438a-bfb2-b834956cc04a", "table": "products", "key": "TX_100_22", "before": null, "after": {"product_id": "TX_100_22", "name": "TX22", "stock": 10, "price": 5.0}, "timestamp": "2026-04-14T14:55:49.657920+05:30"}
{"type": "COMMIT", "txn_id": "acc2bb9d-6be7-438a-bfb2-b834956cc04a", "timestamp": "2026-04-14T14:55:49.658946+05:30"}
{"type": "BEGIN", "txn_id": "d2fb9bc7-17ab-474d-8bd1-e6880b988cde", "timestamp": "2026-04-14T14:55:49.661981+05:30"}
{"type": "INSERT", "txn_id": "d2fb9bc7-17ab-474d-8bd1-e6880b988cde", "table": "products", "key": "TX_100_23", "before": null, "after": {"product_id": "TX_100_23", "name": "TX23", "stock": 10, "price": 5.0}, "timestamp": "2026-04-14T14:55:49.663579+05:30"}
{"type": "COMMIT", "txn_id": "d2fb9bc7-17ab-474d-8bd1-e6880b988cde", "timestamp": "2026-04-14T14:55:49.664801+05:30"}
{"type": "BEGIN", "txn_id": "989ab291-379c-49f3-b457-b4f2f420860b", "timestamp": "2026-04-14T14:55:49.667755+05:30"}
{"type": "INSERT", "txn_id": "989ab291-379c-49f3-b457-b4f2f420860b", "table": "products", "key": "TX_100_24", "before": null, "after": {"product_id": "TX_100_24", "name": "TX24", "stock": 10, "price": 5.0}, "timestamp": "2026-04-14T14:55:49.669316+05:30"}
{"type": "COMMIT", "txn_id": "989ab291-379c-49f3-b457-b4f2f420860b", "timestamp": "2026-04-14T14:55:49.670388+05:30"}
{"type": "BEGIN", "txn_id": "d4466c33-4d69-4bf2-847f-c4e4c21844f6", "timestamp": "2026-04-14T14:55:49.673171+05:30"}
{"type": "INSERT", "txn_id": "d4466c33-4d69-4bf2-847f-c4e4c21844f6", "table": "products", "key": "TX_100_25", "before": null, "after": {"product_id": "TX_100_25", "name": "TX25", "stock": 10, "price": 5.0}, "timestamp": "2026-04-14T14:55:49.674386+05:30"}
{"type": "COMMIT", "txn_id": "d4466c33-4d69-4bf2-847f-c4e4c21844f6", "timestamp": "2026-04-14T14:55:49.675336+05:30"}
{"type": "BEGIN", "txn_id": "332c5045-9fa5-41f0-a25d-fecbc2185062", "timestamp": "2026-04-14T14:55:49.679289+05:30"}
{"type": "INSERT", "txn_id": "332c5045-9fa5-41f0-a25d-fecbc2185062", "table": "products", "key": "TX_100_26", "before": null, "after": {"product_id": "TX_100_26", "name": "TX26", "stock": 10, "price": 5.0}, "timestamp": "2026-04-14T14:55:49.680537+05:30"}
{"type": "COMMIT", "txn_id": "332c5045-9fa5-41f0-a25d-fecbc2185062", "timestamp": "2026-04-14T14:55:49.681583+05:30"}
{"type": "BEGIN", "txn_id": "51fc2ab0-7db5-4add-9ec8-3308572613f5", "timestamp": "2026-04-14T14:55:49.684319+05:30"}
{"type": "INSERT", "txn_id": "51fc2ab0-7db5-4add-9ec8-3308572613f5", "table": "products", "key": "TX_100_27", "before": null, "after": {"product_id": "TX_100_27", "name": "TX27", "stock": 10, "price": 5.0}, "timestamp": "2026-04-14T14:55:49.685683+05:30"}
{"type": "COMMIT", "txn_id": "51fc2ab0-7db5-4add-9ec8-3308572613f5", "timestamp": "2026-04-14T14:55:49.686990+05:30"}
{"type": "BEGIN", "txn_id": "5ff927a4-b329-4b2d-ba92-334f3be96f7e", "timestamp": "2026-04-14T14:55:49.689753+05:30"}
{"type": "INSERT", "txn_id": "5ff927a4-b329-4b2d-ba92-334f3be96f7e", "table": "products", "key": "TX_100_28", "before": null, "after": {"product_id": "TX_100_28", "name": "TX28", "stock": 10, "price": 5.0}, "timestamp": "2026-04-14T14:55:49.690943+05:30"}
{"type": "COMMIT", "txn_id": "5ff927a4-b329-4b2d-ba92-334f3be96f7e", "timestamp": "2026-04-14T14:55:49.691888+05:30"}
{"type": "BEGIN", "txn_id": "d1c0f3ad-1d12-4e5b-b194-2e696f323aa2", "timestamp": "2026-04-14T14:55:49.695725+05:30"}
{"type": "INSERT", "txn_id": "d1c0f3ad-1d12-4e5b-b194-2e696f323aa2", "table": "products", "key": "TX_100_29", "before": null, "after": {"product_id": "TX_100_29", "name": "TX29", "stock": 10, "price": 5.0}, "timestamp": "2026-04-14T14:55:49.697122+05:30"}
{"type": "COMMIT", "txn_id": "d1c0f3ad-1d12-4e5b-b194-2e696f323aa2", "timestamp": "2026-04-14T14:55:49.698206+05:30"}
{"type": "BEGIN", "txn_id": "1bae547f-1ead-43a9-8465-7dece6a7c7e2", "timestamp": "2026-04-14T14:55:49.701596+05:30"}
{"type": "INSERT", "txn_id": "1bae547f-1ead-43a9-8465-7dece6a7c7e2", "table": "products", "key": "TX_100_30", "before": null, "after": {"product_id": "TX_100_30", "name": "TX30", "stock": 10, "price": 5.0}, "timestamp": "2026-04-14T14:55:49.703078+05:30"}
{"type": "COMMIT", "txn_id": "1bae547f-1ead-43a9-8465-7dece6a7c7e2", "timestamp": "2026-04-14T14:55:49.704214+05:30"}
{"type": "BEGIN", "txn_id": "406267ab-69cc-441f-b1bd-c6133eebe25f", "timestamp": "2026-04-14T14:55:49.707516+05:30"}
{"type": "INSERT", "txn_id": "406267ab-69cc-441f-b1bd-c6133eebe25f", "table": "products", "key": "TX_100_31", "before": null, "after": {"product_id": "TX_100_31", "name": "TX31", "stock": 10, "price": 5.0}, "timestamp": "2026-04-14T14:55:49.708955+05:30"}
{"type": "COMMIT", "txn_id": "406267ab-69cc-441f-b1bd-c6133eebe25f", "timestamp": "2026-04-14T14:55:49.710176+05:30"}
{"type": "BEGIN", "txn_id": "0ccb52db-026c-443c-a8da-04b756c399d2", "timestamp": "2026-04-14T14:55:49.713560+05:30"}
{"type": "INSERT", "txn_id": "0ccb52db-026c-443c-a8da-04b756c399d2", "table": "products", "key": "TX_100_32", "before": null, "after": {"product_id": "TX_100_32", "name": "TX32", "stock": 10, "price": 5.0}, "timestamp": "2026-04-14T14:55:49.715001+05:30"}
{"type": "COMMIT", "txn_id": "0ccb52db-026c-443c-a8da-04b756c399d2", "timestamp": "2026-04-14T14:55:49.716074+05:30"}
{"type": "BEGIN", "txn_id": "11afc3b3-4fa4-4eb6-b252-73ef1367e7f4", "timestamp": "2026-04-14T14:55:49.718848+05:30"}
{"type": "INSERT", "txn_id": "11afc3b3-4fa4-4eb6-b252-73ef1367e7f4", "table": "products", "key": "TX_100_33", "before": null, "after": {"product_id": "TX_100_33", "name": "TX33", "stock": 10, "price": 5.0}, "timestamp": "2026-04-14T14:55:49.720108+05:30"}
{"type": "COMMIT", "txn_id": "11afc3b3-4fa4-4eb6-b252-73ef1367e7f4", "timestamp": "2026-04-14T14:55:49.721105+05:30"}
{"type": "BEGIN", "txn_id": "aa529248-7f6b-4cff-ae09-6c227866fd51", "timestamp": "2026-04-14T14:55:49.723906+05:30"}
{"type": "INSERT", "txn_id": "aa529248-7f6b-4cff-ae09-6c227866fd51", "table": "products", "key": "TX_100_34", "before": null, "after": {"product_id": "TX_100_34", "name": "TX34", "stock": 10, "price": 5.0}, "timestamp": "2026-04-14T14:55:49.725105+05:30"}
{"type": "COMMIT", "txn_id": "aa529248-7f6b-4cff-ae09-6c227866fd51", "timestamp": "2026-04-14T14:55:49.726586+05:30"}
{"type": "BEGIN", "txn_id": "b443ece8-50cc-4a0f-9bb7-bbb444b9ed86", "timestamp": "2026-04-14T14:55:49.730230+05:30"}
{"type": "INSERT", "txn_id": "b443ece8-50cc-4a0f-9bb7-bbb444b9ed86", "table": "products", "key": "TX_100_35", "before": null, "after": {"product_id": "TX_100_35", "name": "TX35", "stock": 10, "price": 5.0}, "timestamp": "2026-04-14T14:55:49.731540+05:30"}
{"type": "COMMIT", "txn_id": "b443ece8-50cc-4a0f-9bb7-bbb444b9ed86", "timestamp": "2026-04-14T14:55:49.732576+05:30"}
{"type": "BEGIN", "txn_id": "facff958-aa11-4ef9-a0a9-fe74de05a055", "timestamp": "2026-04-14T14:55:49.735753+05:30"}
{"type": "INSERT", "txn_id": "facff958-aa11-4ef9-a0a9-fe74de05a055", "table": "products", "key": "TX_100_36", "before": null, "after": {"product_id": "TX_100_36", "name": "TX36", "stock": 10, "price": 5.0}, "timestamp": "2026-04-14T14:55:49.737148+05:30"}
{"type": "COMMIT", "txn_id": "facff958-aa11-4ef9-a0a9-fe74de05a055", "timestamp": "2026-04-14T14:55:49.738168+05:30"}
{"type": "BEGIN", "txn_id": "5039fb94-b65b-4274-909f-63d4fadf5d21", "timestamp": "2026-04-14T14:55:49.740894+05:30"}
{"type": "INSERT", "txn_id": "5039fb94-b65b-4274-909f-63d4fadf5d21", "table": "products", "key": "TX_100_37", "before": null, "after": {"product_id": "TX_100_37", "name": "TX37", "stock": 10, "price": 5.0}, "timestamp": "2026-04-14T14:55:49.742156+05:30"}
{"type": "COMMIT", "txn_id": "5039fb94-b65b-4274-909f-63d4fadf5d21", "timestamp": "2026-04-14T14:55:49.744165+05:30"}
{"type": "BEGIN", "txn_id": "dfffc6c0-d33e-4b97-99f4-2e983201839f", "timestamp": "2026-04-14T14:55:49.747619+05:30"}
{"type": "INSERT", "txn_id": "dfffc6c0-d33e-4b97-99f4-2e983201839f", "table": "products", "key": "TX_100_38", "before": null, "after": {"product_id": "TX_100_38", "name": "TX38", "stock": 10, "price": 5.0}, "timestamp": "2026-04-14T14:55:49.748858+05:30"}
{"type": "COMMIT", "txn_id": "dfffc6c0-d33e-4b97-99f4-2e983201839f", "timestamp": "2026-04-14T14:55:49.749781+05:30"}
{"type": "BEGIN", "txn_id": "6379ba01-ddd8-40de-826a-98c92c21a541", "timestamp": "2026-04-14T14:55:49.752935+05:30"}
{"type": "INSERT", "txn_id": "6379ba01-ddd8-40de-826a-98c92c21a541", "table": "products", "key": "TX_100_39", "before": null, "after": {"product_id": "TX_100_39", "name": "TX39", "stock": 10, "price": 5.0}, "timestamp": "2026-04-14T14:55:49.754112+05:30"}
{"type": "COMMIT", "txn_id": "6379ba01-ddd8-40de-826a-98c92c21a541", "timestamp": "2026-04-14T14:55:49.755157+05:30"}
{"type": "BEGIN", "txn_id": "7c76dc3c-d21a-4219-8ada-f825a09b22ec", "timestamp": "2026-04-14T14:55:49.758092+05:30"}
{"type": "INSERT", "txn_id": "7c76dc3c-d21a-4219-8ada-f825a09b22ec", "table": "products", "key": "TX_100_40", "before": null, "after": {"product_id": "TX_100_40", "name": "TX40", "stock": 10, "price": 5.0}, "timestamp": "2026-04-14T14:55:49.759726+05:30"}
{"type": "COMMIT", "txn_id": "7c76dc3c-d21a-4219-8ada-f825a09b22ec", "timestamp": "2026-04-14T14:55:49.761186+05:30"}
{"type": "BEGIN", "txn_id": "cbbb6590-a297-4529-83a1-75696322405d", "timestamp": "2026-04-14T14:55:49.764402+05:30"}
{"type": "INSERT", "txn_id": "cbbb6590-a297-4529-83a1-75696322405d", "table": "products", "key": "TX_100_41", "before": null, "after": {"product_id": "TX_100_41", "name": "TX41", "stock": 10, "price": 5.0}, "timestamp": "2026-04-14T14:55:49.765997+05:30"}
{"type": "COMMIT", "txn_id": "cbbb6590-a297-4529-83a1-75696322405d", "timestamp": "2026-04-14T14:55:49.767015+05:30"}
{"type": "BEGIN", "txn_id": "607aa455-3caa-4a3d-8d38-5a173cdb51ca", "timestamp": "2026-04-14T14:55:49.770345+05:30"}
{"type": "INSERT", "txn_id": "607aa455-3caa-4a3d-8d38-5a173cdb51ca", "table": "products", "key": "TX_100_42", "before": null, "after": {"product_id": "TX_100_42", "name": "TX42", "stock": 10, "price": 5.0}, "timestamp": "2026-04-14T14:55:49.771860+05:30"}
{"type": "COMMIT", "txn_id": "607aa455-3caa-4a3d-8d38-5a173cdb51ca", "timestamp": "2026-04-14T14:55:49.773006+05:30"}
{"type": "BEGIN", "txn_id": "fe4f99ff-997d-4a55-a6bd-ea09355da9df", "timestamp": "2026-04-14T14:55:49.775619+05:30"}
{"type": "INSERT", "txn_id": "fe4f99ff-997d-4a55-a6bd-ea09355da9df", "table": "products", "key": "TX_100_43", "before": null, "after": {"product_id": "TX_100_43", "name": "TX43", "stock": 10, "price": 5.0}, "timestamp": "2026-04-14T14:55:49.777768+05:30"}
{"type": "COMMIT", "txn_id": "fe4f99ff-997d-4a55-a6bd-ea09355da9df", "timestamp": "2026-04-14T14:55:49.779150+05:30"}
{"type": "BEGIN", "txn_id": "a06d7fd4-dd94-4c87-a5dc-125ca5850ff4", "timestamp": "2026-04-14T14:55:49.782085+05:30"}
{"type": "INSERT", "txn_id": "a06d7fd4-dd94-4c87-a5dc-125ca5850ff4", "table": "products", "key": "TX_100_44", "before": null, "after": {"product_id": "TX_100_44", "name": "TX44", "stock": 10, "price": 5.0}, "timestamp": "2026-04-14T14:55:49.783305+05:30"}
{"type": "COMMIT", "txn_id": "a06d7fd4-dd94-4c87-a5dc-125ca5850ff4", "timestamp": "2026-04-14T14:55:49.784616+05:30"}
{"type": "BEGIN", "txn_id": "d826cc7c-751e-49b3-8fc7-1d993005147b", "timestamp": "2026-04-14T14:55:49.788797+05:30"}
{"type": "INSERT", "txn_id": "d826cc7c-751e-49b3-8fc7-1d993005147b", "table": "products", "key": "TX_100_45", "before": null, "after": {"product_id": "TX_100_45", "name": "TX45", "stock": 10, "price": 5.0}, "timestamp": "2026-04-14T14:55:49.790115+05:30"}
{"type": "COMMIT", "txn_id": "d826cc7c-751e-49b3-8fc7-1d993005147b", "timestamp": "2026-04-14T14:55:49.791126+05:30"}
{"type": "BEGIN", "txn_id": "e45e4609-df7f-412d-aaf6-12278d4b9c2a", "timestamp": "2026-04-14T14:55:49.794836+05:30"}
{"type": "INSERT", "txn_id": "e45e4609-df7f-412d-aaf6-12278d4b9c2a", "table": "products", "key": "TX_100_46", "before": null, "after": {"product_id": "TX_100_46", "name": "TX46", "stock": 10, "price": 5.0}, "timestamp": "2026-04-14T14:55:49.796271+05:30"}
{"type": "COMMIT", "txn_id": "e45e4609-df7f-412d-aaf6-12278d4b9c2a", "timestamp": "2026-04-14T14:55:49.797268+05:30"}
{"type": "BEGIN", "txn_id": "51a7d943-e9dd-44a6-ba86-fe18c60ffddf", "timestamp": "2026-04-14T14:55:49.800056+05:30"}
{"type": "INSERT", "txn_id": "51a7d943-e9dd-44a6-ba86-fe18c60ffddf", "table": "products", "key": "TX_100_47", "before": null, "after": {"product_id": "TX_100_47", "name": "TX47", "stock": 10, "price": 5.0}, "timestamp": "2026-04-14T14:55:49.801926+05:30"}
{"type": "COMMIT", "txn_id": "51a7d943-e9dd-44a6-ba86-fe18c60ffddf", "timestamp": "2026-04-14T14:55:49.802971+05:30"}
{"type": "BEGIN", "txn_id": "ab085a1e-965e-4387-b210-c79db04c71b5", "timestamp": "2026-04-14T14:55:49.805586+05:30"}
{"type": "INSERT", "txn_id": "ab085a1e-965e-4387-b210-c79db04c71b5", "table": "products", "key": "TX_100_48", "before": null, "after": {"product_id": "TX_100_48", "name": "TX48", "stock": 10, "price": 5.0}, "timestamp": "2026-04-14T14:55:49.806953+05:30"}
{"type": "COMMIT", "txn_id": "ab085a1e-965e-4387-b210-c79db04c71b5", "timestamp": "2026-04-14T14:55:49.808157+05:30"}
{"type": "BEGIN", "txn_id": "8e1cf05d-9333-48e0-ba11-ca065821a84f", "timestamp": "2026-04-14T14:55:49.812208+05:30"}
{"type": "INSERT", "txn_id": "8e1cf05d-9333-48e0-ba11-ca065821a84f", "table": "products", "key": "TX_100_49", "before": null, "after": {"product_id": "TX_100_49", "name": "TX49", "stock": 10, "price": 5.0}, "timestamp": "2026-04-14T14:55:49.813618+05:30"}
{"type": "COMMIT", "txn_id": "8e1cf05d-9333-48e0-ba11-ca065821a84f", "timestamp": "2026-04-14T14:55:49.814828+05:30"}
{"type": "BEGIN", "txn_id": "0ea74cad-b54d-4376-a0a5-c6f083ec5aab", "timestamp": "2026-04-14T14:55:49.817888+05:30"}
{"type": "INSERT", "txn_id": "0ea74cad-b54d-4376-a0a5-c6f083ec5aab", "table": "products", "key": "TX_100_50", "before": null, "after": {"product_id": "TX_100_50", "name": "TX50", "stock": 10, "price": 5.0}, "timestamp": "2026-04-14T14:55:49.819229+05:30"}
{"type": "COMMIT", "txn_id": "0ea74cad-b54d-4376-a0a5-c6f083ec5aab", "timestamp": "2026-04-14T14:55:49.820250+05:30"}
{"type": "BEGIN", "txn_id": "14ee4709-b7eb-4363-931c-fb6fe60f52de", "timestamp": "2026-04-14T14:55:49.823145+05:30"}
{"type": "INSERT", "txn_id": "14ee4709-b7eb-4363-931c-fb6fe60f52de", "table": "products", "key": "TX_100_51", "before": null, "after": {"product_id": "TX_100_51", "name": "TX51", "stock": 10, "price": 5.0}, "timestamp": "2026-04-14T14:55:49.824269+05:30"}
{"type": "COMMIT", "txn_id": "14ee4709-b7eb-4363-931c-fb6fe60f52de", "timestamp": "2026-04-14T14:55:49.825234+05:30"}
{"type": "BEGIN", "txn_id": "95b3afaa-0648-4970-9549-9f5e2f7cef24", "timestamp": "2026-04-14T14:55:49.830753+05:30"}
{"type": "INSERT", "txn_id": "95b3afaa-0648-4970-9549-9f5e2f7cef24", "table": "products", "key": "TX_100_52", "before": null, "after": {"product_id": "TX_100_52", "name": "TX52", "stock": 10, "price": 5.0}, "timestamp": "2026-04-14T14:55:49.832399+05:30"}
{"type": "COMMIT", "txn_id": "95b3afaa-0648-4970-9549-9f5e2f7cef24", "timestamp": "2026-04-14T14:55:49.833472+05:30"}
{"type": "BEGIN", "txn_id": "831904d1-99e0-455c-8cc2-99f6674b962e", "timestamp": "2026-04-14T14:55:49.836628+05:30"}
{"type": "INSERT", "txn_id": "831904d1-99e0-455c-8cc2-99f6674b962e", "table": "products", "key": "TX_100_53", "before": null, "after": {"product_id": "TX_100_53", "name": "TX53", "stock": 10, "price": 5.0}, "timestamp": "2026-04-14T14:55:49.838034+05:30"}
{"type": "COMMIT", "txn_id": "831904d1-99e0-455c-8cc2-99f6674b962e", "timestamp": "2026-04-14T14:55:49.839085+05:30"}
{"type": "BEGIN", "txn_id": "1388346f-dca6-4872-b1ad-c817117a452f", "timestamp": "2026-04-14T14:55:49.841891+05:30"}
{"type": "INSERT", "txn_id": "1388346f-dca6-4872-b1ad-c817117a452f", "table": "products", "key": "TX_100_54", "before": null, "after": {"product_id": "TX_100_54", "name": "TX54", "stock": 10, "price": 5.0}, "timestamp": "2026-04-14T14:55:49.844868+05:30"}
{"type": "COMMIT", "txn_id": "1388346f-dca6-4872-b1ad-c817117a452f", "timestamp": "2026-04-14T14:55:49.846268+05:30"}
{"type": "BEGIN", "txn_id": "c406b870-1802-4127-a6ae-8429ebd45812", "timestamp": "2026-04-14T14:55:49.849373+05:30"}
{"type": "INSERT", "txn_id": "c406b870-1802-4127-a6ae-8429ebd45812", "table": "products", "key": "TX_100_55", "before": null, "after": {"product_id": "TX_100_55", "name": "TX55", "stock": 10, "price": 5.0}, "timestamp": "2026-04-14T14:55:49.850854+05:30"}
{"type": "COMMIT", "txn_id": "c406b870-1802-4127-a6ae-8429ebd45812", "timestamp": "2026-04-14T14:55:49.851787+05:30"}
{"type": "BEGIN", "txn_id": "45d71725-93b8-4816-be68-222386c9d3fd", "timestamp": "2026-04-14T14:55:49.854373+05:30"}
{"type": "INSERT", "txn_id": "45d71725-93b8-4816-be68-222386c9d3fd", "table": "products", "key": "TX_100_56", "before": null, "after": {"product_id": "TX_100_56", "name": "TX56", "stock": 10, "price": 5.0}, "timestamp": "2026-04-14T14:55:49.855584+05:30"}
{"type": "COMMIT", "txn_id": "45d71725-93b8-4816-be68-222386c9d3fd", "timestamp": "2026-04-14T14:55:49.856478+05:30"}
{"type": "BEGIN", "txn_id": "ae0d2805-5beb-4a95-b55e-b95fb57e1173", "timestamp": "2026-04-14T14:55:49.860938+05:30"}
{"type": "INSERT", "txn_id": "ae0d2805-5beb-4a95-b55e-b95fb57e1173", "table": "products", "key": "TX_100_57", "before": null, "after": {"product_id": "TX_100_57", "name": "TX57", "stock": 10, "price": 5.0}, "timestamp": "2026-04-14T14:55:49.862506+05:30"}
{"type": "COMMIT", "txn_id": "ae0d2805-5beb-4a95-b55e-b95fb57e1173", "timestamp": "2026-04-14T14:55:49.863527+05:30"}
{"type": "BEGIN", "txn_id": "613450f8-a85b-4063-9cd6-52bdef2f4fd5", "timestamp": "2026-04-14T14:55:49.866331+05:30"}
{"type": "INSERT", "txn_id": "613450f8-a85b-4063-9cd6-52bdef2f4fd5", "table": "products", "key": "TX_100_58", "before": null, "after": {"product_id": "TX_100_58", "name": "TX58", "stock": 10, "price": 5.0}, "timestamp": "2026-04-14T14:55:49.867489+05:30"}
{"type": "COMMIT", "txn_id": "613450f8-a85b-4063-9cd6-52bdef2f4fd5", "timestamp": "2026-04-14T14:55:49.868694+05:30"}
{"type": "BEGIN", "txn_id": "c0ef09d8-0812-4b2c-95b7-55c1996f2552", "timestamp": "2026-04-14T14:55:49.871702+05:30"}
{"type": "INSERT", "txn_id": "c0ef09d8-0812-4b2c-95b7-55c1996f2552", "table": "products", "key": "TX_100_59", "before": null, "after": {"product_id": "TX_100_59", "name": "TX59", "stock": 10, "price": 5.0}, "timestamp": "2026-04-14T14:55:49.873042+05:30"}
{"type": "COMMIT", "txn_id": "c0ef09d8-0812-4b2c-95b7-55c1996f2552", "timestamp": "2026-04-14T14:55:49.874092+05:30"}
{"type": "BEGIN", "txn_id": "cfc024f9-e263-4ee7-a8b5-cc849fb2ab75", "timestamp": "2026-04-14T14:55:49.877366+05:30"}
{"type": "INSERT", "txn_id": "cfc024f9-e263-4ee7-a8b5-cc849fb2ab75", "table": "products", "key": "TX_100_60", "before": null, "after": {"product_id": "TX_100_60", "name": "TX60", "stock": 10, "price": 5.0}, "timestamp": "2026-04-14T14:55:49.879436+05:30"}
{"type": "COMMIT", "txn_id": "cfc024f9-e263-4ee7-a8b5-cc849fb2ab75", "timestamp": "2026-04-14T14:55:49.880777+05:30"}
{"type": "BEGIN", "txn_id": "cf3595a6-7c53-46d7-b245-5d7465f0f056", "timestamp": "2026-04-14T14:55:49.883476+05:30"}
{"type": "INSERT", "txn_id": "cf3595a6-7c53-46d7-b245-5d7465f0f056", "table": "products", "key": "TX_100_61", "before": null, "after": {"product_id": "TX_100_61", "name": "TX61", "stock": 10, "price": 5.0}, "timestamp": "2026-04-14T14:55:49.884667+05:30"}
{"type": "COMMIT", "txn_id": "cf3595a6-7c53-46d7-b245-5d7465f0f056", "timestamp": "2026-04-14T14:55:49.885746+05:30"}
{"type": "BEGIN", "txn_id": "4593cfa6-b845-45d5-991e-c7c2cf3e9895", "timestamp": "2026-04-14T14:55:49.888514+05:30"}
{"type": "INSERT", "txn_id": "4593cfa6-b845-45d5-991e-c7c2cf3e9895", "table": "products", "key": "TX_100_62", "before": null, "after": {"product_id": "TX_100_62", "name": "TX62", "stock": 10, "price": 5.0}, "timestamp": "2026-04-14T14:55:49.889744+05:30"}
{"type": "COMMIT", "txn_id": "4593cfa6-b845-45d5-991e-c7c2cf3e9895", "timestamp": "2026-04-14T14:55:49.890695+05:30"}
{"type": "BEGIN", "txn_id": "57a66df8-60e2-4dcf-8651-ad6378fa9455", "timestamp": "2026-04-14T14:55:49.894344+05:30"}
{"type": "INSERT", "txn_id": "57a66df8-60e2-4dcf-8651-ad6378fa9455", "table": "products", "key": "TX_100_63", "before": null, "after": {"product_id": "TX_100_63", "name": "TX63", "stock": 10, "price": 5.0}, "timestamp": "2026-04-14T14:55:49.895937+05:30"}
{"type": "COMMIT", "txn_id": "57a66df8-60e2-4dcf-8651-ad6378fa9455", "timestamp": "2026-04-14T14:55:49.896913+05:30"}
{"type": "BEGIN", "txn_id": "7f05c73b-8d0f-45a1-bfb9-2d770fc6c462", "timestamp": "2026-04-14T14:55:49.899481+05:30"}
{"type": "INSERT", "txn_id": "7f05c73b-8d0f-45a1-bfb9-2d770fc6c462", "table": "products", "key": "TX_100_64", "before": null, "after": {"product_id": "TX_100_64", "name": "TX64", "stock": 10, "price": 5.0}, "timestamp": "2026-04-14T14:55:49.900645+05:30"}
{"type": "COMMIT", "txn_id": "7f05c73b-8d0f-45a1-bfb9-2d770fc6c462", "timestamp": "2026-04-14T14:55:49.901666+05:30"}
{"type": "BEGIN", "txn_id": "c827a4c7-49dd-4b04-aa03-7a0e1494eeb6", "timestamp": "2026-04-14T14:55:49.904423+05:30"}
{"type": "INSERT", "txn_id": "c827a4c7-49dd-4b04-aa03-7a0e1494eeb6", "table": "products", "key": "TX_100_65", "before": null, "after": {"product_id": "TX_100_65", "name": "TX65", "stock": 10, "price": 5.0}, "timestamp": "2026-04-14T14:55:49.905651+05:30"}
{"type": "COMMIT", "txn_id": "c827a4c7-49dd-4b04-aa03-7a0e1494eeb6", "timestamp": "2026-04-14T14:55:49.906669+05:30"}
{"type": "BEGIN", "txn_id": "be711e1c-ce36-4504-93dc-f0f119306472", "timestamp": "2026-04-14T14:55:49.910905+05:30"}
{"type": "INSERT", "txn_id": "be711e1c-ce36-4504-93dc-f0f119306472", "table": "products", "key": "TX_100_66", "before": null, "after": {"product_id": "TX_100_66", "name": "TX66", "stock": 10, "price": 5.0}, "timestamp": "2026-04-14T14:55:49.912498+05:30"}
{"type": "COMMIT", "txn_id": "be711e1c-ce36-4504-93dc-f0f119306472", "timestamp": "2026-04-14T14:55:49.913732+05:30"}
{"type": "BEGIN", "txn_id": "71fbfd0d-2199-44ef-bbbf-adccb967621a", "timestamp": "2026-04-14T14:55:49.916723+05:30"}
{"type": "INSERT", "txn_id": "71fbfd0d-2199-44ef-bbbf-adccb967621a", "table": "products", "key": "TX_100_67", "before": null, "after": {"product_id": "TX_100_67", "name": "TX67", "stock": 10, "price": 5.0}, "timestamp": "2026-04-14T14:55:49.918445+05:30"}
{"type": "COMMIT", "txn_id": "71fbfd0d-2199-44ef-bbbf-adccb967621a", "timestamp": "2026-04-14T14:55:49.919599+05:30"}
{"type": "BEGIN", "txn_id": "1631d217-fcd4-43cb-9548-fdfb64651370", "timestamp": "2026-04-14T14:55:49.922458+05:30"}
{"type": "INSERT", "txn_id": "1631d217-fcd4-43cb-9548-fdfb64651370", "table": "products", "key": "TX_100_68", "before": null, "after": {"product_id": "TX_100_68", "name": "TX68", "stock": 10, "price": 5.0}, "timestamp": "2026-04-14T14:55:49.923744+05:30"}
{"type": "COMMIT", "txn_id": "1631d217-fcd4-43cb-9548-fdfb64651370", "timestamp": "2026-04-14T14:55:49.924763+05:30"}
{"type": "BEGIN", "txn_id": "7559407f-5422-40e1-9b25-a4982663a393", "timestamp": "2026-04-14T14:55:49.928792+05:30"}
{"type": "INSERT", "txn_id": "7559407f-5422-40e1-9b25-a4982663a393", "table": "products", "key": "TX_100_69", "before": null, "after": {"product_id": "TX_100_69", "name": "TX69", "stock": 10, "price": 5.0}, "timestamp": "2026-04-14T14:55:49.930488+05:30"}
{"type": "COMMIT", "txn_id": "7559407f-5422-40e1-9b25-a4982663a393", "timestamp": "2026-04-14T14:55:49.931598+05:30"}
{"type": "BEGIN", "txn_id": "3241cac1-9f3f-4e6f-a057-873eecfde8b3", "timestamp": "2026-04-14T14:55:49.934256+05:30"}
{"type": "INSERT", "txn_id": "3241cac1-9f3f-4e6f-a057-873eecfde8b3", "table": "products", "key": "TX_100_70", "before": null, "after": {"product_id": "TX_100_70", "name": "TX70", "stock": 10, "price": 5.0}, "timestamp": "2026-04-14T14:55:49.935541+05:30"}
{"type": "COMMIT", "txn_id": "3241cac1-9f3f-4e6f-a057-873eecfde8b3", "timestamp": "2026-04-14T14:55:49.936477+05:30"}
{"type": "BEGIN", "txn_id": "770fe2d3-f0ba-4e02-98b6-36afeeb1cb09", "timestamp": "2026-04-14T14:55:49.939261+05:30"}
{"type": "INSERT", "txn_id": "770fe2d3-f0ba-4e02-98b6-36afeeb1cb09", "table": "products", "key": "TX_100_71", "before": null, "after": {"product_id": "TX_100_71", "name": "TX71", "stock": 10, "price": 5.0}, "timestamp": "2026-04-14T14:55:49.940506+05:30"}
{"type": "COMMIT", "txn_id": "770fe2d3-f0ba-4e02-98b6-36afeeb1cb09", "timestamp": "2026-04-14T14:55:49.941597+05:30"}
{"type": "BEGIN", "txn_id": "2a0a50f4-443a-4138-a41a-c3c8cd1eb0d8", "timestamp": "2026-04-14T14:55:49.945317+05:30"}
{"type": "INSERT", "txn_id": "2a0a50f4-443a-4138-a41a-c3c8cd1eb0d8", "table": "products", "key": "TX_100_72", "before": null, "after": {"product_id": "TX_100_72", "name": "TX72", "stock": 10, "price": 5.0}, "timestamp": "2026-04-14T14:55:49.946540+05:30"}
{"type": "COMMIT", "txn_id": "2a0a50f4-443a-4138-a41a-c3c8cd1eb0d8", "timestamp": "2026-04-14T14:55:49.947450+05:30"}
{"type": "BEGIN", "txn_id": "c6f006de-afbc-4099-9712-3aebf622d7b4", "timestamp": "2026-04-14T14:55:49.950136+05:30"}
{"type": "INSERT", "txn_id": "c6f006de-afbc-4099-9712-3aebf622d7b4", "table": "products", "key": "TX_100_73", "before": null, "after": {"product_id": "TX_100_73", "name": "TX73", "stock": 10, "price": 5.0}, "timestamp": "2026-04-14T14:55:49.951354+05:30"}
{"type": "COMMIT", "txn_id": "c6f006de-afbc-4099-9712-3aebf622d7b4", "timestamp": "2026-04-14T14:55:49.952278+05:30"}
{"type": "BEGIN", "txn_id": "80c2dc11-ab7b-40da-a91c-bad0dfea71c6", "timestamp": "2026-04-14T14:55:49.954903+05:30"}
{"type": "INSERT", "txn_id": "80c2dc11-ab7b-40da-a91c-bad0dfea71c6", "table": "products", "key": "TX_100_74", "before": null, "after": {"product_id": "TX_100_74", "name": "TX74", "stock": 10, "price": 5.0}, "timestamp": "2026-04-14T14:55:49.956097+05:30"}
{"type": "COMMIT", "txn_id": "80c2dc11-ab7b-40da-a91c-bad0dfea71c6", "timestamp": "2026-04-14T14:55:49.957098+05:30"}
{"type": "BEGIN", "txn_id": "fc4d7f54-0a60-4412-8052-9f0e0017bc5d", "timestamp": "2026-04-14T14:55:49.960803+05:30"}
{"type": "INSERT", "txn_id": "fc4d7f54-0a60-4412-8052-9f0e0017bc5d", "table": "products", "key": "TX_100_75", "before": null, "after": {"product_id": "TX_100_75", "name": "TX75", "stock": 10, "price": 5.0}, "timestamp": "2026-04-14T14:55:49.962159+05:30"}
{"type": "COMMIT", "txn_id": "fc4d7f54-0a60-4412-8052-9f0e0017bc5d", "timestamp": "2026-04-14T14:55:49.963145+05:30"}
{"type": "BEGIN", "txn_id": "567d83b1-65c9-4614-bede-33b98eff2dcb", "timestamp": "2026-04-14T14:55:49.965971+05:30"}
{"type": "INSERT", "txn_id": "567d83b1-65c9-4614-bede-33b98eff2dcb", "table": "products", "key": "TX_100_76", "before": null, "after": {"product_id": "TX_100_76", "name": "TX76", "stock": 10, "price": 5.0}, "timestamp": "2026-04-14T14:55:49.967198+05:30"}
{"type": "COMMIT", "txn_id": "567d83b1-65c9-4614-bede-33b98eff2dcb", "timestamp": "2026-04-14T14:55:49.968126+05:30"}
{"type": "BEGIN", "txn_id": "636fc4a7-948b-4950-997a-fc5f254645fd", "timestamp": "2026-04-14T14:55:49.970690+05:30"}
{"type": "INSERT", "txn_id": "636fc4a7-948b-4950-997a-fc5f254645fd", "table": "products", "key": "TX_100_77", "before": null, "after": {"product_id": "TX_100_77", "name": "TX77", "stock": 10, "price": 5.0}, "timestamp": "2026-04-14T14:55:49.971856+05:30"}
{"type": "COMMIT", "txn_id": "636fc4a7-948b-4950-997a-fc5f254645fd", "timestamp": "2026-04-14T14:55:49.972789+05:30"}
{"type": "BEGIN", "txn_id": "04c5c8f1-b135-4b15-a5e8-4d842967d418", "timestamp": "2026-04-14T14:55:49.975975+05:30"}
{"type": "INSERT", "txn_id": "04c5c8f1-b135-4b15-a5e8-4d842967d418", "table": "products", "key": "TX_100_78", "before": null, "after": {"product_id": "TX_100_78", "name": "TX78", "stock": 10, "price": 5.0}, "timestamp": "2026-04-14T14:55:49.977860+05:30"}
{"type": "COMMIT", "txn_id": "04c5c8f1-b135-4b15-a5e8-4d842967d418", "timestamp": "2026-04-14T14:55:49.978883+05:30"}
{"type": "BEGIN", "txn_id": "14d887cb-05dc-41ae-9c6c-82419ee9d9ae", "timestamp": "2026-04-14T14:55:49.981706+05:30"}
{"type": "INSERT", "txn_id": "14d887cb-05dc-41ae-9c6c-82419ee9d9ae", "table": "products", "key": "TX_100_79", "before": null, "after": {"product_id": "TX_100_79", "name": "TX79", "stock": 10, "price": 5.0}, "timestamp": "2026-04-14T14:55:49.982894+05:30"}
{"type": "COMMIT", "txn_id": "14d887cb-05dc-41ae-9c6c-82419ee9d9ae", "timestamp": "2026-04-14T14:55:49.983842+05:30"}
{"type": "BEGIN", "txn_id": "06915686-459d-4d9e-ba0c-94016a641201", "timestamp": "2026-04-14T14:55:49.986461+05:30"}
{"type": "INSERT", "txn_id": "06915686-459d-4d9e-ba0c-94016a641201", "table": "products", "key": "TX_100_80", "before": null, "after": {"product_id": "TX_100_80", "name": "TX80", "stock": 10, "price": 5.0}, "timestamp": "2026-04-14T14:55:49.987616+05:30"}
{"type": "COMMIT", "txn_id": "06915686-459d-4d9e-ba0c-94016a641201", "timestamp": "2026-04-14T14:55:49.988508+05:30"}
{"type": "BEGIN", "txn_id": "b5011ef4-7b46-48e6-814e-2ab7d7b9ede8", "timestamp": "2026-04-14T14:55:49.992103+05:30"}
{"type": "INSERT", "txn_id": "b5011ef4-7b46-48e6-814e-2ab7d7b9ede8", "table": "products", "key": "TX_100_81", "before": null, "after": {"product_id": "TX_100_81", "name": "TX81", "stock": 10, "price": 5.0}, "timestamp": "2026-04-14T14:55:49.994088+05:30"}
{"type": "COMMIT", "txn_id": "b5011ef4-7b46-48e6-814e-2ab7d7b9ede8", "timestamp": "2026-04-14T14:55:49.995183+05:30"}
{"type": "BEGIN", "txn_id": "7a5a874e-c55f-48bf-8da8-79b82267182b", "timestamp": "2026-04-14T14:55:49.997877+05:30"}
{"type": "INSERT", "txn_id": "7a5a874e-c55f-48bf-8da8-79b82267182b", "table": "products", "key": "TX_100_82", "before": null, "after": {"product_id": "TX_100_82", "name": "TX82", "stock": 10, "price": 5.0}, "timestamp": "2026-04-14T14:55:49.999076+05:30"}
{"type": "COMMIT", "txn_id": "7a5a874e-c55f-48bf-8da8-79b82267182b", "timestamp": "2026-04-14T14:55:50.000089+05:30"}
{"type": "BEGIN", "txn_id": "b7706517-52b4-4ece-9e37-c548b33d6642", "timestamp": "2026-04-14T14:55:50.002875+05:30"}
{"type": "INSERT", "txn_id": "b7706517-52b4-4ece-9e37-c548b33d6642", "table": "products", "key": "TX_100_83", "before": null, "after": {"product_id": "TX_100_83", "name": "TX83", "stock": 10, "price": 5.0}, "timestamp": "2026-04-14T14:55:50.004124+05:30"}
{"type": "COMMIT", "txn_id": "b7706517-52b4-4ece-9e37-c548b33d6642", "timestamp": "2026-04-14T14:55:50.005246+05:30"}
{"type": "BEGIN", "txn_id": "d5f9aec3-62c3-4017-a3be-fe2540d8d277", "timestamp": "2026-04-14T14:55:50.007878+05:30"}
{"type": "INSERT", "txn_id": "d5f9aec3-62c3-4017-a3be-fe2540d8d277", "table": "products", "key": "TX_100_84", "before": null, "after": {"product_id": "TX_100_84", "name": "TX84", "stock": 10, "price": 5.0}, "timestamp": "2026-04-14T14:55:50.009629+05:30"}
{"type": "COMMIT", "txn_id": "d5f9aec3-62c3-4017-a3be-fe2540d8d277", "timestamp": "2026-04-14T14:55:50.011048+05:30"}
{"type": "BEGIN", "txn_id": "3f1b9cef-14b1-4156-8080-e517e5dce7dc", "timestamp": "2026-04-14T14:55:50.013866+05:30"}
{"type": "INSERT", "txn_id": "3f1b9cef-14b1-4156-8080-e517e5dce7dc", "table": "products", "key": "TX_100_85", "before": null, "after": {"product_id": "TX_100_85", "name": "TX85", "stock": 10, "price": 5.0}, "timestamp": "2026-04-14T14:55:50.015206+05:30"}
{"type": "COMMIT", "txn_id": "3f1b9cef-14b1-4156-8080-e517e5dce7dc", "timestamp": "2026-04-14T14:55:50.016276+05:30"}
{"type": "BEGIN", "txn_id": "027e7671-e490-4691-a83c-7b8cde4f744f", "timestamp": "2026-04-14T14:55:50.018942+05:30"}
{"type": "INSERT", "txn_id": "027e7671-e490-4691-a83c-7b8cde4f744f", "table": "products", "key": "TX_100_86", "before": null, "after": {"product_id": "TX_100_86", "name": "TX86", "stock": 10, "price": 5.0}, "timestamp": "2026-04-14T14:55:50.020157+05:30"}
{"type": "COMMIT", "txn_id": "027e7671-e490-4691-a83c-7b8cde4f744f", "timestamp": "2026-04-14T14:55:50.021357+05:30"}
{"type": "BEGIN", "txn_id": "ed590bc2-59e3-483e-89af-0d199bf95f17", "timestamp": "2026-04-14T14:55:50.024606+05:30"}
{"type": "INSERT", "txn_id": "ed590bc2-59e3-483e-89af-0d199bf95f17", "table": "products", "key": "TX_100_87", "before": null, "after": {"product_id": "TX_100_87", "name": "TX87", "stock": 10, "price": 5.0}, "timestamp": "2026-04-14T14:55:50.026649+05:30"}
{"type": "COMMIT", "txn_id": "ed590bc2-59e3-483e-89af-0d199bf95f17", "timestamp": "2026-04-14T14:55:50.028162+05:30"}
{"type": "BEGIN", "txn_id": "65554d8f-5592-469f-8f27-1dbd69184670", "timestamp": "2026-04-14T14:55:50.030904+05:30"}
{"type": "INSERT", "txn_id": "65554d8f-5592-469f-8f27-1dbd69184670", "table": "products", "key": "TX_100_88", "before": null, "after": {"product_id": "TX_100_88", "name": "TX88", "stock": 10, "price": 5.0}, "timestamp": "2026-04-14T14:55:50.032165+05:30"}
{"type": "COMMIT", "txn_id": "65554d8f-5592-469f-8f27-1dbd69184670", "timestamp": "2026-04-14T14:55:50.033101+05:30"}
{"type": "BEGIN", "txn_id": "0b3190ab-5963-49d0-b5e8-6357ae936168", "timestamp": "2026-04-14T14:55:50.035653+05:30"}
{"type": "INSERT", "txn_id": "0b3190ab-5963-49d0-b5e8-6357ae936168", "table": "products", "key": "TX_100_89", "before": null, "after": {"product_id": "TX_100_89", "name": "TX89", "stock": 10, "price": 5.0}, "timestamp": "2026-04-14T14:55:50.037853+05:30"}
{"type": "COMMIT", "txn_id": "0b3190ab-5963-49d0-b5e8-6357ae936168", "timestamp": "2026-04-14T14:55:50.039261+05:30"}
{"type": "BEGIN", "txn_id": "c10391f9-8019-41dd-aef9-6c66d4a85467", "timestamp": "2026-04-14T14:55:50.042274+05:30"}
{"type": "INSERT", "txn_id": "c10391f9-8019-41dd-aef9-6c66d4a85467", "table": "products", "key": "TX_100_90", "before": null, "after": {"product_id": "TX_100_90", "name": "TX90", "stock": 10, "price": 5.0}, "timestamp": "2026-04-14T14:55:50.044149+05:30"}
{"type": "COMMIT", "txn_id": "c10391f9-8019-41dd-aef9-6c66d4a85467", "timestamp": "2026-04-14T14:55:50.045383+05:30"}
{"type": "BEGIN", "txn_id": "27fd6217-060b-4a73-b59b-b4fa4f23df70", "timestamp": "2026-04-14T14:55:50.047908+05:30"}
{"type": "INSERT", "txn_id": "27fd6217-060b-4a73-b59b-b4fa4f23df70", "table": "products", "key": "TX_100_91", "before": null, "after": {"product_id": "TX_100_91", "name": "TX91", "stock": 10, "price": 5.0}, "timestamp": "2026-04-14T14:55:50.048987+05:30"}
{"type": "COMMIT", "txn_id": "27fd6217-060b-4a73-b59b-b4fa4f23df70", "timestamp": "2026-04-14T14:55:50.049912+05:30"}
{"type": "BEGIN", "txn_id": "b06dc87b-13f5-41a7-af65-883bd10569c7", "timestamp": "2026-04-14T14:55:50.052630+05:30"}
{"type": "INSERT", "txn_id": "b06dc87b-13f5-41a7-af65-883bd10569c7", "table": "products", "key": "TX_100_92", "before": null, "after": {"product_id": "TX_100_92", "name": "TX92", "stock": 10, "price": 5.0}, "timestamp": "2026-04-14T14:55:50.054208+05:30"}
{"type": "COMMIT", "txn_id": "b06dc87b-13f5-41a7-af65-883bd10569c7", "timestamp": "2026-04-14T14:55:50.055353+05:30"}
{"type": "BEGIN", "txn_id": "f54b4c7d-fb2b-42ca-a14c-b8fa83bebbe8", "timestamp": "2026-04-14T14:55:50.058612+05:30"}
{"type": "INSERT", "txn_id": "f54b4c7d-fb2b-42ca-a14c-b8fa83bebbe8", "table": "products", "key": "TX_100_93", "before": null, "after": {"product_id": "TX_100_93", "name": "TX93", "stock": 10, "price": 5.0}, "timestamp": "2026-04-14T14:55:50.060340+05:30"}
{"type": "COMMIT", "txn_id": "f54b4c7d-fb2b-42ca-a14c-b8fa83bebbe8", "timestamp": "2026-04-14T14:55:50.061634+05:30"}
{"type": "BEGIN", "txn_id": "ccaaa39c-8c91-4501-ab31-99453000bbfa", "timestamp": "2026-04-14T14:55:50.064686+05:30"}
{"type": "INSERT", "txn_id": "ccaaa39c-8c91-4501-ab31-99453000bbfa", "table": "products", "key": "TX_100_94", "before": null, "after": {"product_id": "TX_100_94", "name": "TX94", "stock": 10, "price": 5.0}, "timestamp": "2026-04-14T14:55:50.066093+05:30"}
{"type": "COMMIT", "txn_id": "ccaaa39c-8c91-4501-ab31-99453000bbfa", "timestamp": "2026-04-14T14:55:50.067120+05:30"}
{"type": "BEGIN", "txn_id": "324abbb0-35a8-41fe-8095-e4f288fefa94", "timestamp": "2026-04-14T14:55:50.069988+05:30"}
{"type": "INSERT", "txn_id": "324abbb0-35a8-41fe-8095-e4f288fefa94", "table": "products", "key": "TX_100_95", "before": null, "after": {"product_id": "TX_100_95", "name": "TX95", "stock": 10, "price": 5.0}, "timestamp": "2026-04-14T14:55:50.071214+05:30"}
{"type": "COMMIT", "txn_id": "324abbb0-35a8-41fe-8095-e4f288fefa94", "timestamp": "2026-04-14T14:55:50.072113+05:30"}
{"type": "BEGIN", "txn_id": "d9c719f5-70cf-4ebc-bd10-f89a8455ac4a", "timestamp": "2026-04-14T14:55:50.074717+05:30"}
{"type": "INSERT", "txn_id": "d9c719f5-70cf-4ebc-bd10-f89a8455ac4a", "table": "products", "key": "TX_100_96", "before": null, "after": {"product_id": "TX_100_96", "name": "TX96", "stock": 10, "price": 5.0}, "timestamp": "2026-04-14T14:55:50.076221+05:30"}
{"type": "COMMIT", "txn_id": "d9c719f5-70cf-4ebc-bd10-f89a8455ac4a", "timestamp": "2026-04-14T14:55:50.077527+05:30"}
{"type": "BEGIN", "txn_id": "d37a9b10-b0de-40c9-aa8f-a9cd63d4ed58", "timestamp": "2026-04-14T14:55:50.080212+05:30"}
{"type": "INSERT", "txn_id": "d37a9b10-b0de-40c9-aa8f-a9cd63d4ed58", "table": "products", "key": "TX_100_97", "before": null, "after": {"product_id": "TX_100_97", "name": "TX97", "stock": 10, "price": 5.0}, "timestamp": "2026-04-14T14:55:50.081280+05:30"}
{"type": "COMMIT", "txn_id": "d37a9b10-b0de-40c9-aa8f-a9cd63d4ed58", "timestamp": "2026-04-14T14:55:50.082165+05:30"}
{"type": "BEGIN", "txn_id": "1ae21eed-fe1e-4748-9487-ce8da8499e74", "timestamp": "2026-04-14T14:55:50.084437+05:30"}
{"type": "INSERT", "txn_id": "1ae21eed-fe1e-4748-9487-ce8da8499e74", "table": "products", "key": "TX_100_98", "before": null, "after": {"product_id": "TX_100_98", "name": "TX98", "stock": 10, "price": 5.0}, "timestamp": "2026-04-14T14:55:50.085514+05:30"}
{"type": "COMMIT", "txn_id": "1ae21eed-fe1e-4748-9487-ce8da8499e74", "timestamp": "2026-04-14T14:55:50.086354+05:30"}
{"type": "BEGIN", "txn_id": "879b1209-ed0e-4d76-81d5-bdff8f3e587a", "timestamp": "2026-04-14T14:55:50.088637+05:30"}
{"type": "INSERT", "txn_id": "879b1209-ed0e-4d76-81d5-bdff8f3e587a", "table": "products", "key": "TX_100_99", "before": null, "after": {"product_id": "TX_100_99", "name": "TX99", "stock": 10, "price": 5.0}, "timestamp": "2026-04-14T14:55:50.089669+05:30"}
{"type": "COMMIT", "txn_id": "879b1209-ed0e-4d76-81d5-bdff8f3e587a", "timestamp": "2026-04-14T14:55:50.090903+05:30"}
{"type": "BEGIN", "txn_id": "abeb1b86-a6f3-49d8-a370-11b711784183", "timestamp": "2026-04-14T14:55:50.097335+05:30"}
{"type": "INSERT", "txn_id": "abeb1b86-a6f3-49d8-a370-11b711784183", "table": "products", "key": "TX_200_0", "before": null, "after": {"product_id": "TX_200_0", "name": "TX0", "stock": 10, "price": 5.0}, "timestamp": "2026-04-14T14:55:50.098963+05:30"}
{"type": "COMMIT", "txn_id": "abeb1b86-a6f3-49d8-a370-11b711784183", "timestamp": "2026-04-14T14:55:50.099980+05:30"}
{"type": "BEGIN", "txn_id": "6a170e27-6af9-4db0-97da-bc2efb941d69", "timestamp": "2026-04-14T14:55:50.103077+05:30"}
{"type": "INSERT", "txn_id": "6a170e27-6af9-4db0-97da-bc2efb941d69", "table": "products", "key": "TX_200_1", "before": null, "after": {"product_id": "TX_200_1", "name": "TX1", "stock": 10, "price": 5.0}, "timestamp": "2026-04-14T14:55:50.104418+05:30"}
{"type": "COMMIT", "txn_id": "6a170e27-6af9-4db0-97da-bc2efb941d69", "timestamp": "2026-04-14T14:55:50.105324+05:30"}
{"type": "BEGIN", "txn_id": "aee2bd53-679c-446e-93f2-4939cc6c3011", "timestamp": "2026-04-14T14:55:50.108626+05:30"}
{"type": "INSERT", "txn_id": "aee2bd53-679c-446e-93f2-4939cc6c3011", "table": "products", "key": "TX_200_2", "before": null, "after": {"product_id": "TX_200_2", "name": "TX2", "stock": 10, "price": 5.0}, "timestamp": "2026-04-14T14:55:50.110500+05:30"}
{"type": "COMMIT", "txn_id": "aee2bd53-679c-446e-93f2-4939cc6c3011", "timestamp": "2026-04-14T14:55:50.111891+05:30"}
{"type": "BEGIN", "txn_id": "8aec8606-48f3-4117-beb9-148e974c0777", "timestamp": "2026-04-14T14:55:50.115178+05:30"}
{"type": "INSERT", "txn_id": "8aec8606-48f3-4117-beb9-148e974c0777", "table": "products", "key": "TX_200_3", "before": null, "after": {"product_id": "TX_200_3", "name": "TX3", "stock": 10, "price": 5.0}, "timestamp": "2026-04-14T14:55:50.116471+05:30"}
{"type": "COMMIT", "txn_id": "8aec8606-48f3-4117-beb9-148e974c0777", "timestamp": "2026-04-14T14:55:50.117407+05:30"}
{"type": "BEGIN", "txn_id": "1e56540a-f0f2-45d8-9a09-458f78da8f25", "timestamp": "2026-04-14T14:55:50.120378+05:30"}
{"type": "INSERT", "txn_id": "1e56540a-f0f2-45d8-9a09-458f78da8f25", "table": "products", "key": "TX_200_4", "before": null, "after": {"product_id": "TX_200_4", "name": "TX4", "stock": 10, "price": 5.0}, "timestamp": "2026-04-14T14:55:50.121840+05:30"}
{"type": "COMMIT", "txn_id": "1e56540a-f0f2-45d8-9a09-458f78da8f25", "timestamp": "2026-04-14T14:55:50.122770+05:30"}
{"type": "BEGIN", "txn_id": "ef0639f8-efb8-4401-a9eb-dd035bf18fac", "timestamp": "2026-04-14T14:55:50.127479+05:30"}
{"type": "INSERT", "txn_id": "ef0639f8-efb8-4401-a9eb-dd035bf18fac", "table": "products", "key": "TX_200_5", "before": null, "after": {"product_id": "TX_200_5", "name": "TX5", "stock": 10, "price": 5.0}, "timestamp": "2026-04-14T14:55:50.129187+05:30"}
{"type": "COMMIT", "txn_id": "ef0639f8-efb8-4401-a9eb-dd035bf18fac", "timestamp": "2026-04-14T14:55:50.130387+05:30"}
{"type": "BEGIN", "txn_id": "d8a46dbc-6f01-4daf-a761-dac1b26b2ca2", "timestamp": "2026-04-14T14:55:50.133435+05:30"}
{"type": "INSERT", "txn_id": "d8a46dbc-6f01-4daf-a761-dac1b26b2ca2", "table": "products", "key": "TX_200_6", "before": null, "after": {"product_id": "TX_200_6", "name": "TX6", "stock": 10, "price": 5.0}, "timestamp": "2026-04-14T14:55:50.134783+05:30"}
{"type": "COMMIT", "txn_id": "d8a46dbc-6f01-4daf-a761-dac1b26b2ca2", "timestamp": "2026-04-14T14:55:50.135700+05:30"}
{"type": "BEGIN", "txn_id": "58fa6cf1-5dfc-4c38-ad6a-79cfff17f452", "timestamp": "2026-04-14T14:55:50.138634+05:30"}
{"type": "INSERT", "txn_id": "58fa6cf1-5dfc-4c38-ad6a-79cfff17f452", "table": "products", "key": "TX_200_7", "before": null, "after": {"product_id": "TX_200_7", "name": "TX7", "stock": 10, "price": 5.0}, "timestamp": "2026-04-14T14:55:50.140073+05:30"}
{"type": "COMMIT", "txn_id": "58fa6cf1-5dfc-4c38-ad6a-79cfff17f452", "timestamp": "2026-04-14T14:55:50.141123+05:30"}
{"type": "BEGIN", "txn_id": "3b8c56a3-87d7-438b-be70-d628382713de", "timestamp": "2026-04-14T14:55:50.145161+05:30"}
{"type": "INSERT", "txn_id": "3b8c56a3-87d7-438b-be70-d628382713de", "table": "products", "key": "TX_200_8", "before": null, "after": {"product_id": "TX_200_8", "name": "TX8", "stock": 10, "price": 5.0}, "timestamp": "2026-04-14T14:55:50.146660+05:30"}
{"type": "COMMIT", "txn_id": "3b8c56a3-87d7-438b-be70-d628382713de", "timestamp": "2026-04-14T14:55:50.147678+05:30"}
{"type": "BEGIN", "txn_id": "84253846-2936-4f4a-8336-2056d973ecb1", "timestamp": "2026-04-14T14:55:50.150730+05:30"}
{"type": "INSERT", "txn_id": "84253846-2936-4f4a-8336-2056d973ecb1", "table": "products", "key": "TX_200_9", "before": null, "after": {"product_id": "TX_200_9", "name": "TX9", "stock": 10, "price": 5.0}, "timestamp": "2026-04-14T14:55:50.152077+05:30"}
{"type": "COMMIT", "txn_id": "84253846-2936-4f4a-8336-2056d973ecb1", "timestamp": "2026-04-14T14:55:50.153002+05:30"}
{"type": "BEGIN", "txn_id": "9a645b67-7a9e-4bd9-a89e-024b73308484", "timestamp": "2026-04-14T14:55:50.156103+05:30"}
{"type": "INSERT", "txn_id": "9a645b67-7a9e-4bd9-a89e-024b73308484", "table": "products", "key": "TX_200_10", "before": null, "after": {"product_id": "TX_200_10", "name": "TX10", "stock": 10, "price": 5.0}, "timestamp": "2026-04-14T14:55:50.157439+05:30"}
{"type": "COMMIT", "txn_id": "9a645b67-7a9e-4bd9-a89e-024b73308484", "timestamp": "2026-04-14T14:55:50.158438+05:30"}
{"type": "BEGIN", "txn_id": "8110dec7-c00a-4afa-9032-7fe46661aba5", "timestamp": "2026-04-14T14:55:50.162365+05:30"}
{"type": "INSERT", "txn_id": "8110dec7-c00a-4afa-9032-7fe46661aba5", "table": "products", "key": "TX_200_11", "before": null, "after": {"product_id": "TX_200_11", "name": "TX11", "stock": 10, "price": 5.0}, "timestamp": "2026-04-14T14:55:50.163743+05:30"}
{"type": "COMMIT", "txn_id": "8110dec7-c00a-4afa-9032-7fe46661aba5", "timestamp": "2026-04-14T14:55:50.164677+05:30"}
{"type": "BEGIN", "txn_id": "aa2fe7e8-58a8-4d36-95eb-2915d056c8c9", "timestamp": "2026-04-14T14:55:50.167744+05:30"}
{"type": "INSERT", "txn_id": "aa2fe7e8-58a8-4d36-95eb-2915d056c8c9", "table": "products", "key": "TX_200_12", "before": null, "after": {"product_id": "TX_200_12", "name": "TX12", "stock": 10, "price": 5.0}, "timestamp": "2026-04-14T14:55:50.169072+05:30"}
{"type": "COMMIT", "txn_id": "aa2fe7e8-58a8-4d36-95eb-2915d056c8c9", "timestamp": "2026-04-14T14:55:50.170009+05:30"}
{"type": "BEGIN", "txn_id": "fa0cb4f9-74e4-4e7c-b195-84bbc8026f99", "timestamp": "2026-04-14T14:55:50.173220+05:30"}
{"type": "INSERT", "txn_id": "fa0cb4f9-74e4-4e7c-b195-84bbc8026f99", "table": "products", "key": "TX_200_13", "before": null, "after": {"product_id": "TX_200_13", "name": "TX13", "stock": 10, "price": 5.0}, "timestamp": "2026-04-14T14:55:50.174583+05:30"}
{"type": "COMMIT", "txn_id": "fa0cb4f9-74e4-4e7c-b195-84bbc8026f99", "timestamp": "2026-04-14T14:55:50.175504+05:30"}
{"type": "BEGIN", "txn_id": "d2f2caa0-2286-457d-b4b2-35c7dae284b4", "timestamp": "2026-04-14T14:55:50.179382+05:30"}
{"type": "INSERT", "txn_id": "d2f2caa0-2286-457d-b4b2-35c7dae284b4", "table": "products", "key": "TX_200_14", "before": null, "after": {"product_id": "TX_200_14", "name": "TX14", "stock": 10, "price": 5.0}, "timestamp": "2026-04-14T14:55:50.180739+05:30"}
{"type": "COMMIT", "txn_id": "d2f2caa0-2286-457d-b4b2-35c7dae284b4", "timestamp": "2026-04-14T14:55:50.181723+05:30"}
{"type": "BEGIN", "txn_id": "07131a30-be0f-4988-999f-a64d6d3d73c8", "timestamp": "2026-04-14T14:55:50.184845+05:30"}
{"type": "INSERT", "txn_id": "07131a30-be0f-4988-999f-a64d6d3d73c8", "table": "products", "key": "TX_200_15", "before": null, "after": {"product_id": "TX_200_15", "name": "TX15", "stock": 10, "price": 5.0}, "timestamp": "2026-04-14T14:55:50.186160+05:30"}
{"type": "COMMIT", "txn_id": "07131a30-be0f-4988-999f-a64d6d3d73c8", "timestamp": "2026-04-14T14:55:50.187343+05:30"}
{"type": "BEGIN", "txn_id": "347dbf0d-1cbe-4709-898d-b899f06df9d4", "timestamp": "2026-04-14T14:55:50.199958+05:30"}
{"type": "INSERT", "txn_id": "347dbf0d-1cbe-4709-898d-b899f06df9d4", "table": "products", "key": "TX_200_16", "before": null, "after": {"product_id": "TX_200_16", "name": "TX16", "stock": 10, "price": 5.0}, "timestamp": "2026-04-14T14:55:50.201362+05:30"}
{"type": "COMMIT", "txn_id": "347dbf0d-1cbe-4709-898d-b899f06df9d4", "timestamp": "2026-04-14T14:55:50.202318+05:30"}
{"type": "BEGIN", "txn_id": "1720aeef-746a-4796-88fb-994f874e8699", "timestamp": "2026-04-14T14:55:50.205469+05:30"}
{"type": "INSERT", "txn_id": "1720aeef-746a-4796-88fb-994f874e8699", "table": "products", "key": "TX_200_17", "before": null, "after": {"product_id": "TX_200_17", "name": "TX17", "stock": 10, "price": 5.0}, "timestamp": "2026-04-14T14:55:50.206791+05:30"}
{"type": "COMMIT", "txn_id": "1720aeef-746a-4796-88fb-994f874e8699", "timestamp": "2026-04-14T14:55:50.207770+05:30"}
{"type": "BEGIN", "txn_id": "7ac038f8-c0b4-4426-8b16-90c380a911fc", "timestamp": "2026-04-14T14:55:50.211566+05:30"}
{"type": "INSERT", "txn_id": "7ac038f8-c0b4-4426-8b16-90c380a911fc", "table": "products", "key": "TX_200_18", "before": null, "after": {"product_id": "TX_200_18", "name": "TX18", "stock": 10, "price": 5.0}, "timestamp": "2026-04-14T14:55:50.212956+05:30"}
{"type": "COMMIT", "txn_id": "7ac038f8-c0b4-4426-8b16-90c380a911fc", "timestamp": "2026-04-14T14:55:50.213992+05:30"}
{"type": "BEGIN", "txn_id": "5f99e4ed-07d7-48fd-81c3-853ca98c0b12", "timestamp": "2026-04-14T14:55:50.217018+05:30"}
{"type": "INSERT", "txn_id": "5f99e4ed-07d7-48fd-81c3-853ca98c0b12", "table": "products", "key": "TX_200_19", "before": null, "after": {"product_id": "TX_200_19", "name": "TX19", "stock": 10, "price": 5.0}, "timestamp": "2026-04-14T14:55:50.218764+05:30"}
{"type": "COMMIT", "txn_id": "5f99e4ed-07d7-48fd-81c3-853ca98c0b12", "timestamp": "2026-04-14T14:55:50.219796+05:30"}
{"type": "BEGIN", "txn_id": "3b7d4d55-45a8-4545-907d-09e8d1c3e25b", "timestamp": "2026-04-14T14:55:50.222920+05:30"}
{"type": "INSERT", "txn_id": "3b7d4d55-45a8-4545-907d-09e8d1c3e25b", "table": "products", "key": "TX_200_20", "before": null, "after": {"product_id": "TX_200_20", "name": "TX20", "stock": 10, "price": 5.0}, "timestamp": "2026-04-14T14:55:50.224239+05:30"}
{"type": "COMMIT", "txn_id": "3b7d4d55-45a8-4545-907d-09e8d1c3e25b", "timestamp": "2026-04-14T14:55:50.225214+05:30"}
{"type": "BEGIN", "txn_id": "f24b473c-7a32-42be-a2c1-b7b50c0503d8", "timestamp": "2026-04-14T14:55:50.229045+05:30"}
{"type": "INSERT", "txn_id": "f24b473c-7a32-42be-a2c1-b7b50c0503d8", "table": "products", "key": "TX_200_21", "before": null, "after": {"product_id": "TX_200_21", "name": "TX21", "stock": 10, "price": 5.0}, "timestamp": "2026-04-14T14:55:50.230419+05:30"}
{"type": "COMMIT", "txn_id": "f24b473c-7a32-42be-a2c1-b7b50c0503d8", "timestamp": "2026-04-14T14:55:50.231384+05:30"}
{"type": "BEGIN", "txn_id": "ce330787-fa45-4a42-8a45-e45f00adcc50", "timestamp": "2026-04-14T14:55:50.234366+05:30"}
{"type": "INSERT", "txn_id": "ce330787-fa45-4a42-8a45-e45f00adcc50", "table": "products", "key": "TX_200_22", "before": null, "after": {"product_id": "TX_200_22", "name": "TX22", "stock": 10, "price": 5.0}, "timestamp": "2026-04-14T14:55:50.236188+05:30"}
{"type": "COMMIT", "txn_id": "ce330787-fa45-4a42-8a45-e45f00adcc50", "timestamp": "2026-04-14T14:55:50.237357+05:30"}
{"type": "BEGIN", "txn_id": "f3ffe3b8-5ef2-47fa-8398-9c7a3d059b2f", "timestamp": "2026-04-14T14:55:50.240803+05:30"}
{"type": "INSERT", "txn_id": "f3ffe3b8-5ef2-47fa-8398-9c7a3d059b2f", "table": "products", "key": "TX_200_23", "before": null, "after": {"product_id": "TX_200_23", "name": "TX23", "stock": 10, "price": 5.0}, "timestamp": "2026-04-14T14:55:50.242404+05:30"}
{"type": "COMMIT", "txn_id": "f3ffe3b8-5ef2-47fa-8398-9c7a3d059b2f", "timestamp": "2026-04-14T14:55:50.245350+05:30"}
{"type": "BEGIN", "txn_id": "e180916b-3dde-4830-ad55-fcffb29a623f", "timestamp": "2026-04-14T14:55:50.249612+05:30"}
{"type": "INSERT", "txn_id": "e180916b-3dde-4830-ad55-fcffb29a623f", "table": "products", "key": "TX_200_24", "before": null, "after": {"product_id": "TX_200_24", "name": "TX24", "stock": 10, "price": 5.0}, "timestamp": "2026-04-14T14:55:50.251030+05:30"}
{"type": "COMMIT", "txn_id": "e180916b-3dde-4830-ad55-fcffb29a623f", "timestamp": "2026-04-14T14:55:50.252090+05:30"}
{"type": "BEGIN", "txn_id": "fac8b47a-bd85-4c90-bca6-7c414ef094e4", "timestamp": "2026-04-14T14:55:50.255131+05:30"}
{"type": "INSERT", "txn_id": "fac8b47a-bd85-4c90-bca6-7c414ef094e4", "table": "products", "key": "TX_200_25", "before": null, "after": {"product_id": "TX_200_25", "name": "TX25", "stock": 10, "price": 5.0}, "timestamp": "2026-04-14T14:55:50.256414+05:30"}
{"type": "COMMIT", "txn_id": "fac8b47a-bd85-4c90-bca6-7c414ef094e4", "timestamp": "2026-04-14T14:55:50.257305+05:30"}
{"type": "BEGIN", "txn_id": "d2bf4595-85f9-4106-a3b6-af5523c936a0", "timestamp": "2026-04-14T14:55:50.261605+05:30"}
{"type": "INSERT", "txn_id": "d2bf4595-85f9-4106-a3b6-af5523c936a0", "table": "products", "key": "TX_200_26", "before": null, "after": {"product_id": "TX_200_26", "name": "TX26", "stock": 10, "price": 5.0}, "timestamp": "2026-04-14T14:55:50.263827+05:30"}
{"type": "COMMIT", "txn_id": "d2bf4595-85f9-4106-a3b6-af5523c936a0", "timestamp": "2026-04-14T14:55:50.264879+05:30"}
{"type": "BEGIN", "txn_id": "bc501ce5-ad0a-4d17-ada9-3666af2a1575", "timestamp": "2026-04-14T14:55:50.268004+05:30"}
{"type": "INSERT", "txn_id": "bc501ce5-ad0a-4d17-ada9-3666af2a1575", "table": "products", "key": "TX_200_27", "before": null, "after": {"product_id": "TX_200_27", "name": "TX27", "stock": 10, "price": 5.0}, "timestamp": "2026-04-14T14:55:50.269280+05:30"}
{"type": "COMMIT", "txn_id": "bc501ce5-ad0a-4d17-ada9-3666af2a1575", "timestamp": "2026-04-14T14:55:50.270252+05:30"}
{"type": "BEGIN", "txn_id": "26381ab8-a9a8-4f3e-9f22-4b3798bf12bb", "timestamp": "2026-04-14T14:55:50.273242+05:30"}
{"type": "INSERT", "txn_id": "26381ab8-a9a8-4f3e-9f22-4b3798bf12bb", "table": "products", "key": "TX_200_28", "before": null, "after": {"product_id": "TX_200_28", "name": "TX28", "stock": 10, "price": 5.0}, "timestamp": "2026-04-14T14:55:50.274599+05:30"}
{"type": "COMMIT", "txn_id": "26381ab8-a9a8-4f3e-9f22-4b3798bf12bb", "timestamp": "2026-04-14T14:55:50.275611+05:30"}
{"type": "BEGIN", "txn_id": "d3d0ccbf-f33e-4eb2-9b0e-ae23ad2b2852", "timestamp": "2026-04-14T14:55:50.280063+05:30"}
{"type": "INSERT", "txn_id": "d3d0ccbf-f33e-4eb2-9b0e-ae23ad2b2852", "table": "products", "key": "TX_200_29", "before": null, "after": {"product_id": "TX_200_29", "name": "TX29", "stock": 10, "price": 5.0}, "timestamp": "2026-04-14T14:55:50.281489+05:30"}
{"type": "COMMIT", "txn_id": "d3d0ccbf-f33e-4eb2-9b0e-ae23ad2b2852", "timestamp": "2026-04-14T14:55:50.282445+05:30"}
{"type": "BEGIN", "txn_id": "6bf47979-427a-4d6f-8a0c-b6e05d5ed960", "timestamp": "2026-04-14T14:55:50.285483+05:30"}
{"type": "INSERT", "txn_id": "6bf47979-427a-4d6f-8a0c-b6e05d5ed960", "table": "products", "key": "TX_200_30", "before": null, "after": {"product_id": "TX_200_30", "name": "TX30", "stock": 10, "price": 5.0}, "timestamp": "2026-04-14T14:55:50.286873+05:30"}
{"type": "COMMIT", "txn_id": "6bf47979-427a-4d6f-8a0c-b6e05d5ed960", "timestamp": "2026-04-14T14:55:50.287866+05:30"}
{"type": "BEGIN", "txn_id": "f7c861e5-9530-467f-8364-5a086df01df8", "timestamp": "2026-04-14T14:55:50.291072+05:30"}
{"type": "INSERT", "txn_id": "f7c861e5-9530-467f-8364-5a086df01df8", "table": "products", "key": "TX_200_31", "before": null, "after": {"product_id": "TX_200_31", "name": "TX31", "stock": 10, "price": 5.0}, "timestamp": "2026-04-14T14:55:50.293141+05:30"}
{"type": "COMMIT", "txn_id": "f7c861e5-9530-467f-8364-5a086df01df8", "timestamp": "2026-04-14T14:55:50.294637+05:30"}
{"type": "BEGIN", "txn_id": "bb340260-1d3a-4a02-b1f9-c383a9314dab", "timestamp": "2026-04-14T14:55:50.297844+05:30"}
{"type": "INSERT", "txn_id": "bb340260-1d3a-4a02-b1f9-c383a9314dab", "table": "products", "key": "TX_200_32", "before": null, "after": {"product_id": "TX_200_32", "name": "TX32", "stock": 10, "price": 5.0}, "timestamp": "2026-04-14T14:55:50.299258+05:30"}
{"type": "COMMIT", "txn_id": "bb340260-1d3a-4a02-b1f9-c383a9314dab", "timestamp": "2026-04-14T14:55:50.300240+05:30"}
{"type": "BEGIN", "txn_id": "1d99d29e-ab4b-48d0-966e-199de8a6ebfc", "timestamp": "2026-04-14T14:55:50.303292+05:30"}
{"type": "INSERT", "txn_id": "1d99d29e-ab4b-48d0-966e-199de8a6ebfc", "table": "products", "key": "TX_200_33", "before": null, "after": {"product_id": "TX_200_33", "name": "TX33", "stock": 10, "price": 5.0}, "timestamp": "2026-04-14T14:55:50.304566+05:30"}
{"type": "COMMIT", "txn_id": "1d99d29e-ab4b-48d0-966e-199de8a6ebfc", "timestamp": "2026-04-14T14:55:50.305536+05:30"}
{"type": "BEGIN", "txn_id": "a4c8ad5c-eaa7-4e9f-9ea7-8fcc551da55c", "timestamp": "2026-04-14T14:55:50.309943+05:30"}
{"type": "INSERT", "txn_id": "a4c8ad5c-eaa7-4e9f-9ea7-8fcc551da55c", "table": "products", "key": "TX_200_34", "before": null, "after": {"product_id": "TX_200_34", "name": "TX34", "stock": 10, "price": 5.0}, "timestamp": "2026-04-14T14:55:50.311727+05:30"}
{"type": "COMMIT", "txn_id": "a4c8ad5c-eaa7-4e9f-9ea7-8fcc551da55c", "timestamp": "2026-04-14T14:55:50.312674+05:30"}
{"type": "BEGIN", "txn_id": "ea08208e-1a0f-4e6c-8b86-51b6a56a7915", "timestamp": "2026-04-14T14:55:50.315765+05:30"}
{"type": "INSERT", "txn_id": "ea08208e-1a0f-4e6c-8b86-51b6a56a7915", "table": "products", "key": "TX_200_35", "before": null, "after": {"product_id": "TX_200_35", "name": "TX35", "stock": 10, "price": 5.0}, "timestamp": "2026-04-14T14:55:50.317185+05:30"}
{"type": "COMMIT", "txn_id": "ea08208e-1a0f-4e6c-8b86-51b6a56a7915", "timestamp": "2026-04-14T14:55:50.318158+05:30"}
{"type": "BEGIN", "txn_id": "9803f452-7d31-476a-a5d3-b2397586f8c5", "timestamp": "2026-04-14T14:55:50.321497+05:30"}
{"type": "INSERT", "txn_id": "9803f452-7d31-476a-a5d3-b2397586f8c5", "table": "products", "key": "TX_200_36", "before": null, "after": {"product_id": "TX_200_36", "name": "TX36", "stock": 10, "price": 5.0}, "timestamp": "2026-04-14T14:55:50.323059+05:30"}
{"type": "COMMIT", "txn_id": "9803f452-7d31-476a-a5d3-b2397586f8c5", "timestamp": "2026-04-14T14:55:50.324037+05:30"}
{"type": "BEGIN", "txn_id": "e111f518-7895-4aa1-b93a-00faa5f0fe82", "timestamp": "2026-04-14T14:55:50.327840+05:30"}
{"type": "INSERT", "txn_id": "e111f518-7895-4aa1-b93a-00faa5f0fe82", "table": "products", "key": "TX_200_37", "before": null, "after": {"product_id": "TX_200_37", "name": "TX37", "stock": 10, "price": 5.0}, "timestamp": "2026-04-14T14:55:50.329364+05:30"}
{"type": "COMMIT", "txn_id": "e111f518-7895-4aa1-b93a-00faa5f0fe82", "timestamp": "2026-04-14T14:55:50.330294+05:30"}
{"type": "BEGIN", "txn_id": "b6f25d68-c91a-473d-bfda-608a318f90d0", "timestamp": "2026-04-14T14:55:50.333273+05:30"}
{"type": "INSERT", "txn_id": "b6f25d68-c91a-473d-bfda-608a318f90d0", "table": "products", "key": "TX_200_38", "before": null, "after": {"product_id": "TX_200_38", "name": "TX38", "stock": 10, "price": 5.0}, "timestamp": "2026-04-14T14:55:50.334619+05:30"}
{"type": "COMMIT", "txn_id": "b6f25d68-c91a-473d-bfda-608a318f90d0", "timestamp": "2026-04-14T14:55:50.335541+05:30"}
{"type": "BEGIN", "txn_id": "b6a2166e-32b8-4392-bc85-75a6e8d094c2", "timestamp": "2026-04-14T14:55:50.339107+05:30"}
{"type": "INSERT", "txn_id": "b6a2166e-32b8-4392-bc85-75a6e8d094c2", "table": "products", "key": "TX_200_39", "before": null, "after": {"product_id": "TX_200_39", "name": "TX39", "stock": 10, "price": 5.0}, "timestamp": "2026-04-14T14:55:50.340652+05:30"}
{"type": "COMMIT", "txn_id": "b6a2166e-32b8-4392-bc85-75a6e8d094c2", "timestamp": "2026-04-14T14:55:50.341729+05:30"}
{"type": "BEGIN", "txn_id": "646f24b8-1469-4bf5-b142-5f6ec13396db", "timestamp": "2026-04-14T14:55:50.345539+05:30"}
{"type": "INSERT", "txn_id": "646f24b8-1469-4bf5-b142-5f6ec13396db", "table": "products", "key": "TX_200_40", "before": null, "after": {"product_id": "TX_200_40", "name": "TX40", "stock": 10, "price": 5.0}, "timestamp": "2026-04-14T14:55:50.346931+05:30"}
{"type": "COMMIT", "txn_id": "646f24b8-1469-4bf5-b142-5f6ec13396db", "timestamp": "2026-04-14T14:55:50.347869+05:30"}
{"type": "BEGIN", "txn_id": "3b94cc08-1419-4211-9976-1ffd48120a6a", "timestamp": "2026-04-14T14:55:50.351031+05:30"}
{"type": "INSERT", "txn_id": "3b94cc08-1419-4211-9976-1ffd48120a6a", "table": "products", "key": "TX_200_41", "before": null, "after": {"product_id": "TX_200_41", "name": "TX41", "stock": 10, "price": 5.0}, "timestamp": "2026-04-14T14:55:50.352391+05:30"}
{"type": "COMMIT", "txn_id": "3b94cc08-1419-4211-9976-1ffd48120a6a", "timestamp": "2026-04-14T14:55:50.353311+05:30"}
{"type": "BEGIN", "txn_id": "3c83b2eb-e4e8-4796-809e-beec2e36e896", "timestamp": "2026-04-14T14:55:50.356461+05:30"}
{"type": "INSERT", "txn_id": "3c83b2eb-e4e8-4796-809e-beec2e36e896", "table": "products", "key": "TX_200_42", "before": null, "after": {"product_id": "TX_200_42", "name": "TX42", "stock": 10, "price": 5.0}, "timestamp": "2026-04-14T14:55:50.357781+05:30"}
{"type": "COMMIT", "txn_id": "3c83b2eb-e4e8-4796-809e-beec2e36e896", "timestamp": "2026-04-14T14:55:50.358751+05:30"}
{"type": "BEGIN", "txn_id": "f0438450-b984-497e-89c2-20dd2e91509a", "timestamp": "2026-04-14T14:55:50.362320+05:30"}
{"type": "INSERT", "txn_id": "f0438450-b984-497e-89c2-20dd2e91509a", "table": "products", "key": "TX_200_43", "before": null, "after": {"product_id": "TX_200_43", "name": "TX43", "stock": 10, "price": 5.0}, "timestamp": "2026-04-14T14:55:50.363687+05:30"}
{"type": "COMMIT", "txn_id": "f0438450-b984-497e-89c2-20dd2e91509a", "timestamp": "2026-04-14T14:55:50.364690+05:30"}
{"type": "BEGIN", "txn_id": "c726ac18-863e-4542-93be-a64a072f146d", "timestamp": "2026-04-14T14:55:50.367767+05:30"}
{"type": "INSERT", "txn_id": "c726ac18-863e-4542-93be-a64a072f146d", "table": "products", "key": "TX_200_44", "before": null, "after": {"product_id": "TX_200_44", "name": "TX44", "stock": 10, "price": 5.0}, "timestamp": "2026-04-14T14:55:50.369134+05:30"}
{"type": "COMMIT", "txn_id": "c726ac18-863e-4542-93be-a64a072f146d", "timestamp": "2026-04-14T14:55:50.370369+05:30"}
{"type": "BEGIN", "txn_id": "ef6fec1d-535b-45c7-aef5-13bc1d41e191", "timestamp": "2026-04-14T14:55:50.373533+05:30"}
{"type": "INSERT", "txn_id": "ef6fec1d-535b-45c7-aef5-13bc1d41e191", "table": "products", "key": "TX_200_45", "before": null, "after": {"product_id": "TX_200_45", "name": "TX45", "stock": 10, "price": 5.0}, "timestamp": "2026-04-14T14:55:50.374878+05:30"}
{"type": "COMMIT", "txn_id": "ef6fec1d-535b-45c7-aef5-13bc1d41e191", "timestamp": "2026-04-14T14:55:50.375857+05:30"}
{"type": "BEGIN", "txn_id": "4de6f0b4-bfdd-4441-af5d-85c023bd9db8", "timestamp": "2026-04-14T14:55:50.379576+05:30"}
{"type": "INSERT", "txn_id": "4de6f0b4-bfdd-4441-af5d-85c023bd9db8", "table": "products", "key": "TX_200_46", "before": null, "after": {"product_id": "TX_200_46", "name": "TX46", "stock": 10, "price": 5.0}, "timestamp": "2026-04-14T14:55:50.380956+05:30"}
{"type": "COMMIT", "txn_id": "4de6f0b4-bfdd-4441-af5d-85c023bd9db8", "timestamp": "2026-04-14T14:55:50.381974+05:30"}
{"type": "BEGIN", "txn_id": "de754980-d114-409b-a07a-7a3631855930", "timestamp": "2026-04-14T14:55:50.385207+05:30"}
{"type": "INSERT", "txn_id": "de754980-d114-409b-a07a-7a3631855930", "table": "products", "key": "TX_200_47", "before": null, "after": {"product_id": "TX_200_47", "name": "TX47", "stock": 10, "price": 5.0}, "timestamp": "2026-04-14T14:55:50.386788+05:30"}
{"type": "COMMIT", "txn_id": "de754980-d114-409b-a07a-7a3631855930", "timestamp": "2026-04-14T14:55:50.387809+05:30"}
{"type": "BEGIN", "txn_id": "e117d9f6-8b7b-4d2c-bf92-c55265a95ea4", "timestamp": "2026-04-14T14:55:50.390876+05:30"}
{"type": "INSERT", "txn_id": "e117d9f6-8b7b-4d2c-bf92-c55265a95ea4", "table": "products", "key": "TX_200_48", "before": null, "after": {"product_id": "TX_200_48", "name": "TX48", "stock": 10, "price": 5.0}, "timestamp": "2026-04-14T14:55:50.392389+05:30"}
{"type": "COMMIT", "txn_id": "e117d9f6-8b7b-4d2c-bf92-c55265a95ea4", "timestamp": "2026-04-14T14:55:50.393743+05:30"}
{"type": "BEGIN", "txn_id": "789be4a4-1515-4716-986f-4cbacfe151d9", "timestamp": "2026-04-14T14:55:50.397159+05:30"}
{"type": "INSERT", "txn_id": "789be4a4-1515-4716-986f-4cbacfe151d9", "table": "products", "key": "TX_200_49", "before": null, "after": {"product_id": "TX_200_49", "name": "TX49", "stock": 10, "price": 5.0}, "timestamp": "2026-04-14T14:55:50.398635+05:30"}
{"type": "COMMIT", "txn_id": "789be4a4-1515-4716-986f-4cbacfe151d9", "timestamp": "2026-04-14T14:55:50.399639+05:30"}
{"type": "BEGIN", "txn_id": "930f87e6-25d4-4c75-84be-a21cfa71dd51", "timestamp": "2026-04-14T14:55:50.402617+05:30"}
{"type": "INSERT", "txn_id": "930f87e6-25d4-4c75-84be-a21cfa71dd51", "table": "products", "key": "TX_200_50", "before": null, "after": {"product_id": "TX_200_50", "name": "TX50", "stock": 10, "price": 5.0}, "timestamp": "2026-04-14T14:55:50.403818+05:30"}
{"type": "COMMIT", "txn_id": "930f87e6-25d4-4c75-84be-a21cfa71dd51", "timestamp": "2026-04-14T14:55:50.404669+05:30"}
{"type": "BEGIN", "txn_id": "925ded4a-13ec-415e-bb3d-a5e6ca6e163a", "timestamp": "2026-04-14T14:55:50.407385+05:30"}
{"type": "INSERT", "txn_id": "925ded4a-13ec-415e-bb3d-a5e6ca6e163a", "table": "products", "key": "TX_200_51", "before": null, "after": {"product_id": "TX_200_51", "name": "TX51", "stock": 10, "price": 5.0}, "timestamp": "2026-04-14T14:55:50.408542+05:30"}
{"type": "COMMIT", "txn_id": "925ded4a-13ec-415e-bb3d-a5e6ca6e163a", "timestamp": "2026-04-14T14:55:50.410550+05:30"}
{"type": "BEGIN", "txn_id": "1a487c40-c59e-4881-b0da-274df7c02155", "timestamp": "2026-04-14T14:55:50.413886+05:30"}
{"type": "INSERT", "txn_id": "1a487c40-c59e-4881-b0da-274df7c02155", "table": "products", "key": "TX_200_52", "before": null, "after": {"product_id": "TX_200_52", "name": "TX52", "stock": 10, "price": 5.0}, "timestamp": "2026-04-14T14:55:50.415378+05:30"}
{"type": "COMMIT", "txn_id": "1a487c40-c59e-4881-b0da-274df7c02155", "timestamp": "2026-04-14T14:55:50.416342+05:30"}
{"type": "BEGIN", "txn_id": "32db9949-949a-453c-8e52-a2bc495c8d86", "timestamp": "2026-04-14T14:55:50.419421+05:30"}
{"type": "INSERT", "txn_id": "32db9949-949a-453c-8e52-a2bc495c8d86", "table": "products", "key": "TX_200_53", "before": null, "after": {"product_id": "TX_200_53", "name": "TX53", "stock": 10, "price": 5.0}, "timestamp": "2026-04-14T14:55:50.420809+05:30"}
{"type": "COMMIT", "txn_id": "32db9949-949a-453c-8e52-a2bc495c8d86", "timestamp": "2026-04-14T14:55:50.421799+05:30"}
{"type": "BEGIN", "txn_id": "0659ebb9-af0d-4cd1-a812-8781501a4a90", "timestamp": "2026-04-14T14:55:50.424768+05:30"}
{"type": "INSERT", "txn_id": "0659ebb9-af0d-4cd1-a812-8781501a4a90", "table": "products", "key": "TX_200_54", "before": null, "after": {"product_id": "TX_200_54", "name": "TX54", "stock": 10, "price": 5.0}, "timestamp": "2026-04-14T14:55:50.427596+05:30"}
{"type": "COMMIT", "txn_id": "0659ebb9-af0d-4cd1-a812-8781501a4a90", "timestamp": "2026-04-14T14:55:50.429329+05:30"}
{"type": "BEGIN", "txn_id": "340db63c-2b33-4940-9712-769b68d62b83", "timestamp": "2026-04-14T14:55:50.432641+05:30"}
{"type": "INSERT", "txn_id": "340db63c-2b33-4940-9712-769b68d62b83", "table": "products", "key": "TX_200_55", "before": null, "after": {"product_id": "TX_200_55", "name": "TX55", "stock": 10, "price": 5.0}, "timestamp": "2026-04-14T14:55:50.434013+05:30"}
{"type": "COMMIT", "txn_id": "340db63c-2b33-4940-9712-769b68d62b83", "timestamp": "2026-04-14T14:55:50.435005+05:30"}
{"type": "BEGIN", "txn_id": "6856be43-60a4-4e1c-99ed-1b0ba52386c9", "timestamp": "2026-04-14T14:55:50.438037+05:30"}
{"type": "INSERT", "txn_id": "6856be43-60a4-4e1c-99ed-1b0ba52386c9", "table": "products", "key": "TX_200_56", "before": null, "after": {"product_id": "TX_200_56", "name": "TX56", "stock": 10, "price": 5.0}, "timestamp": "2026-04-14T14:55:50.439458+05:30"}
{"type": "COMMIT", "txn_id": "6856be43-60a4-4e1c-99ed-1b0ba52386c9", "timestamp": "2026-04-14T14:55:50.440376+05:30"}
{"type": "BEGIN", "txn_id": "351ca673-ccbc-4b9c-a7e9-5fc882a85ff4", "timestamp": "2026-04-14T14:55:50.444959+05:30"}
{"type": "INSERT", "txn_id": "351ca673-ccbc-4b9c-a7e9-5fc882a85ff4", "table": "products", "key": "TX_200_57", "before": null, "after": {"product_id": "TX_200_57", "name": "TX57", "stock": 10, "price": 5.0}, "timestamp": "2026-04-14T14:55:50.446602+05:30"}
{"type": "COMMIT", "txn_id": "351ca673-ccbc-4b9c-a7e9-5fc882a85ff4", "timestamp": "2026-04-14T14:55:50.447660+05:30"}
{"type": "BEGIN", "txn_id": "db0d5317-88d6-4fe8-a3ba-5e81447c2bd8", "timestamp": "2026-04-14T14:55:50.450613+05:30"}
{"type": "INSERT", "txn_id": "db0d5317-88d6-4fe8-a3ba-5e81447c2bd8", "table": "products", "key": "TX_200_58", "before": null, "after": {"product_id": "TX_200_58", "name": "TX58", "stock": 10, "price": 5.0}, "timestamp": "2026-04-14T14:55:50.451941+05:30"}
{"type": "COMMIT", "txn_id": "db0d5317-88d6-4fe8-a3ba-5e81447c2bd8", "timestamp": "2026-04-14T14:55:50.452888+05:30"}
{"type": "BEGIN", "txn_id": "d2eddfd7-97e8-474f-868e-ccb6bcf2ef1a", "timestamp": "2026-04-14T14:55:50.455898+05:30"}
{"type": "INSERT", "txn_id": "d2eddfd7-97e8-474f-868e-ccb6bcf2ef1a", "table": "products", "key": "TX_200_59", "before": null, "after": {"product_id": "TX_200_59", "name": "TX59", "stock": 10, "price": 5.0}, "timestamp": "2026-04-14T14:55:50.458064+05:30"}
{"type": "COMMIT", "txn_id": "d2eddfd7-97e8-474f-868e-ccb6bcf2ef1a", "timestamp": "2026-04-14T14:55:50.459236+05:30"}
{"type": "BEGIN", "txn_id": "3870c72f-8c0d-4107-9d7e-ca29bd813484", "timestamp": "2026-04-14T14:55:50.465378+05:30"}
{"type": "INSERT", "txn_id": "3870c72f-8c0d-4107-9d7e-ca29bd813484", "table": "products", "key": "TX_200_60", "before": null, "after": {"product_id": "TX_200_60", "name": "TX60", "stock": 10, "price": 5.0}, "timestamp": "2026-04-14T14:55:50.466735+05:30"}
{"type": "COMMIT", "txn_id": "3870c72f-8c0d-4107-9d7e-ca29bd813484", "timestamp": "2026-04-14T14:55:50.467688+05:30"}
{"type": "BEGIN", "txn_id": "a0e501d9-ecf0-4e93-a09c-1fadb45ec96e", "timestamp": "2026-04-14T14:55:50.470757+05:30"}
{"type": "INSERT", "txn_id": "a0e501d9-ecf0-4e93-a09c-1fadb45ec96e", "table": "products", "key": "TX_200_61", "before": null, "after": {"product_id": "TX_200_61", "name": "TX61", "stock": 10, "price": 5.0}, "timestamp": "2026-04-14T14:55:50.472095+05:30"}
{"type": "COMMIT", "txn_id": "a0e501d9-ecf0-4e93-a09c-1fadb45ec96e", "timestamp": "2026-04-14T14:55:50.473391+05:30"}
{"type": "BEGIN", "txn_id": "8ef21530-da40-4555-8f2e-ea9b038792d5", "timestamp": "2026-04-14T14:55:50.477618+05:30"}
{"type": "INSERT", "txn_id": "8ef21530-da40-4555-8f2e-ea9b038792d5", "table": "products", "key": "TX_200_62", "before": null, "after": {"product_id": "TX_200_62", "name": "TX62", "stock": 10, "price": 5.0}, "timestamp": "2026-04-14T14:55:50.479188+05:30"}
{"type": "COMMIT", "txn_id": "8ef21530-da40-4555-8f2e-ea9b038792d5", "timestamp": "2026-04-14T14:55:50.480169+05:30"}
{"type": "BEGIN", "txn_id": "1e4d34c1-7faa-4551-accc-59cd8a2d5108", "timestamp": "2026-04-14T14:55:50.483347+05:30"}
{"type": "INSERT", "txn_id": "1e4d34c1-7faa-4551-accc-59cd8a2d5108", "table": "products", "key": "TX_200_63", "before": null, "after": {"product_id": "TX_200_63", "name": "TX63", "stock": 10, "price": 5.0}, "timestamp": "2026-04-14T14:55:50.484683+05:30"}
{"type": "COMMIT", "txn_id": "1e4d34c1-7faa-4551-accc-59cd8a2d5108", "timestamp": "2026-04-14T14:55:50.485664+05:30"}
{"type": "BEGIN", "txn_id": "e3952e40-b124-4831-aafd-6f5260b66957", "timestamp": "2026-04-14T14:55:50.489063+05:30"}
{"type": "INSERT", "txn_id": "e3952e40-b124-4831-aafd-6f5260b66957", "table": "products", "key": "TX_200_64", "before": null, "after": {"product_id": "TX_200_64", "name": "TX64", "stock": 10, "price": 5.0}, "timestamp": "2026-04-14T14:55:50.490591+05:30"}
{"type": "COMMIT", "txn_id": "e3952e40-b124-4831-aafd-6f5260b66957", "timestamp": "2026-04-14T14:55:50.491676+05:30"}
{"type": "BEGIN", "txn_id": "e983dbc2-3fe3-4d0e-a72d-efbb315ac5f6", "timestamp": "2026-04-14T14:55:50.495465+05:30"}
{"type": "INSERT", "txn_id": "e983dbc2-3fe3-4d0e-a72d-efbb315ac5f6", "table": "products", "key": "TX_200_65", "before": null, "after": {"product_id": "TX_200_65", "name": "TX65", "stock": 10, "price": 5.0}, "timestamp": "2026-04-14T14:55:50.496831+05:30"}
{"type": "COMMIT", "txn_id": "e983dbc2-3fe3-4d0e-a72d-efbb315ac5f6", "timestamp": "2026-04-14T14:55:50.497802+05:30"}
{"type": "BEGIN", "txn_id": "248ca9c7-41d3-42f5-aa01-5827af0fed7f", "timestamp": "2026-04-14T14:55:50.500800+05:30"}
{"type": "INSERT", "txn_id": "248ca9c7-41d3-42f5-aa01-5827af0fed7f", "table": "products", "key": "TX_200_66", "before": null, "after": {"product_id": "TX_200_66", "name": "TX66", "stock": 10, "price": 5.0}, "timestamp": "2026-04-14T14:55:50.502117+05:30"}
{"type": "COMMIT", "txn_id": "248ca9c7-41d3-42f5-aa01-5827af0fed7f", "timestamp": "2026-04-14T14:55:50.503075+05:30"}
{"type": "BEGIN", "txn_id": "65b752f3-d28b-4242-943e-88867cb87cb4", "timestamp": "2026-04-14T14:55:50.506211+05:30"}
{"type": "INSERT", "txn_id": "65b752f3-d28b-4242-943e-88867cb87cb4", "table": "products", "key": "TX_200_67", "before": null, "after": {"product_id": "TX_200_67", "name": "TX67", "stock": 10, "price": 5.0}, "timestamp": "2026-04-14T14:55:50.507545+05:30"}
{"type": "COMMIT", "txn_id": "65b752f3-d28b-4242-943e-88867cb87cb4", "timestamp": "2026-04-14T14:55:50.508508+05:30"}
{"type": "BEGIN", "txn_id": "403d0d6a-080d-422d-825c-9faaea158aac", "timestamp": "2026-04-14T14:55:50.512256+05:30"}
{"type": "INSERT", "txn_id": "403d0d6a-080d-422d-825c-9faaea158aac", "table": "products", "key": "TX_200_68", "before": null, "after": {"product_id": "TX_200_68", "name": "TX68", "stock": 10, "price": 5.0}, "timestamp": "2026-04-14T14:55:50.513849+05:30"}
{"type": "COMMIT", "txn_id": "403d0d6a-080d-422d-825c-9faaea158aac", "timestamp": "2026-04-14T14:55:50.514844+05:30"}
{"type": "BEGIN", "txn_id": "40c04d7f-8006-4d6d-a51f-d9bfc9180469", "timestamp": "2026-04-14T14:55:50.517987+05:30"}
{"type": "INSERT", "txn_id": "40c04d7f-8006-4d6d-a51f-d9bfc9180469", "table": "products", "key": "TX_200_69", "before": null, "after": {"product_id": "TX_200_69", "name": "TX69", "stock": 10, "price": 5.0}, "timestamp": "2026-04-14T14:55:50.519223+05:30"}
{"type": "COMMIT", "txn_id": "40c04d7f-8006-4d6d-a51f-d9bfc9180469", "timestamp": "2026-04-14T14:55:50.520405+05:30"}
{"type": "BEGIN", "txn_id": "524ec53e-3fd5-45a9-9823-290a64887a40", "timestamp": "2026-04-14T14:55:50.523543+05:30"}
{"type": "INSERT", "txn_id": "524ec53e-3fd5-45a9-9823-290a64887a40", "table": "products", "key": "TX_200_70", "before": null, "after": {"product_id": "TX_200_70", "name": "TX70", "stock": 10, "price": 5.0}, "timestamp": "2026-04-14T14:55:50.524887+05:30"}
{"type": "COMMIT", "txn_id": "524ec53e-3fd5-45a9-9823-290a64887a40", "timestamp": "2026-04-14T14:55:50.525847+05:30"}
{"type": "BEGIN", "txn_id": "9f8b077a-4fef-47d5-98bd-bdea4ea97c28", "timestamp": "2026-04-14T14:55:50.529634+05:30"}
{"type": "INSERT", "txn_id": "9f8b077a-4fef-47d5-98bd-bdea4ea97c28", "table": "products", "key": "TX_200_71", "before": null, "after": {"product_id": "TX_200_71", "name": "TX71", "stock": 10, "price": 5.0}, "timestamp": "2026-04-14T14:55:50.531078+05:30"}
{"type": "COMMIT", "txn_id": "9f8b077a-4fef-47d5-98bd-bdea4ea97c28", "timestamp": "2026-04-14T14:55:50.532082+05:30"}
{"type": "BEGIN", "txn_id": "dbaa9271-db8c-4bf5-a658-4bed7fcc8f44", "timestamp": "2026-04-14T14:55:50.535175+05:30"}
{"type": "INSERT", "txn_id": "dbaa9271-db8c-4bf5-a658-4bed7fcc8f44", "table": "products", "key": "TX_200_72", "before": null, "after": {"product_id": "TX_200_72", "name": "TX72", "stock": 10, "price": 5.0}, "timestamp": "2026-04-14T14:55:50.536745+05:30"}
{"type": "COMMIT", "txn_id": "dbaa9271-db8c-4bf5-a658-4bed7fcc8f44", "timestamp": "2026-04-14T14:55:50.537718+05:30"}
{"type": "BEGIN", "txn_id": "d2b51fbb-49a2-4a71-884c-6e5d218a308a", "timestamp": "2026-04-14T14:55:50.541073+05:30"}
{"type": "INSERT", "txn_id": "d2b51fbb-49a2-4a71-884c-6e5d218a308a", "table": "products", "key": "TX_200_73", "before": null, "after": {"product_id": "TX_200_73", "name": "TX73", "stock": 10, "price": 5.0}, "timestamp": "2026-04-14T14:55:50.542671+05:30"}
{"type": "COMMIT", "txn_id": "d2b51fbb-49a2-4a71-884c-6e5d218a308a", "timestamp": "2026-04-14T14:55:50.544059+05:30"}
{"type": "BEGIN", "txn_id": "b6b83a17-257b-490a-abc8-bd352936a1fe", "timestamp": "2026-04-14T14:55:50.547390+05:30"}
{"type": "INSERT", "txn_id": "b6b83a17-257b-490a-abc8-bd352936a1fe", "table": "products", "key": "TX_200_74", "before": null, "after": {"product_id": "TX_200_74", "name": "TX74", "stock": 10, "price": 5.0}, "timestamp": "2026-04-14T14:55:50.548728+05:30"}
{"type": "COMMIT", "txn_id": "b6b83a17-257b-490a-abc8-bd352936a1fe", "timestamp": "2026-04-14T14:55:50.549678+05:30"}
{"type": "BEGIN", "txn_id": "48de356d-1c9c-4255-bea2-5264245dcfb1", "timestamp": "2026-04-14T14:55:50.553593+05:30"}
{"type": "INSERT", "txn_id": "48de356d-1c9c-4255-bea2-5264245dcfb1", "table": "products", "key": "TX_200_75", "before": null, "after": {"product_id": "TX_200_75", "name": "TX75", "stock": 10, "price": 5.0}, "timestamp": "2026-04-14T14:55:50.555067+05:30"}
{"type": "COMMIT", "txn_id": "48de356d-1c9c-4255-bea2-5264245dcfb1", "timestamp": "2026-04-14T14:55:50.556122+05:30"}
{"type": "BEGIN", "txn_id": "03eb1154-917b-4c12-b2bf-3b7808ab2495", "timestamp": "2026-04-14T14:55:50.559437+05:30"}
{"type": "INSERT", "txn_id": "03eb1154-917b-4c12-b2bf-3b7808ab2495", "table": "products", "key": "TX_200_76", "before": null, "after": {"product_id": "TX_200_76", "name": "TX76", "stock": 10, "price": 5.0}, "timestamp": "2026-04-14T14:55:50.561418+05:30"}
{"type": "COMMIT", "txn_id": "03eb1154-917b-4c12-b2bf-3b7808ab2495", "timestamp": "2026-04-14T14:55:50.562415+05:30"}
{"type": "BEGIN", "txn_id": "8d375443-9f59-46d2-9988-3c0161d093bf", "timestamp": "2026-04-14T14:55:50.565589+05:30"}
{"type": "INSERT", "txn_id": "8d375443-9f59-46d2-9988-3c0161d093bf", "table": "products", "key": "TX_200_77", "before": null, "after": {"product_id": "TX_200_77", "name": "TX77", "stock": 10, "price": 5.0}, "timestamp": "2026-04-14T14:55:50.566956+05:30"}
{"type": "COMMIT", "txn_id": "8d375443-9f59-46d2-9988-3c0161d093bf", "timestamp": "2026-04-14T14:55:50.568038+05:30"}
{"type": "BEGIN", "txn_id": "bf50ea2b-d8fe-41ca-a1a0-68e82897ddea", "timestamp": "2026-04-14T14:55:50.571012+05:30"}
{"type": "INSERT", "txn_id": "bf50ea2b-d8fe-41ca-a1a0-68e82897ddea", "table": "products", "key": "TX_200_78", "before": null, "after": {"product_id": "TX_200_78", "name": "TX78", "stock": 10, "price": 5.0}, "timestamp": "2026-04-14T14:55:50.572236+05:30"}
{"type": "COMMIT", "txn_id": "bf50ea2b-d8fe-41ca-a1a0-68e82897ddea", "timestamp": "2026-04-14T14:55:50.573106+05:30"}
{"type": "BEGIN", "txn_id": "4f6887a9-cddf-4e36-bd21-6514e13b8135", "timestamp": "2026-04-14T14:55:50.576173+05:30"}
{"type": "INSERT", "txn_id": "4f6887a9-cddf-4e36-bd21-6514e13b8135", "table": "products", "key": "TX_200_79", "before": null, "after": {"product_id": "TX_200_79", "name": "TX79", "stock": 10, "price": 5.0}, "timestamp": "2026-04-14T14:55:50.578186+05:30"}
{"type": "COMMIT", "txn_id": "4f6887a9-cddf-4e36-bd21-6514e13b8135", "timestamp": "2026-04-14T14:55:50.579165+05:30"}
{"type": "BEGIN", "txn_id": "350a5c1e-a24b-4666-86df-051a73135e03", "timestamp": "2026-04-14T14:55:50.582389+05:30"}
{"type": "INSERT", "txn_id": "350a5c1e-a24b-4666-86df-051a73135e03", "table": "products", "key": "TX_200_80", "before": null, "after": {"product_id": "TX_200_80", "name": "TX80", "stock": 10, "price": 5.0}, "timestamp": "2026-04-14T14:55:50.584038+05:30"}
{"type": "COMMIT", "txn_id": "350a5c1e-a24b-4666-86df-051a73135e03", "timestamp": "2026-04-14T14:55:50.585203+05:30"}
{"type": "BEGIN", "txn_id": "65575edf-912b-4d03-af54-7d3527cb02b2", "timestamp": "2026-04-14T14:55:50.588427+05:30"}
{"type": "INSERT", "txn_id": "65575edf-912b-4d03-af54-7d3527cb02b2", "table": "products", "key": "TX_200_81", "before": null, "after": {"product_id": "TX_200_81", "name": "TX81", "stock": 10, "price": 5.0}, "timestamp": "2026-04-14T14:55:50.589819+05:30"}
{"type": "COMMIT", "txn_id": "65575edf-912b-4d03-af54-7d3527cb02b2", "timestamp": "2026-04-14T14:55:50.590730+05:30"}
{"type": "BEGIN", "txn_id": "fb744f0e-27a5-4066-802a-a3c6f39a343a", "timestamp": "2026-04-14T14:55:50.595304+05:30"}
{"type": "INSERT", "txn_id": "fb744f0e-27a5-4066-802a-a3c6f39a343a", "table": "products", "key": "TX_200_82", "before": null, "after": {"product_id": "TX_200_82", "name": "TX82", "stock": 10, "price": 5.0}, "timestamp": "2026-04-14T14:55:50.596846+05:30"}
{"type": "COMMIT", "txn_id": "fb744f0e-27a5-4066-802a-a3c6f39a343a", "timestamp": "2026-04-14T14:55:50.597827+05:30"}
{"type": "BEGIN", "txn_id": "7827ef55-0eed-4e80-964d-ad6e8f59f211", "timestamp": "2026-04-14T14:55:50.601042+05:30"}
{"type": "INSERT", "txn_id": "7827ef55-0eed-4e80-964d-ad6e8f59f211", "table": "products", "key": "TX_200_83", "before": null, "after": {"product_id": "TX_200_83", "name": "TX83", "stock": 10, "price": 5.0}, "timestamp": "2026-04-14T14:55:50.602462+05:30"}
{"type": "COMMIT", "txn_id": "7827ef55-0eed-4e80-964d-ad6e8f59f211", "timestamp": "2026-04-14T14:55:50.603440+05:30"}
{"type": "BEGIN", "txn_id": "f40109e2-35bd-428c-9289-a24480b8630f", "timestamp": "2026-04-14T14:55:50.606646+05:30"}
{"type": "INSERT", "txn_id": "f40109e2-35bd-428c-9289-a24480b8630f", "table": "products", "key": "TX_200_84", "before": null, "after": {"product_id": "TX_200_84", "name": "TX84", "stock": 10, "price": 5.0}, "timestamp": "2026-04-14T14:55:50.607988+05:30"}
{"type": "COMMIT", "txn_id": "f40109e2-35bd-428c-9289-a24480b8630f", "timestamp": "2026-04-14T14:55:50.609387+05:30"}
{"type": "BEGIN", "txn_id": "bad69315-b7ed-4f49-988f-e1eef01541e2", "timestamp": "2026-04-14T14:55:50.613485+05:30"}
{"type": "INSERT", "txn_id": "bad69315-b7ed-4f49-988f-e1eef01541e2", "table": "products", "key": "TX_200_85", "before": null, "after": {"product_id": "TX_200_85", "name": "TX85", "stock": 10, "price": 5.0}, "timestamp": "2026-04-14T14:55:50.614838+05:30"}
{"type": "COMMIT", "txn_id": "bad69315-b7ed-4f49-988f-e1eef01541e2", "timestamp": "2026-04-14T14:55:50.615790+05:30"}
{"type": "BEGIN", "txn_id": "55b2064b-d59b-482e-a7e1-4b8844ac9a27", "timestamp": "2026-04-14T14:55:50.619025+05:30"}
{"type": "INSERT", "txn_id": "55b2064b-d59b-482e-a7e1-4b8844ac9a27", "table": "products", "key": "TX_200_86", "before": null, "after": {"product_id": "TX_200_86", "name": "TX86", "stock": 10, "price": 5.0}, "timestamp": "2026-04-14T14:55:50.620524+05:30"}
{"type": "COMMIT", "txn_id": "55b2064b-d59b-482e-a7e1-4b8844ac9a27", "timestamp": "2026-04-14T14:55:50.621500+05:30"}
{"type": "BEGIN", "txn_id": "f0ddd573-5cf4-4929-bfcf-f53454345e67", "timestamp": "2026-04-14T14:55:50.624575+05:30"}
{"type": "INSERT", "txn_id": "f0ddd573-5cf4-4929-bfcf-f53454345e67", "table": "products", "key": "TX_200_87", "before": null, "after": {"product_id": "TX_200_87", "name": "TX87", "stock": 10, "price": 5.0}, "timestamp": "2026-04-14T14:55:50.626723+05:30"}
{"type": "COMMIT", "txn_id": "f0ddd573-5cf4-4929-bfcf-f53454345e67", "timestamp": "2026-04-14T14:55:50.628149+05:30"}
{"type": "BEGIN", "txn_id": "13c216ec-8bf3-49ab-9e35-c05a9e5b552b", "timestamp": "2026-04-14T14:55:50.631396+05:30"}
{"type": "INSERT", "txn_id": "13c216ec-8bf3-49ab-9e35-c05a9e5b552b", "table": "products", "key": "TX_200_88", "before": null, "after": {"product_id": "TX_200_88", "name": "TX88", "stock": 10, "price": 5.0}, "timestamp": "2026-04-14T14:55:50.632778+05:30"}
{"type": "COMMIT", "txn_id": "13c216ec-8bf3-49ab-9e35-c05a9e5b552b", "timestamp": "2026-04-14T14:55:50.633695+05:30"}
{"type": "BEGIN", "txn_id": "d1bdd48e-c7e4-4d3a-be5f-209c8e06ba20", "timestamp": "2026-04-14T14:55:50.636852+05:30"}
{"type": "INSERT", "txn_id": "d1bdd48e-c7e4-4d3a-be5f-209c8e06ba20", "table": "products", "key": "TX_200_89", "before": null, "after": {"product_id": "TX_200_89", "name": "TX89", "stock": 10, "price": 5.0}, "timestamp": "2026-04-14T14:55:50.638184+05:30"}
{"type": "COMMIT", "txn_id": "d1bdd48e-c7e4-4d3a-be5f-209c8e06ba20", "timestamp": "2026-04-14T14:55:50.639325+05:30"}
{"type": "BEGIN", "txn_id": "0d0ae28d-e05f-4d5e-95e1-5d3e967b7438", "timestamp": "2026-04-14T14:55:50.644078+05:30"}
{"type": "INSERT", "txn_id": "0d0ae28d-e05f-4d5e-95e1-5d3e967b7438", "table": "products", "key": "TX_200_90", "before": null, "after": {"product_id": "TX_200_90", "name": "TX90", "stock": 10, "price": 5.0}, "timestamp": "2026-04-14T14:55:50.645734+05:30"}
{"type": "COMMIT", "txn_id": "0d0ae28d-e05f-4d5e-95e1-5d3e967b7438", "timestamp": "2026-04-14T14:55:50.646696+05:30"}
{"type": "BEGIN", "txn_id": "84809ff3-4b85-42f1-ac18-6fed743fafba", "timestamp": "2026-04-14T14:55:50.649881+05:30"}
{"type": "INSERT", "txn_id": "84809ff3-4b85-42f1-ac18-6fed743fafba", "table": "products", "key": "TX_200_91", "before": null, "after": {"product_id": "TX_200_91", "name": "TX91", "stock": 10, "price": 5.0}, "timestamp": "2026-04-14T14:55:50.651250+05:30"}
{"type": "COMMIT", "txn_id": "84809ff3-4b85-42f1-ac18-6fed743fafba", "timestamp": "2026-04-14T14:55:50.652219+05:30"}
{"type": "BEGIN", "txn_id": "e59d5956-b971-4a43-8693-39585861e8ca", "timestamp": "2026-04-14T14:55:50.655299+05:30"}
{"type": "INSERT", "txn_id": "e59d5956-b971-4a43-8693-39585861e8ca", "table": "products", "key": "TX_200_92", "before": null, "after": {"product_id": "TX_200_92", "name": "TX92", "stock": 10, "price": 5.0}, "timestamp": "2026-04-14T14:55:50.657282+05:30"}
{"type": "COMMIT", "txn_id": "e59d5956-b971-4a43-8693-39585861e8ca", "timestamp": "2026-04-14T14:55:50.658718+05:30"}
{"type": "BEGIN", "txn_id": "80f7450a-0c28-4037-8833-59b0aa76a21e", "timestamp": "2026-04-14T14:55:50.663185+05:30"}
{"type": "INSERT", "txn_id": "80f7450a-0c28-4037-8833-59b0aa76a21e", "table": "products", "key": "TX_200_93", "before": null, "after": {"product_id": "TX_200_93", "name": "TX93", "stock": 10, "price": 5.0}, "timestamp": "2026-04-14T14:55:50.665750+05:30"}
{"type": "COMMIT", "txn_id": "80f7450a-0c28-4037-8833-59b0aa76a21e", "timestamp": "2026-04-14T14:55:50.666735+05:30"}
{"type": "BEGIN", "txn_id": "acd1f054-112b-4072-95f4-44f54c85df11", "timestamp": "2026-04-14T14:55:50.669812+05:30"}
{"type": "INSERT", "txn_id": "acd1f054-112b-4072-95f4-44f54c85df11", "table": "products", "key": "TX_200_94", "before": null, "after": {"product_id": "TX_200_94", "name": "TX94", "stock": 10, "price": 5.0}, "timestamp": "2026-04-14T14:55:50.671131+05:30"}
{"type": "COMMIT", "txn_id": "acd1f054-112b-4072-95f4-44f54c85df11", "timestamp": "2026-04-14T14:55:50.672889+05:30"}
{"type": "BEGIN", "txn_id": "924b8015-1ff4-4290-aefe-5b8e0366628b", "timestamp": "2026-04-14T14:55:50.677844+05:30"}
{"type": "INSERT", "txn_id": "924b8015-1ff4-4290-aefe-5b8e0366628b", "table": "products", "key": "TX_200_95", "before": null, "after": {"product_id": "TX_200_95", "name": "TX95", "stock": 10, "price": 5.0}, "timestamp": "2026-04-14T14:55:50.679322+05:30"}
{"type": "COMMIT", "txn_id": "924b8015-1ff4-4290-aefe-5b8e0366628b", "timestamp": "2026-04-14T14:55:50.680430+05:30"}
{"type": "BEGIN", "txn_id": "c6212720-8f31-468f-9755-8fae21894df5", "timestamp": "2026-04-14T14:55:50.683676+05:30"}
{"type": "INSERT", "txn_id": "c6212720-8f31-468f-9755-8fae21894df5", "table": "products", "key": "TX_200_96", "before": null, "after": {"product_id": "TX_200_96", "name": "TX96", "stock": 10, "price": 5.0}, "timestamp": "2026-04-14T14:55:50.685114+05:30"}
{"type": "COMMIT", "txn_id": "c6212720-8f31-468f-9755-8fae21894df5", "timestamp": "2026-04-14T14:55:50.686089+05:30"}
{"type": "BEGIN", "txn_id": "984914c8-86ca-45a9-af1e-4dd93550439f", "timestamp": "2026-04-14T14:55:50.689697+05:30"}
{"type": "INSERT", "txn_id": "984914c8-86ca-45a9-af1e-4dd93550439f", "table": "products", "key": "TX_200_97", "before": null, "after": {"product_id": "TX_200_97", "name": "TX97", "stock": 10, "price": 5.0}, "timestamp": "2026-04-14T14:55:50.691487+05:30"}
{"type": "COMMIT", "txn_id": "984914c8-86ca-45a9-af1e-4dd93550439f", "timestamp": "2026-04-14T14:55:50.692676+05:30"}
{"type": "BEGIN", "txn_id": "e4aa3fe8-f0e2-4a02-a68b-1e6ef8680ea9", "timestamp": "2026-04-14T14:55:50.696406+05:30"}
{"type": "INSERT", "txn_id": "e4aa3fe8-f0e2-4a02-a68b-1e6ef8680ea9", "table": "products", "key": "TX_200_98", "before": null, "after": {"product_id": "TX_200_98", "name": "TX98", "stock": 10, "price": 5.0}, "timestamp": "2026-04-14T14:55:50.697784+05:30"}
{"type": "COMMIT", "txn_id": "e4aa3fe8-f0e2-4a02-a68b-1e6ef8680ea9", "timestamp": "2026-04-14T14:55:50.698821+05:30"}
{"type": "BEGIN", "txn_id": "36a21f8e-3172-4165-8490-7b90069d6667", "timestamp": "2026-04-14T14:55:50.702030+05:30"}
{"type": "INSERT", "txn_id": "36a21f8e-3172-4165-8490-7b90069d6667", "table": "products", "key": "TX_200_99", "before": null, "after": {"product_id": "TX_200_99", "name": "TX99", "stock": 10, "price": 5.0}, "timestamp": "2026-04-14T14:55:50.703347+05:30"}
{"type": "COMMIT", "txn_id": "36a21f8e-3172-4165-8490-7b90069d6667", "timestamp": "2026-04-14T14:55:50.704546+05:30"}
{"type": "BEGIN", "txn_id": "05f88438-9d61-4bd4-8f03-9013ccf6d4f0", "timestamp": "2026-04-14T14:55:50.707649+05:30"}
{"type": "INSERT", "txn_id": "05f88438-9d61-4bd4-8f03-9013ccf6d4f0", "table": "products", "key": "TX_200_100", "before": null, "after": {"product_id": "TX_200_100", "name": "TX100", "stock": 10, "price": 5.0}, "timestamp": "2026-04-14T14:55:50.709346+05:30"}
{"type": "COMMIT", "txn_id": "05f88438-9d61-4bd4-8f03-9013ccf6d4f0", "timestamp": "2026-04-14T14:55:50.710943+05:30"}
{"type": "BEGIN", "txn_id": "866ffd35-5465-4734-b742-0dec1618ebbf", "timestamp": "2026-04-14T14:55:50.714222+05:30"}
{"type": "INSERT", "txn_id": "866ffd35-5465-4734-b742-0dec1618ebbf", "table": "products", "key": "TX_200_101", "before": null, "after": {"product_id": "TX_200_101", "name": "TX101", "stock": 10, "price": 5.0}, "timestamp": "2026-04-14T14:55:50.715489+05:30"}
{"type": "COMMIT", "txn_id": "866ffd35-5465-4734-b742-0dec1618ebbf", "timestamp": "2026-04-14T14:55:50.716403+05:30"}
{"type": "BEGIN", "txn_id": "12c368a3-3d6d-4dfd-8da9-65366ce11bf6", "timestamp": "2026-04-14T14:55:50.719239+05:30"}
{"type": "INSERT", "txn_id": "12c368a3-3d6d-4dfd-8da9-65366ce11bf6", "table": "products", "key": "TX_200_102", "before": null, "after": {"product_id": "TX_200_102", "name": "TX102", "stock": 10, "price": 5.0}, "timestamp": "2026-04-14T14:55:50.720797+05:30"}
{"type": "COMMIT", "txn_id": "12c368a3-3d6d-4dfd-8da9-65366ce11bf6", "timestamp": "2026-04-14T14:55:50.721889+05:30"}
{"type": "BEGIN", "txn_id": "df99e8a5-70ec-4eb5-84db-06e598fcaf3e", "timestamp": "2026-04-14T14:55:50.725030+05:30"}
{"type": "INSERT", "txn_id": "df99e8a5-70ec-4eb5-84db-06e598fcaf3e", "table": "products", "key": "TX_200_103", "before": null, "after": {"product_id": "TX_200_103", "name": "TX103", "stock": 10, "price": 5.0}, "timestamp": "2026-04-14T14:55:50.726602+05:30"}
{"type": "COMMIT", "txn_id": "df99e8a5-70ec-4eb5-84db-06e598fcaf3e", "timestamp": "2026-04-14T14:55:50.727932+05:30"}
{"type": "BEGIN", "txn_id": "9af3686f-4661-4a27-9c0d-2c87f7bcaa55", "timestamp": "2026-04-14T14:55:50.731177+05:30"}
{"type": "INSERT", "txn_id": "9af3686f-4661-4a27-9c0d-2c87f7bcaa55", "table": "products", "key": "TX_200_104", "before": null, "after": {"product_id": "TX_200_104", "name": "TX104", "stock": 10, "price": 5.0}, "timestamp": "2026-04-14T14:55:50.732608+05:30"}
{"type": "COMMIT", "txn_id": "9af3686f-4661-4a27-9c0d-2c87f7bcaa55", "timestamp": "2026-04-14T14:55:50.733568+05:30"}
{"type": "BEGIN", "txn_id": "737753e3-fe1e-460e-9199-6391a2143f72", "timestamp": "2026-04-14T14:55:50.736886+05:30"}
{"type": "INSERT", "txn_id": "737753e3-fe1e-460e-9199-6391a2143f72", "table": "products", "key": "TX_200_105", "before": null, "after": {"product_id": "TX_200_105", "name": "TX105", "stock": 10, "price": 5.0}, "timestamp": "2026-04-14T14:55:50.738326+05:30"}
{"type": "COMMIT", "txn_id": "737753e3-fe1e-460e-9199-6391a2143f72", "timestamp": "2026-04-14T14:55:50.739341+05:30"}
{"type": "BEGIN", "txn_id": "82fa5ff0-a76a-43e7-aec1-022e1d1f3508", "timestamp": "2026-04-14T14:55:50.742613+05:30"}
{"type": "INSERT", "txn_id": "82fa5ff0-a76a-43e7-aec1-022e1d1f3508", "table": "products", "key": "TX_200_106", "before": null, "after": {"product_id": "TX_200_106", "name": "TX106", "stock": 10, "price": 5.0}, "timestamp": "2026-04-14T14:55:50.744687+05:30"}
{"type": "COMMIT", "txn_id": "82fa5ff0-a76a-43e7-aec1-022e1d1f3508", "timestamp": "2026-04-14T14:55:50.745773+05:30"}
{"type": "BEGIN", "txn_id": "238f1d7e-b195-4ad3-9818-60834c175852", "timestamp": "2026-04-14T14:55:50.748914+05:30"}
{"type": "INSERT", "txn_id": "238f1d7e-b195-4ad3-9818-60834c175852", "table": "products", "key": "TX_200_107", "before": null, "after": {"product_id": "TX_200_107", "name": "TX107", "stock": 10, "price": 5.0}, "timestamp": "2026-04-14T14:55:50.750291+05:30"}
{"type": "COMMIT", "txn_id": "238f1d7e-b195-4ad3-9818-60834c175852", "timestamp": "2026-04-14T14:55:50.751679+05:30"}
{"type": "BEGIN", "txn_id": "8f7b29e7-b5c5-4eab-8b0a-f1afd181615c", "timestamp": "2026-04-14T14:55:50.755300+05:30"}
{"type": "INSERT", "txn_id": "8f7b29e7-b5c5-4eab-8b0a-f1afd181615c", "table": "products", "key": "TX_200_108", "before": null, "after": {"product_id": "TX_200_108", "name": "TX108", "stock": 10, "price": 5.0}, "timestamp": "2026-04-14T14:55:50.756703+05:30"}
{"type": "COMMIT", "txn_id": "8f7b29e7-b5c5-4eab-8b0a-f1afd181615c", "timestamp": "2026-04-14T14:55:50.757648+05:30"}
{"type": "BEGIN", "txn_id": "95b9b04a-d3da-43d9-addc-047a80098ee1", "timestamp": "2026-04-14T14:55:50.761680+05:30"}
{"type": "INSERT", "txn_id": "95b9b04a-d3da-43d9-addc-047a80098ee1", "table": "products", "key": "TX_200_109", "before": null, "after": {"product_id": "TX_200_109", "name": "TX109", "stock": 10, "price": 5.0}, "timestamp": "2026-04-14T14:55:50.763645+05:30"}
{"type": "COMMIT", "txn_id": "95b9b04a-d3da-43d9-addc-047a80098ee1", "timestamp": "2026-04-14T14:55:50.764814+05:30"}
{"type": "BEGIN", "txn_id": "b5762815-145b-46fc-ba8b-06f9861f37ed", "timestamp": "2026-04-14T14:55:50.768116+05:30"}
{"type": "INSERT", "txn_id": "b5762815-145b-46fc-ba8b-06f9861f37ed", "table": "products", "key": "TX_200_110", "before": null, "after": {"product_id": "TX_200_110", "name": "TX110", "stock": 10, "price": 5.0}, "timestamp": "2026-04-14T14:55:50.769585+05:30"}
{"type": "COMMIT", "txn_id": "b5762815-145b-46fc-ba8b-06f9861f37ed", "timestamp": "2026-04-14T14:55:50.770481+05:30"}
{"type": "BEGIN", "txn_id": "e2edd069-6393-4345-ae1a-0534828e8570", "timestamp": "2026-04-14T14:55:50.773654+05:30"}
{"type": "INSERT", "txn_id": "e2edd069-6393-4345-ae1a-0534828e8570", "table": "products", "key": "TX_200_111", "before": null, "after": {"product_id": "TX_200_111", "name": "TX111", "stock": 10, "price": 5.0}, "timestamp": "2026-04-14T14:55:50.775034+05:30"}
{"type": "COMMIT", "txn_id": "e2edd069-6393-4345-ae1a-0534828e8570", "timestamp": "2026-04-14T14:55:50.776618+05:30"}
{"type": "BEGIN", "txn_id": "9a8e5425-c2ea-4880-83f6-04c3d93171f8", "timestamp": "2026-04-14T14:55:50.780587+05:30"}
{"type": "INSERT", "txn_id": "9a8e5425-c2ea-4880-83f6-04c3d93171f8", "table": "products", "key": "TX_200_112", "before": null, "after": {"product_id": "TX_200_112", "name": "TX112", "stock": 10, "price": 5.0}, "timestamp": "2026-04-14T14:55:50.782057+05:30"}
{"type": "COMMIT", "txn_id": "9a8e5425-c2ea-4880-83f6-04c3d93171f8", "timestamp": "2026-04-14T14:55:50.783036+05:30"}
{"type": "BEGIN", "txn_id": "9600f8c2-8cfd-4399-8d2a-c1378b687173", "timestamp": "2026-04-14T14:55:50.786178+05:30"}
{"type": "INSERT", "txn_id": "9600f8c2-8cfd-4399-8d2a-c1378b687173", "table": "products", "key": "TX_200_113", "before": null, "after": {"product_id": "TX_200_113", "name": "TX113", "stock": 10, "price": 5.0}, "timestamp": "2026-04-14T14:55:50.787504+05:30"}
{"type": "COMMIT", "txn_id": "9600f8c2-8cfd-4399-8d2a-c1378b687173", "timestamp": "2026-04-14T14:55:50.788395+05:30"}
{"type": "BEGIN", "txn_id": "cf448837-95d2-450c-8722-4bf5b0c5450a", "timestamp": "2026-04-14T14:55:50.791869+05:30"}
{"type": "INSERT", "txn_id": "cf448837-95d2-450c-8722-4bf5b0c5450a", "table": "products", "key": "TX_200_114", "before": null, "after": {"product_id": "TX_200_114", "name": "TX114", "stock": 10, "price": 5.0}, "timestamp": "2026-04-14T14:55:50.795824+05:30"}
{"type": "COMMIT", "txn_id": "cf448837-95d2-450c-8722-4bf5b0c5450a", "timestamp": "2026-04-14T14:55:50.796928+05:30"}
{"type": "BEGIN", "txn_id": "d7f6f503-4dd5-47f0-a75b-27fbc874bed7", "timestamp": "2026-04-14T14:55:50.800183+05:30"}
{"type": "INSERT", "txn_id": "d7f6f503-4dd5-47f0-a75b-27fbc874bed7", "table": "products", "key": "TX_200_115", "before": null, "after": {"product_id": "TX_200_115", "name": "TX115", "stock": 10, "price": 5.0}, "timestamp": "2026-04-14T14:55:50.801663+05:30"}
{"type": "COMMIT", "txn_id": "d7f6f503-4dd5-47f0-a75b-27fbc874bed7", "timestamp": "2026-04-14T14:55:50.802634+05:30"}
{"type": "BEGIN", "txn_id": "fa81a044-7bdb-4057-bd73-931782d2ba50", "timestamp": "2026-04-14T14:55:50.805875+05:30"}
{"type": "INSERT", "txn_id": "fa81a044-7bdb-4057-bd73-931782d2ba50", "table": "products", "key": "TX_200_116", "before": null, "after": {"product_id": "TX_200_116", "name": "TX116", "stock": 10, "price": 5.0}, "timestamp": "2026-04-14T14:55:50.807325+05:30"}
{"type": "COMMIT", "txn_id": "fa81a044-7bdb-4057-bd73-931782d2ba50", "timestamp": "2026-04-14T14:55:50.808389+05:30"}
{"type": "BEGIN", "txn_id": "95222721-da22-4d44-b402-709f371d3c6a", "timestamp": "2026-04-14T14:55:50.812201+05:30"}
{"type": "INSERT", "txn_id": "95222721-da22-4d44-b402-709f371d3c6a", "table": "products", "key": "TX_200_117", "before": null, "after": {"product_id": "TX_200_117", "name": "TX117", "stock": 10, "price": 5.0}, "timestamp": "2026-04-14T14:55:50.813730+05:30"}
{"type": "COMMIT", "txn_id": "95222721-da22-4d44-b402-709f371d3c6a", "timestamp": "2026-04-14T14:55:50.814711+05:30"}
{"type": "BEGIN", "txn_id": "a212a3cd-c74b-471c-9ac1-33dc981bdd8a", "timestamp": "2026-04-14T14:55:50.817968+05:30"}
{"type": "INSERT", "txn_id": "a212a3cd-c74b-471c-9ac1-33dc981bdd8a", "table": "products", "key": "TX_200_118", "before": null, "after": {"product_id": "TX_200_118", "name": "TX118", "stock": 10, "price": 5.0}, "timestamp": "2026-04-14T14:55:50.819451+05:30"}
{"type": "COMMIT", "txn_id": "a212a3cd-c74b-471c-9ac1-33dc981bdd8a", "timestamp": "2026-04-14T14:55:50.820374+05:30"}
{"type": "BEGIN", "txn_id": "a2e8715c-2830-4673-bd1c-60b65f3db958", "timestamp": "2026-04-14T14:55:50.823831+05:30"}
{"type": "INSERT", "txn_id": "a2e8715c-2830-4673-bd1c-60b65f3db958", "table": "products", "key": "TX_200_119", "before": null, "after": {"product_id": "TX_200_119", "name": "TX119", "stock": 10, "price": 5.0}, "timestamp": "2026-04-14T14:55:50.825223+05:30"}
{"type": "COMMIT", "txn_id": "a2e8715c-2830-4673-bd1c-60b65f3db958", "timestamp": "2026-04-14T14:55:50.826530+05:30"}
{"type": "BEGIN", "txn_id": "1f562281-e3fd-4743-9386-7e31771635c1", "timestamp": "2026-04-14T14:55:50.830149+05:30"}
{"type": "INSERT", "txn_id": "1f562281-e3fd-4743-9386-7e31771635c1", "table": "products", "key": "TX_200_120", "before": null, "after": {"product_id": "TX_200_120", "name": "TX120", "stock": 10, "price": 5.0}, "timestamp": "2026-04-14T14:55:50.831516+05:30"}
{"type": "COMMIT", "txn_id": "1f562281-e3fd-4743-9386-7e31771635c1", "timestamp": "2026-04-14T14:55:50.832516+05:30"}
{"type": "BEGIN", "txn_id": "c2d68105-42d1-496b-b5a8-4b34d84e8873", "timestamp": "2026-04-14T14:55:50.835622+05:30"}
{"type": "INSERT", "txn_id": "c2d68105-42d1-496b-b5a8-4b34d84e8873", "table": "products", "key": "TX_200_121", "before": null, "after": {"product_id": "TX_200_121", "name": "TX121", "stock": 10, "price": 5.0}, "timestamp": "2026-04-14T14:55:50.836963+05:30"}
{"type": "COMMIT", "txn_id": "c2d68105-42d1-496b-b5a8-4b34d84e8873", "timestamp": "2026-04-14T14:55:50.837881+05:30"}
{"type": "BEGIN", "txn_id": "2a053a55-db77-4612-b168-466facf2c4f6", "timestamp": "2026-04-14T14:55:50.841050+05:30"}
{"type": "INSERT", "txn_id": "2a053a55-db77-4612-b168-466facf2c4f6", "table": "products", "key": "TX_200_122", "before": null, "after": {"product_id": "TX_200_122", "name": "TX122", "stock": 10, "price": 5.0}, "timestamp": "2026-04-14T14:55:50.842491+05:30"}
{"type": "COMMIT", "txn_id": "2a053a55-db77-4612-b168-466facf2c4f6", "timestamp": "2026-04-14T14:55:50.843988+05:30"}
{"type": "BEGIN", "txn_id": "d390bf38-7570-4214-bbd2-6d8117fb8120", "timestamp": "2026-04-14T14:55:50.847488+05:30"}
{"type": "INSERT", "txn_id": "d390bf38-7570-4214-bbd2-6d8117fb8120", "table": "products", "key": "TX_200_123", "before": null, "after": {"product_id": "TX_200_123", "name": "TX123", "stock": 10, "price": 5.0}, "timestamp": "2026-04-14T14:55:50.848969+05:30"}
{"type": "COMMIT", "txn_id": "d390bf38-7570-4214-bbd2-6d8117fb8120", "timestamp": "2026-04-14T14:55:50.849994+05:30"}
{"type": "BEGIN", "txn_id": "ffa7de64-35f0-4bc8-82af-30607ed656d5", "timestamp": "2026-04-14T14:55:50.853405+05:30"}
{"type": "INSERT", "txn_id": "ffa7de64-35f0-4bc8-82af-30607ed656d5", "table": "products", "key": "TX_200_124", "before": null, "after": {"product_id": "TX_200_124", "name": "TX124", "stock": 10, "price": 5.0}, "timestamp": "2026-04-14T14:55:50.855016+05:30"}
{"type": "COMMIT", "txn_id": "ffa7de64-35f0-4bc8-82af-30607ed656d5", "timestamp": "2026-04-14T14:55:50.856042+05:30"}
{"type": "BEGIN", "txn_id": "e0a8c8b2-7952-4559-8cdc-26295416a1d8", "timestamp": "2026-04-14T14:55:50.859565+05:30"}
{"type": "INSERT", "txn_id": "e0a8c8b2-7952-4559-8cdc-26295416a1d8", "table": "products", "key": "TX_200_125", "before": null, "after": {"product_id": "TX_200_125", "name": "TX125", "stock": 10, "price": 5.0}, "timestamp": "2026-04-14T14:55:50.861557+05:30"}
{"type": "COMMIT", "txn_id": "e0a8c8b2-7952-4559-8cdc-26295416a1d8", "timestamp": "2026-04-14T14:55:50.862579+05:30"}
{"type": "BEGIN", "txn_id": "4fea4e5b-a255-4342-982e-903303a7a32d", "timestamp": "2026-04-14T14:55:50.865790+05:30"}
{"type": "INSERT", "txn_id": "4fea4e5b-a255-4342-982e-903303a7a32d", "table": "products", "key": "TX_200_126", "before": null, "after": {"product_id": "TX_200_126", "name": "TX126", "stock": 10, "price": 5.0}, "timestamp": "2026-04-14T14:55:50.867337+05:30"}
{"type": "COMMIT", "txn_id": "4fea4e5b-a255-4342-982e-903303a7a32d", "timestamp": "2026-04-14T14:55:50.868243+05:30"}
{"type": "BEGIN", "txn_id": "1f41b084-07ca-424c-9f04-43421ebadf04", "timestamp": "2026-04-14T14:55:50.871803+05:30"}
{"type": "INSERT", "txn_id": "1f41b084-07ca-424c-9f04-43421ebadf04", "table": "products", "key": "TX_200_127", "before": null, "after": {"product_id": "TX_200_127", "name": "TX127", "stock": 10, "price": 5.0}, "timestamp": "2026-04-14T14:55:50.873351+05:30"}
{"type": "COMMIT", "txn_id": "1f41b084-07ca-424c-9f04-43421ebadf04", "timestamp": "2026-04-14T14:55:50.874440+05:30"}
{"type": "BEGIN", "txn_id": "110c02be-aea7-48a7-89a1-f388f0b9a1af", "timestamp": "2026-04-14T14:55:50.878510+05:30"}
{"type": "INSERT", "txn_id": "110c02be-aea7-48a7-89a1-f388f0b9a1af", "table": "products", "key": "TX_200_128", "before": null, "after": {"product_id": "TX_200_128", "name": "TX128", "stock": 10, "price": 5.0}, "timestamp": "2026-04-14T14:55:50.880205+05:30"}
{"type": "COMMIT", "txn_id": "110c02be-aea7-48a7-89a1-f388f0b9a1af", "timestamp": "2026-04-14T14:55:50.881209+05:30"}
{"type": "BEGIN", "txn_id": "c9190355-59bd-44a5-b28b-4fb8845c982a", "timestamp": "2026-04-14T14:55:50.884348+05:30"}
{"type": "INSERT", "txn_id": "c9190355-59bd-44a5-b28b-4fb8845c982a", "table": "products", "key": "TX_200_129", "before": null, "after": {"product_id": "TX_200_129", "name": "TX129", "stock": 10, "price": 5.0}, "timestamp": "2026-04-14T14:55:50.885657+05:30"}
{"type": "COMMIT", "txn_id": "c9190355-59bd-44a5-b28b-4fb8845c982a", "timestamp": "2026-04-14T14:55:50.887492+05:30"}
{"type": "BEGIN", "txn_id": "b4d8919e-0f9c-4903-9409-84f22414970a", "timestamp": "2026-04-14T14:55:50.891532+05:30"}
{"type": "INSERT", "txn_id": "b4d8919e-0f9c-4903-9409-84f22414970a", "table": "products", "key": "TX_200_130", "before": null, "after": {"product_id": "TX_200_130", "name": "TX130", "stock": 10, "price": 5.0}, "timestamp": "2026-04-14T14:55:50.893347+05:30"}
{"type": "COMMIT", "txn_id": "b4d8919e-0f9c-4903-9409-84f22414970a", "timestamp": "2026-04-14T14:55:50.894518+05:30"}
{"type": "BEGIN", "txn_id": "4b90fada-47d2-4ee3-a15f-7e97fc5a0d7d", "timestamp": "2026-04-14T14:55:50.897789+05:30"}
{"type": "INSERT", "txn_id": "4b90fada-47d2-4ee3-a15f-7e97fc5a0d7d", "table": "products", "key": "TX_200_131", "before": null, "after": {"product_id": "TX_200_131", "name": "TX131", "stock": 10, "price": 5.0}, "timestamp": "2026-04-14T14:55:50.899167+05:30"}
{"type": "COMMIT", "txn_id": "4b90fada-47d2-4ee3-a15f-7e97fc5a0d7d", "timestamp": "2026-04-14T14:55:50.900153+05:30"}
{"type": "BEGIN", "txn_id": "1bba974c-7359-497c-b8d1-de187f21d229", "timestamp": "2026-04-14T14:55:50.903602+05:30"}
{"type": "INSERT", "txn_id": "1bba974c-7359-497c-b8d1-de187f21d229", "table": "products", "key": "TX_200_132", "before": null, "after": {"product_id": "TX_200_132", "name": "TX132", "stock": 10, "price": 5.0}, "timestamp": "2026-04-14T14:55:50.905354+05:30"}
{"type": "COMMIT", "txn_id": "1bba974c-7359-497c-b8d1-de187f21d229", "timestamp": "2026-04-14T14:55:50.906417+05:30"}
{"type": "BEGIN", "txn_id": "6c4792da-51bc-4ab5-9866-4e27b93b6cfe", "timestamp": "2026-04-14T14:55:50.910421+05:30"}
{"type": "INSERT", "txn_id": "6c4792da-51bc-4ab5-9866-4e27b93b6cfe", "table": "products", "key": "TX_200_133", "before": null, "after": {"product_id": "TX_200_133", "name": "TX133", "stock": 10, "price": 5.0}, "timestamp": "2026-04-14T14:55:50.912150+05:30"}
{"type": "COMMIT", "txn_id": "6c4792da-51bc-4ab5-9866-4e27b93b6cfe", "timestamp": "2026-04-14T14:55:50.913233+05:30"}
{"type": "BEGIN", "txn_id": "aa52ebbe-875e-400e-a1b7-828539671eea", "timestamp": "2026-04-14T14:55:50.916414+05:30"}
{"type": "INSERT", "txn_id": "aa52ebbe-875e-400e-a1b7-828539671eea", "table": "products", "key": "TX_200_134", "before": null, "after": {"product_id": "TX_200_134", "name": "TX134", "stock": 10, "price": 5.0}, "timestamp": "2026-04-14T14:55:50.917792+05:30"}
{"type": "COMMIT", "txn_id": "aa52ebbe-875e-400e-a1b7-828539671eea", "timestamp": "2026-04-14T14:55:50.918838+05:30"}
{"type": "BEGIN", "txn_id": "f9fc9eef-c408-4fad-a8a3-b089502e845a", "timestamp": "2026-04-14T14:55:50.921980+05:30"}
{"type": "INSERT", "txn_id": "f9fc9eef-c408-4fad-a8a3-b089502e845a", "table": "products", "key": "TX_200_135", "before": null, "after": {"product_id": "TX_200_135", "name": "TX135", "stock": 10, "price": 5.0}, "timestamp": "2026-04-14T14:55:50.923382+05:30"}
{"type": "COMMIT", "txn_id": "f9fc9eef-c408-4fad-a8a3-b089502e845a", "timestamp": "2026-04-14T14:55:50.924299+05:30"}
{"type": "BEGIN", "txn_id": "8f19fd2b-8219-44ee-8a0f-0b4df39f3646", "timestamp": "2026-04-14T14:55:50.929009+05:30"}
{"type": "INSERT", "txn_id": "8f19fd2b-8219-44ee-8a0f-0b4df39f3646", "table": "products", "key": "TX_200_136", "before": null, "after": {"product_id": "TX_200_136", "name": "TX136", "stock": 10, "price": 5.0}, "timestamp": "2026-04-14T14:55:50.930761+05:30"}
{"type": "COMMIT", "txn_id": "8f19fd2b-8219-44ee-8a0f-0b4df39f3646", "timestamp": "2026-04-14T14:55:50.931794+05:30"}
{"type": "BEGIN", "txn_id": "ef555169-8f0e-4dfb-bba6-b30460a9fc7f", "timestamp": "2026-04-14T14:55:50.935019+05:30"}
{"type": "INSERT", "txn_id": "ef555169-8f0e-4dfb-bba6-b30460a9fc7f", "table": "products", "key": "TX_200_137", "before": null, "after": {"product_id": "TX_200_137", "name": "TX137", "stock": 10, "price": 5.0}, "timestamp": "2026-04-14T14:55:50.936385+05:30"}
{"type": "COMMIT", "txn_id": "ef555169-8f0e-4dfb-bba6-b30460a9fc7f", "timestamp": "2026-04-14T14:55:50.937288+05:30"}
{"type": "BEGIN", "txn_id": "f7beb0a3-0f70-4313-a737-2a2b4a8feb97", "timestamp": "2026-04-14T14:55:50.940603+05:30"}
{"type": "INSERT", "txn_id": "f7beb0a3-0f70-4313-a737-2a2b4a8feb97", "table": "products", "key": "TX_200_138", "before": null, "after": {"product_id": "TX_200_138", "name": "TX138", "stock": 10, "price": 5.0}, "timestamp": "2026-04-14T14:55:50.942094+05:30"}
{"type": "COMMIT", "txn_id": "f7beb0a3-0f70-4313-a737-2a2b4a8feb97", "timestamp": "2026-04-14T14:55:50.943626+05:30"}
{"type": "BEGIN", "txn_id": "323206d1-2685-42dc-bad4-91e291a8c185", "timestamp": "2026-04-14T14:55:50.947415+05:30"}
{"type": "INSERT", "txn_id": "323206d1-2685-42dc-bad4-91e291a8c185", "table": "products", "key": "TX_200_139", "before": null, "after": {"product_id": "TX_200_139", "name": "TX139", "stock": 10, "price": 5.0}, "timestamp": "2026-04-14T14:55:50.948819+05:30"}
{"type": "COMMIT", "txn_id": "323206d1-2685-42dc-bad4-91e291a8c185", "timestamp": "2026-04-14T14:55:50.949883+05:30"}
{"type": "BEGIN", "txn_id": "6b5de1c2-c967-4903-92b7-2f79f086ffa5", "timestamp": "2026-04-14T14:55:50.953037+05:30"}
{"type": "INSERT", "txn_id": "6b5de1c2-c967-4903-92b7-2f79f086ffa5", "table": "products", "key": "TX_200_140", "before": null, "after": {"product_id": "TX_200_140", "name": "TX140", "stock": 10, "price": 5.0}, "timestamp": "2026-04-14T14:55:50.954498+05:30"}
{"type": "COMMIT", "txn_id": "6b5de1c2-c967-4903-92b7-2f79f086ffa5", "timestamp": "2026-04-14T14:55:50.955461+05:30"}
{"type": "BEGIN", "txn_id": "1ac80f7d-00b8-4bcf-94e1-839c116fbe7d", "timestamp": "2026-04-14T14:55:50.958750+05:30"}
{"type": "INSERT", "txn_id": "1ac80f7d-00b8-4bcf-94e1-839c116fbe7d", "table": "products", "key": "TX_200_141", "before": null, "after": {"product_id": "TX_200_141", "name": "TX141", "stock": 10, "price": 5.0}, "timestamp": "2026-04-14T14:55:50.960988+05:30"}
{"type": "COMMIT", "txn_id": "1ac80f7d-00b8-4bcf-94e1-839c116fbe7d", "timestamp": "2026-04-14T14:55:50.961986+05:30"}
{"type": "BEGIN", "txn_id": "210cf78b-3e46-4a14-af22-5920ef4b2642", "timestamp": "2026-04-14T14:55:50.965149+05:30"}
{"type": "INSERT", "txn_id": "210cf78b-3e46-4a14-af22-5920ef4b2642", "table": "products", "key": "TX_200_142", "before": null, "after": {"product_id": "TX_200_142", "name": "TX142", "stock": 10, "price": 5.0}, "timestamp": "2026-04-14T14:55:50.966631+05:30"}
{"type": "COMMIT", "txn_id": "210cf78b-3e46-4a14-af22-5920ef4b2642", "timestamp": "2026-04-14T14:55:50.967640+05:30"}
{"type": "BEGIN", "txn_id": "263a7d72-3ec2-4764-99a4-4d1fd3f30943", "timestamp": "2026-04-14T14:55:50.970853+05:30"}
{"type": "INSERT", "txn_id": "263a7d72-3ec2-4764-99a4-4d1fd3f30943", "table": "products", "key": "TX_200_143", "before": null, "after": {"product_id": "TX_200_143", "name": "TX143", "stock": 10, "price": 5.0}, "timestamp": "2026-04-14T14:55:50.972099+05:30"}
{"type": "COMMIT", "txn_id": "263a7d72-3ec2-4764-99a4-4d1fd3f30943", "timestamp": "2026-04-14T14:55:50.973035+05:30"}
{"type": "BEGIN", "txn_id": "679a5728-7d3f-45a7-9b3b-01cd3dbb8ede", "timestamp": "2026-04-14T14:55:50.977426+05:30"}
{"type": "INSERT", "txn_id": "679a5728-7d3f-45a7-9b3b-01cd3dbb8ede", "table": "products", "key": "TX_200_144", "before": null, "after": {"product_id": "TX_200_144", "name": "TX144", "stock": 10, "price": 5.0}, "timestamp": "2026-04-14T14:55:50.979109+05:30"}
{"type": "COMMIT", "txn_id": "679a5728-7d3f-45a7-9b3b-01cd3dbb8ede", "timestamp": "2026-04-14T14:55:50.980202+05:30"}
{"type": "BEGIN", "txn_id": "aa158408-0456-4960-b86d-5682c5d03c37", "timestamp": "2026-04-14T14:55:50.983297+05:30"}
{"type": "INSERT", "txn_id": "aa158408-0456-4960-b86d-5682c5d03c37", "table": "products", "key": "TX_200_145", "before": null, "after": {"product_id": "TX_200_145", "name": "TX145", "stock": 10, "price": 5.0}, "timestamp": "2026-04-14T14:55:50.984673+05:30"}
{"type": "COMMIT", "txn_id": "aa158408-0456-4960-b86d-5682c5d03c37", "timestamp": "2026-04-14T14:55:50.985596+05:30"}
{"type": "BEGIN", "txn_id": "d8fc265d-b7f9-4714-a314-98f1494303c7", "timestamp": "2026-04-14T14:55:50.988701+05:30"}
{"type": "INSERT", "txn_id": "d8fc265d-b7f9-4714-a314-98f1494303c7", "table": "products", "key": "TX_200_146", "before": null, "after": {"product_id": "TX_200_146", "name": "TX146", "stock": 10, "price": 5.0}, "timestamp": "2026-04-14T14:55:50.990058+05:30"}
{"type": "COMMIT", "txn_id": "d8fc265d-b7f9-4714-a314-98f1494303c7", "timestamp": "2026-04-14T14:55:50.991353+05:30"}
{"type": "BEGIN", "txn_id": "d674d8e4-6f71-40ca-8ed3-f3de36173a83", "timestamp": "2026-04-14T14:55:50.995759+05:30"}
{"type": "INSERT", "txn_id": "d674d8e4-6f71-40ca-8ed3-f3de36173a83", "table": "products", "key": "TX_200_147", "before": null, "after": {"product_id": "TX_200_147", "name": "TX147", "stock": 10, "price": 5.0}, "timestamp": "2026-04-14T14:55:50.997175+05:30"}
{"type": "COMMIT", "txn_id": "d674d8e4-6f71-40ca-8ed3-f3de36173a83", "timestamp": "2026-04-14T14:55:50.998198+05:30"}
{"type": "BEGIN", "txn_id": "72572b28-9ee4-4f57-af5d-7dacaabe6fff", "timestamp": "2026-04-14T14:55:51.001483+05:30"}
{"type": "INSERT", "txn_id": "72572b28-9ee4-4f57-af5d-7dacaabe6fff", "table": "products", "key": "TX_200_148", "before": null, "after": {"product_id": "TX_200_148", "name": "TX148", "stock": 10, "price": 5.0}, "timestamp": "2026-04-14T14:55:51.002939+05:30"}
{"type": "COMMIT", "txn_id": "72572b28-9ee4-4f57-af5d-7dacaabe6fff", "timestamp": "2026-04-14T14:55:51.003926+05:30"}
{"type": "BEGIN", "txn_id": "1d294c7a-8221-401f-9398-338b50f9b7b1", "timestamp": "2026-04-14T14:55:51.007758+05:30"}
{"type": "INSERT", "txn_id": "1d294c7a-8221-401f-9398-338b50f9b7b1", "table": "products", "key": "TX_200_149", "before": null, "after": {"product_id": "TX_200_149", "name": "TX149", "stock": 10, "price": 5.0}, "timestamp": "2026-04-14T14:55:51.009530+05:30"}
{"type": "COMMIT", "txn_id": "1d294c7a-8221-401f-9398-338b50f9b7b1", "timestamp": "2026-04-14T14:55:51.011386+05:30"}
{"type": "BEGIN", "txn_id": "a6ae2945-fd4c-4f22-8151-e98d1f208ffe", "timestamp": "2026-04-14T14:55:51.015861+05:30"}
{"type": "INSERT", "txn_id": "a6ae2945-fd4c-4f22-8151-e98d1f208ffe", "table": "products", "key": "TX_200_150", "before": null, "after": {"product_id": "TX_200_150", "name": "TX150", "stock": 10, "price": 5.0}, "timestamp": "2026-04-14T14:55:51.017332+05:30"}
{"type": "COMMIT", "txn_id": "a6ae2945-fd4c-4f22-8151-e98d1f208ffe", "timestamp": "2026-04-14T14:55:51.018338+05:30"}
{"type": "BEGIN", "txn_id": "ea3c91ca-5695-4eec-b304-766878bb3fa3", "timestamp": "2026-04-14T14:55:51.021494+05:30"}
{"type": "INSERT", "txn_id": "ea3c91ca-5695-4eec-b304-766878bb3fa3", "table": "products", "key": "TX_200_151", "before": null, "after": {"product_id": "TX_200_151", "name": "TX151", "stock": 10, "price": 5.0}, "timestamp": "2026-04-14T14:55:51.022991+05:30"}
{"type": "COMMIT", "txn_id": "ea3c91ca-5695-4eec-b304-766878bb3fa3", "timestamp": "2026-04-14T14:55:51.023968+05:30"}
{"type": "BEGIN", "txn_id": "5dc4b7cc-49b3-48fb-a455-b9eb3fe7cc00", "timestamp": "2026-04-14T14:55:51.027847+05:30"}
{"type": "INSERT", "txn_id": "5dc4b7cc-49b3-48fb-a455-b9eb3fe7cc00", "table": "products", "key": "TX_200_152", "before": null, "after": {"product_id": "TX_200_152", "name": "TX152", "stock": 10, "price": 5.0}, "timestamp": "2026-04-14T14:55:51.029267+05:30"}
{"type": "COMMIT", "txn_id": "5dc4b7cc-49b3-48fb-a455-b9eb3fe7cc00", "timestamp": "2026-04-14T14:55:51.030253+05:30"}
{"type": "BEGIN", "txn_id": "65c7f376-8cc0-4630-b54f-2e7d7090d189", "timestamp": "2026-04-14T14:55:51.033577+05:30"}
{"type": "INSERT", "txn_id": "65c7f376-8cc0-4630-b54f-2e7d7090d189", "table": "products", "key": "TX_200_153", "before": null, "after": {"product_id": "TX_200_153", "name": "TX153", "stock": 10, "price": 5.0}, "timestamp": "2026-04-14T14:55:51.035022+05:30"}
{"type": "COMMIT", "txn_id": "65c7f376-8cc0-4630-b54f-2e7d7090d189", "timestamp": "2026-04-14T14:55:51.036006+05:30"}
{"type": "BEGIN", "txn_id": "618dcdd6-6d1a-44e1-bb2e-dd587ae9bc25", "timestamp": "2026-04-14T14:55:51.039448+05:30"}
{"type": "INSERT", "txn_id": "618dcdd6-6d1a-44e1-bb2e-dd587ae9bc25", "table": "products", "key": "TX_200_154", "before": null, "after": {"product_id": "TX_200_154", "name": "TX154", "stock": 10, "price": 5.0}, "timestamp": "2026-04-14T14:55:51.040925+05:30"}
{"type": "COMMIT", "txn_id": "618dcdd6-6d1a-44e1-bb2e-dd587ae9bc25", "timestamp": "2026-04-14T14:55:51.041896+05:30"}
{"type": "BEGIN", "txn_id": "8ec2811c-ebb4-4628-81bf-513a1e2a7aed", "timestamp": "2026-04-14T14:55:51.045665+05:30"}
{"type": "INSERT", "txn_id": "8ec2811c-ebb4-4628-81bf-513a1e2a7aed", "table": "products", "key": "TX_200_155", "before": null, "after": {"product_id": "TX_200_155", "name": "TX155", "stock": 10, "price": 5.0}, "timestamp": "2026-04-14T14:55:51.047151+05:30"}
{"type": "COMMIT", "txn_id": "8ec2811c-ebb4-4628-81bf-513a1e2a7aed", "timestamp": "2026-04-14T14:55:51.048315+05:30"}
{"type": "BEGIN", "txn_id": "489c60f8-c377-420a-938f-665b8fff16af", "timestamp": "2026-04-14T14:55:51.051413+05:30"}
{"type": "INSERT", "txn_id": "489c60f8-c377-420a-938f-665b8fff16af", "table": "products", "key": "TX_200_156", "before": null, "after": {"product_id": "TX_200_156", "name": "TX156", "stock": 10, "price": 5.0}, "timestamp": "2026-04-14T14:55:51.052776+05:30"}
{"type": "COMMIT", "txn_id": "489c60f8-c377-420a-938f-665b8fff16af", "timestamp": "2026-04-14T14:55:51.053952+05:30"}
{"type": "BEGIN", "txn_id": "6285392b-2834-4438-bf2a-e80509fe9c8f", "timestamp": "2026-04-14T14:55:51.057408+05:30"}
{"type": "INSERT", "txn_id": "6285392b-2834-4438-bf2a-e80509fe9c8f", "table": "products", "key": "TX_200_157", "before": null, "after": {"product_id": "TX_200_157", "name": "TX157", "stock": 10, "price": 5.0}, "timestamp": "2026-04-14T14:55:51.058787+05:30"}
{"type": "COMMIT", "txn_id": "6285392b-2834-4438-bf2a-e80509fe9c8f", "timestamp": "2026-04-14T14:55:51.060346+05:30"}
{"type": "BEGIN", "txn_id": "0c8c6f00-5870-4484-9fdd-c7079af46ff6", "timestamp": "2026-04-14T14:55:51.063749+05:30"}
{"type": "INSERT", "txn_id": "0c8c6f00-5870-4484-9fdd-c7079af46ff6", "table": "products", "key": "TX_200_158", "before": null, "after": {"product_id": "TX_200_158", "name": "TX158", "stock": 10, "price": 5.0}, "timestamp": "2026-04-14T14:55:51.065217+05:30"}
{"type": "COMMIT", "txn_id": "0c8c6f00-5870-4484-9fdd-c7079af46ff6", "timestamp": "2026-04-14T14:55:51.066177+05:30"}
{"type": "BEGIN", "txn_id": "1cf9c564-f113-4761-937e-24ae957df7bf", "timestamp": "2026-04-14T14:55:51.069536+05:30"}
{"type": "INSERT", "txn_id": "1cf9c564-f113-4761-937e-24ae957df7bf", "table": "products", "key": "TX_200_159", "before": null, "after": {"product_id": "TX_200_159", "name": "TX159", "stock": 10, "price": 5.0}, "timestamp": "2026-04-14T14:55:51.071014+05:30"}
{"type": "COMMIT", "txn_id": "1cf9c564-f113-4761-937e-24ae957df7bf", "timestamp": "2026-04-14T14:55:51.072021+05:30"}
{"type": "BEGIN", "txn_id": "df441ba5-db4d-4e62-bf42-41e262790ba1", "timestamp": "2026-04-14T14:55:51.075185+05:30"}
{"type": "INSERT", "txn_id": "df441ba5-db4d-4e62-bf42-41e262790ba1", "table": "products", "key": "TX_200_160", "before": null, "after": {"product_id": "TX_200_160", "name": "TX160", "stock": 10, "price": 5.0}, "timestamp": "2026-04-14T14:55:51.077251+05:30"}
{"type": "COMMIT", "txn_id": "df441ba5-db4d-4e62-bf42-41e262790ba1", "timestamp": "2026-04-14T14:55:51.078399+05:30"}
{"type": "BEGIN", "txn_id": "5136927d-cc43-43fe-8665-a6c60353f869", "timestamp": "2026-04-14T14:55:51.081848+05:30"}
{"type": "INSERT", "txn_id": "5136927d-cc43-43fe-8665-a6c60353f869", "table": "products", "key": "TX_200_161", "before": null, "after": {"product_id": "TX_200_161", "name": "TX161", "stock": 10, "price": 5.0}, "timestamp": "2026-04-14T14:55:51.083261+05:30"}
{"type": "COMMIT", "txn_id": "5136927d-cc43-43fe-8665-a6c60353f869", "timestamp": "2026-04-14T14:55:51.084194+05:30"}
{"type": "BEGIN", "txn_id": "7af9b493-df71-4046-97aa-07eed7a596da", "timestamp": "2026-04-14T14:55:51.088435+05:30"}
{"type": "INSERT", "txn_id": "7af9b493-df71-4046-97aa-07eed7a596da", "table": "products", "key": "TX_200_162", "before": null, "after": {"product_id": "TX_200_162", "name": "TX162", "stock": 10, "price": 5.0}, "timestamp": "2026-04-14T14:55:51.089948+05:30"}
{"type": "COMMIT", "txn_id": "7af9b493-df71-4046-97aa-07eed7a596da", "timestamp": "2026-04-14T14:55:51.090961+05:30"}
{"type": "BEGIN", "txn_id": "d0a0b0eb-03b1-4fa0-809a-20084de0cbe6", "timestamp": "2026-04-14T14:55:51.095947+05:30"}
{"type": "INSERT", "txn_id": "d0a0b0eb-03b1-4fa0-809a-20084de0cbe6", "table": "products", "key": "TX_200_163", "before": null, "after": {"product_id": "TX_200_163", "name": "TX163", "stock": 10, "price": 5.0}, "timestamp": "2026-04-14T14:55:51.098078+05:30"}
{"type": "COMMIT", "txn_id": "d0a0b0eb-03b1-4fa0-809a-20084de0cbe6", "timestamp": "2026-04-14T14:55:51.099247+05:30"}
{"type": "BEGIN", "txn_id": "b16f9d69-90e5-48ca-9248-90a19decf519", "timestamp": "2026-04-14T14:55:51.102558+05:30"}
{"type": "INSERT", "txn_id": "b16f9d69-90e5-48ca-9248-90a19decf519", "table": "products", "key": "TX_200_164", "before": null, "after": {"product_id": "TX_200_164", "name": "TX164", "stock": 10, "price": 5.0}, "timestamp": "2026-04-14T14:55:51.103986+05:30"}
{"type": "COMMIT", "txn_id": "b16f9d69-90e5-48ca-9248-90a19decf519", "timestamp": "2026-04-14T14:55:51.104953+05:30"}
{"type": "BEGIN", "txn_id": "0243797f-b487-485f-a2fa-14adabf9d226", "timestamp": "2026-04-14T14:55:51.108127+05:30"}
{"type": "INSERT", "txn_id": "0243797f-b487-485f-a2fa-14adabf9d226", "table": "products", "key": "TX_200_165", "before": null, "after": {"product_id": "TX_200_165", "name": "TX165", "stock": 10, "price": 5.0}, "timestamp": "2026-04-14T14:55:51.110187+05:30"}
{"type": "COMMIT", "txn_id": "0243797f-b487-485f-a2fa-14adabf9d226", "timestamp": "2026-04-14T14:55:51.111832+05:30"}
{"type": "BEGIN", "txn_id": "bfdc1ac9-6e8e-4416-819e-a65e8de98cab", "timestamp": "2026-04-14T14:55:51.115483+05:30"}
{"type": "INSERT", "txn_id": "bfdc1ac9-6e8e-4416-819e-a65e8de98cab", "table": "products", "key": "TX_200_166", "before": null, "after": {"product_id": "TX_200_166", "name": "TX166", "stock": 10, "price": 5.0}, "timestamp": "2026-04-14T14:55:51.116962+05:30"}
{"type": "COMMIT", "txn_id": "bfdc1ac9-6e8e-4416-819e-a65e8de98cab", "timestamp": "2026-04-14T14:55:51.117944+05:30"}
{"type": "BEGIN", "txn_id": "47d96837-251c-43e7-9755-ac596d7eb59f", "timestamp": "2026-04-14T14:55:51.121079+05:30"}
{"type": "INSERT", "txn_id": "47d96837-251c-43e7-9755-ac596d7eb59f", "table": "products", "key": "TX_200_167", "before": null, "after": {"product_id": "TX_200_167", "name": "TX167", "stock": 10, "price": 5.0}, "timestamp": "2026-04-14T14:55:51.122496+05:30"}
{"type": "COMMIT", "txn_id": "47d96837-251c-43e7-9755-ac596d7eb59f", "timestamp": "2026-04-14T14:55:51.123522+05:30"}
{"type": "BEGIN", "txn_id": "67be24fd-2801-4b67-9889-1fa9b9962f6d", "timestamp": "2026-04-14T14:55:51.128214+05:30"}
{"type": "INSERT", "txn_id": "67be24fd-2801-4b67-9889-1fa9b9962f6d", "table": "products", "key": "TX_200_168", "before": null, "after": {"product_id": "TX_200_168", "name": "TX168", "stock": 10, "price": 5.0}, "timestamp": "2026-04-14T14:55:51.129949+05:30"}
{"type": "COMMIT", "txn_id": "67be24fd-2801-4b67-9889-1fa9b9962f6d", "timestamp": "2026-04-14T14:55:51.130987+05:30"}
{"type": "BEGIN", "txn_id": "c04a074e-6842-423a-809b-9d10bcb7ac13", "timestamp": "2026-04-14T14:55:51.135673+05:30"}
{"type": "INSERT", "txn_id": "c04a074e-6842-423a-809b-9d10bcb7ac13", "table": "products", "key": "TX_200_169", "before": null, "after": {"product_id": "TX_200_169", "name": "TX169", "stock": 10, "price": 5.0}, "timestamp": "2026-04-14T14:55:51.137227+05:30"}
{"type": "COMMIT", "txn_id": "c04a074e-6842-423a-809b-9d10bcb7ac13", "timestamp": "2026-04-14T14:55:51.138284+05:30"}
{"type": "BEGIN", "txn_id": "6dd0ba75-35c2-4494-9824-1adcac0b3380", "timestamp": "2026-04-14T14:55:51.141965+05:30"}
{"type": "INSERT", "txn_id": "6dd0ba75-35c2-4494-9824-1adcac0b3380", "table": "products", "key": "TX_200_170", "before": null, "after": {"product_id": "TX_200_170", "name": "TX170", "stock": 10, "price": 5.0}, "timestamp": "2026-04-14T14:55:51.144069+05:30"}
{"type": "COMMIT", "txn_id": "6dd0ba75-35c2-4494-9824-1adcac0b3380", "timestamp": "2026-04-14T14:55:51.145632+05:30"}
{"type": "BEGIN", "txn_id": "a1c0c369-5f77-4fee-996f-4c81c557a28f", "timestamp": "2026-04-14T14:55:51.149415+05:30"}
{"type": "INSERT", "txn_id": "a1c0c369-5f77-4fee-996f-4c81c557a28f", "table": "products", "key": "TX_200_171", "before": null, "after": {"product_id": "TX_200_171", "name": "TX171", "stock": 10, "price": 5.0}, "timestamp": "2026-04-14T14:55:51.151041+05:30"}
{"type": "COMMIT", "txn_id": "a1c0c369-5f77-4fee-996f-4c81c557a28f", "timestamp": "2026-04-14T14:55:51.152012+05:30"}
{"type": "BEGIN", "txn_id": "8ea1d972-1915-46be-980c-06624166374c", "timestamp": "2026-04-14T14:55:51.155274+05:30"}
{"type": "INSERT", "txn_id": "8ea1d972-1915-46be-980c-06624166374c", "table": "products", "key": "TX_200_172", "before": null, "after": {"product_id": "TX_200_172", "name": "TX172", "stock": 10, "price": 5.0}, "timestamp": "2026-04-14T14:55:51.156927+05:30"}
{"type": "COMMIT", "txn_id": "8ea1d972-1915-46be-980c-06624166374c", "timestamp": "2026-04-14T14:55:51.158215+05:30"}
{"type": "BEGIN", "txn_id": "0ab6720f-dabe-45e6-86ff-9a055b425bfc", "timestamp": "2026-04-14T14:55:51.162784+05:30"}
{"type": "INSERT", "txn_id": "0ab6720f-dabe-45e6-86ff-9a055b425bfc", "table": "products", "key": "TX_200_173", "before": null, "after": {"product_id": "TX_200_173", "name": "TX173", "stock": 10, "price": 5.0}, "timestamp": "2026-04-14T14:55:51.164274+05:30"}
{"type": "COMMIT", "txn_id": "0ab6720f-dabe-45e6-86ff-9a055b425bfc", "timestamp": "2026-04-14T14:55:51.165310+05:30"}
{"type": "BEGIN", "txn_id": "59b713b4-39e3-4b2a-81b4-89fb3ad2e78d", "timestamp": "2026-04-14T14:55:51.168499+05:30"}
{"type": "INSERT", "txn_id": "59b713b4-39e3-4b2a-81b4-89fb3ad2e78d", "table": "products", "key": "TX_200_174", "before": null, "after": {"product_id": "TX_200_174", "name": "TX174", "stock": 10, "price": 5.0}, "timestamp": "2026-04-14T14:55:51.169893+05:30"}
{"type": "COMMIT", "txn_id": "59b713b4-39e3-4b2a-81b4-89fb3ad2e78d", "timestamp": "2026-04-14T14:55:51.170958+05:30"}
{"type": "BEGIN", "txn_id": "9bc63f78-b931-4df2-be8c-5020e4d052de", "timestamp": "2026-04-14T14:55:51.174357+05:30"}
{"type": "INSERT", "txn_id": "9bc63f78-b931-4df2-be8c-5020e4d052de", "table": "products", "key": "TX_200_175", "before": null, "after": {"product_id": "TX_200_175", "name": "TX175", "stock": 10, "price": 5.0}, "timestamp": "2026-04-14T14:55:51.175848+05:30"}
{"type": "COMMIT", "txn_id": "9bc63f78-b931-4df2-be8c-5020e4d052de", "timestamp": "2026-04-14T14:55:51.177495+05:30"}
{"type": "BEGIN", "txn_id": "2de362b0-8213-4fcf-8dad-910767d76eb9", "timestamp": "2026-04-14T14:55:51.180967+05:30"}
{"type": "INSERT", "txn_id": "2de362b0-8213-4fcf-8dad-910767d76eb9", "table": "products", "key": "TX_200_176", "before": null, "after": {"product_id": "TX_200_176", "name": "TX176", "stock": 10, "price": 5.0}, "timestamp": "2026-04-14T14:55:51.182449+05:30"}
{"type": "COMMIT", "txn_id": "2de362b0-8213-4fcf-8dad-910767d76eb9", "timestamp": "2026-04-14T14:55:51.183409+05:30"}
{"type": "BEGIN", "txn_id": "82930998-f32a-40cf-8212-c2701917bf0b", "timestamp": "2026-04-14T14:55:51.186543+05:30"}
{"type": "INSERT", "txn_id": "82930998-f32a-40cf-8212-c2701917bf0b", "table": "products", "key": "TX_200_177", "before": null, "after": {"product_id": "TX_200_177", "name": "TX177", "stock": 10, "price": 5.0}, "timestamp": "2026-04-14T14:55:51.188318+05:30"}
{"type": "COMMIT", "txn_id": "82930998-f32a-40cf-8212-c2701917bf0b", "timestamp": "2026-04-14T14:55:51.189525+05:30"}
{"type": "BEGIN", "txn_id": "7ede6771-aff6-4e8d-b423-68d0011b780a", "timestamp": "2026-04-14T14:55:51.193621+05:30"}
{"type": "INSERT", "txn_id": "7ede6771-aff6-4e8d-b423-68d0011b780a", "table": "products", "key": "TX_200_178", "before": null, "after": {"product_id": "TX_200_178", "name": "TX178", "stock": 10, "price": 5.0}, "timestamp": "2026-04-14T14:55:51.195463+05:30"}
{"type": "COMMIT", "txn_id": "7ede6771-aff6-4e8d-b423-68d0011b780a", "timestamp": "2026-04-14T14:55:51.196510+05:30"}
{"type": "BEGIN", "txn_id": "e7a87b29-72e2-44b2-9ef3-1936afb83ab6", "timestamp": "2026-04-14T14:55:51.200028+05:30"}
{"type": "INSERT", "txn_id": "e7a87b29-72e2-44b2-9ef3-1936afb83ab6", "table": "products", "key": "TX_200_179", "before": null, "after": {"product_id": "TX_200_179", "name": "TX179", "stock": 10, "price": 5.0}, "timestamp": "2026-04-14T14:55:51.201516+05:30"}
{"type": "COMMIT", "txn_id": "e7a87b29-72e2-44b2-9ef3-1936afb83ab6", "timestamp": "2026-04-14T14:55:51.202461+05:30"}
{"type": "BEGIN", "txn_id": "8bb21d3c-ee03-490f-a304-1be5b48fdc98", "timestamp": "2026-04-14T14:55:51.205831+05:30"}
{"type": "INSERT", "txn_id": "8bb21d3c-ee03-490f-a304-1be5b48fdc98", "table": "products", "key": "TX_200_180", "before": null, "after": {"product_id": "TX_200_180", "name": "TX180", "stock": 10, "price": 5.0}, "timestamp": "2026-04-14T14:55:51.207332+05:30"}
{"type": "COMMIT", "txn_id": "8bb21d3c-ee03-490f-a304-1be5b48fdc98", "timestamp": "2026-04-14T14:55:51.208252+05:30"}
{"type": "BEGIN", "txn_id": "01c1dbf8-0394-4028-a69f-d807c6a1c704", "timestamp": "2026-04-14T14:55:51.212389+05:30"}
{"type": "INSERT", "txn_id": "01c1dbf8-0394-4028-a69f-d807c6a1c704", "table": "products", "key": "TX_200_181", "before": null, "after": {"product_id": "TX_200_181", "name": "TX181", "stock": 10, "price": 5.0}, "timestamp": "2026-04-14T14:55:51.213894+05:30"}
{"type": "COMMIT", "txn_id": "01c1dbf8-0394-4028-a69f-d807c6a1c704", "timestamp": "2026-04-14T14:55:51.214911+05:30"}
{"type": "BEGIN", "txn_id": "68a6bc30-eb38-4454-9131-9623e681377c", "timestamp": "2026-04-14T14:55:51.218153+05:30"}
{"type": "INSERT", "txn_id": "68a6bc30-eb38-4454-9131-9623e681377c", "table": "products", "key": "TX_200_182", "before": null, "after": {"product_id": "TX_200_182", "name": "TX182", "stock": 10, "price": 5.0}, "timestamp": "2026-04-14T14:55:51.219698+05:30"}
{"type": "COMMIT", "txn_id": "68a6bc30-eb38-4454-9131-9623e681377c", "timestamp": "2026-04-14T14:55:51.220920+05:30"}
{"type": "BEGIN", "txn_id": "03d5aba0-68fc-4711-906e-b7fa695b8b98", "timestamp": "2026-04-14T14:55:51.224450+05:30"}
{"type": "INSERT", "txn_id": "03d5aba0-68fc-4711-906e-b7fa695b8b98", "table": "products", "key": "TX_200_183", "before": null, "after": {"product_id": "TX_200_183", "name": "TX183", "stock": 10, "price": 5.0}, "timestamp": "2026-04-14T14:55:51.226232+05:30"}
{"type": "COMMIT", "txn_id": "03d5aba0-68fc-4711-906e-b7fa695b8b98", "timestamp": "2026-04-14T14:55:51.227749+05:30"}
{"type": "BEGIN", "txn_id": "02e9effc-3a7f-4fe3-a246-6bfb0178f1de", "timestamp": "2026-04-14T14:55:51.231373+05:30"}
{"type": "INSERT", "txn_id": "02e9effc-3a7f-4fe3-a246-6bfb0178f1de", "table": "products", "key": "TX_200_184", "before": null, "after": {"product_id": "TX_200_184", "name": "TX184", "stock": 10, "price": 5.0}, "timestamp": "2026-04-14T14:55:51.232816+05:30"}
{"type": "COMMIT", "txn_id": "02e9effc-3a7f-4fe3-a246-6bfb0178f1de", "timestamp": "2026-04-14T14:55:51.233763+05:30"}
{"type": "BEGIN", "txn_id": "afa3a2a8-6675-44f6-9ffd-4e5987397842", "timestamp": "2026-04-14T14:55:51.236967+05:30"}
{"type": "INSERT", "txn_id": "afa3a2a8-6675-44f6-9ffd-4e5987397842", "table": "products", "key": "TX_200_185", "before": null, "after": {"product_id": "TX_200_185", "name": "TX185", "stock": 10, "price": 5.0}, "timestamp": "2026-04-14T14:55:51.238418+05:30"}
{"type": "COMMIT", "txn_id": "afa3a2a8-6675-44f6-9ffd-4e5987397842", "timestamp": "2026-04-14T14:55:51.239453+05:30"}
{"type": "BEGIN", "txn_id": "6e3c8732-4c0e-4b4e-9d39-4d26c1937208", "timestamp": "2026-04-14T14:55:51.242951+05:30"}
{"type": "INSERT", "txn_id": "6e3c8732-4c0e-4b4e-9d39-4d26c1937208", "table": "products", "key": "TX_200_186", "before": null, "after": {"product_id": "TX_200_186", "name": "TX186", "stock": 10, "price": 5.0}, "timestamp": "2026-04-14T14:55:51.244938+05:30"}
{"type": "COMMIT", "txn_id": "6e3c8732-4c0e-4b4e-9d39-4d26c1937208", "timestamp": "2026-04-14T14:55:51.245982+05:30"}
{"type": "BEGIN", "txn_id": "39ae9f07-4207-4b53-828c-c329d01dda8e", "timestamp": "2026-04-14T14:55:51.249180+05:30"}
{"type": "INSERT", "txn_id": "39ae9f07-4207-4b53-828c-c329d01dda8e", "table": "products", "key": "TX_200_187", "before": null, "after": {"product_id": "TX_200_187", "name": "TX187", "stock": 10, "price": 5.0}, "timestamp": "2026-04-14T14:55:51.250638+05:30"}
{"type": "COMMIT", "txn_id": "39ae9f07-4207-4b53-828c-c329d01dda8e", "timestamp": "2026-04-14T14:55:51.252038+05:30"}
{"type": "BEGIN", "txn_id": "b914e936-8234-4ec7-8fb6-85f096fd2868", "timestamp": "2026-04-14T14:55:51.255467+05:30"}
{"type": "INSERT", "txn_id": "b914e936-8234-4ec7-8fb6-85f096fd2868", "table": "products", "key": "TX_200_188", "before": null, "after": {"product_id": "TX_200_188", "name": "TX188", "stock": 10, "price": 5.0}, "timestamp": "2026-04-14T14:55:51.256891+05:30"}
{"type": "COMMIT", "txn_id": "b914e936-8234-4ec7-8fb6-85f096fd2868", "timestamp": "2026-04-14T14:55:51.257830+05:30"}
{"type": "BEGIN", "txn_id": "e3ead1ba-5c7e-4001-987e-a97847a061a1", "timestamp": "2026-04-14T14:55:51.261943+05:30"}
{"type": "INSERT", "txn_id": "e3ead1ba-5c7e-4001-987e-a97847a061a1", "table": "products", "key": "TX_200_189", "before": null, "after": {"product_id": "TX_200_189", "name": "TX189", "stock": 10, "price": 5.0}, "timestamp": "2026-04-14T14:55:51.263633+05:30"}
{"type": "COMMIT", "txn_id": "e3ead1ba-5c7e-4001-987e-a97847a061a1", "timestamp": "2026-04-14T14:55:51.264675+05:30"}
{"type": "BEGIN", "txn_id": "205ab4b4-44e4-45eb-93f8-d4cb86532f0b", "timestamp": "2026-04-14T14:55:51.267979+05:30"}
{"type": "INSERT", "txn_id": "205ab4b4-44e4-45eb-93f8-d4cb86532f0b", "table": "products", "key": "TX_200_190", "before": null, "after": {"product_id": "TX_200_190", "name": "TX190", "stock": 10, "price": 5.0}, "timestamp": "2026-04-14T14:55:51.269523+05:30"}
{"type": "COMMIT", "txn_id": "205ab4b4-44e4-45eb-93f8-d4cb86532f0b", "timestamp": "2026-04-14T14:55:51.270626+05:30"}
{"type": "BEGIN", "txn_id": "de4a417c-0b9d-4629-8699-446ec4e43871", "timestamp": "2026-04-14T14:55:51.274032+05:30"}
{"type": "INSERT", "txn_id": "de4a417c-0b9d-4629-8699-446ec4e43871", "table": "products", "key": "TX_200_191", "before": null, "after": {"product_id": "TX_200_191", "name": "TX191", "stock": 10, "price": 5.0}, "timestamp": "2026-04-14T14:55:51.275463+05:30"}
{"type": "COMMIT", "txn_id": "de4a417c-0b9d-4629-8699-446ec4e43871", "timestamp": "2026-04-14T14:55:51.276840+05:30"}
{"type": "BEGIN", "txn_id": "4511a17f-beb1-4f6d-9fac-7887a3a85947", "timestamp": "2026-04-14T14:55:51.280754+05:30"}
{"type": "INSERT", "txn_id": "4511a17f-beb1-4f6d-9fac-7887a3a85947", "table": "products", "key": "TX_200_192", "before": null, "after": {"product_id": "TX_200_192", "name": "TX192", "stock": 10, "price": 5.0}, "timestamp": "2026-04-14T14:55:51.282202+05:30"}
{"type": "COMMIT", "txn_id": "4511a17f-beb1-4f6d-9fac-7887a3a85947", "timestamp": "2026-04-14T14:55:51.283122+05:30"}
{"type": "BEGIN", "txn_id": "42c50c1b-fc2b-403b-8c85-27dce947a8bf", "timestamp": "2026-04-14T14:55:51.286025+05:30"}
{"type": "INSERT", "txn_id": "42c50c1b-fc2b-403b-8c85-27dce947a8bf", "table": "products", "key": "TX_200_193", "before": null, "after": {"product_id": "TX_200_193", "name": "TX193", "stock": 10, "price": 5.0}, "timestamp": "2026-04-14T14:55:51.287304+05:30"}
{"type": "COMMIT", "txn_id": "42c50c1b-fc2b-403b-8c85-27dce947a8bf", "timestamp": "2026-04-14T14:55:51.288163+05:30"}
{"type": "BEGIN", "txn_id": "5f60872a-4b50-431f-a1cf-590778b6bd29", "timestamp": "2026-04-14T14:55:51.291929+05:30"}
{"type": "INSERT", "txn_id": "5f60872a-4b50-431f-a1cf-590778b6bd29", "table": "products", "key": "TX_200_194", "before": null, "after": {"product_id": "TX_200_194", "name": "TX194", "stock": 10, "price": 5.0}, "timestamp": "2026-04-14T14:55:51.294450+05:30"}
{"type": "COMMIT", "txn_id": "5f60872a-4b50-431f-a1cf-590778b6bd29", "timestamp": "2026-04-14T14:55:51.295835+05:30"}
{"type": "BEGIN", "txn_id": "260fd329-6fd1-4d1d-8657-0ab894e0cf80", "timestamp": "2026-04-14T14:55:51.299622+05:30"}
{"type": "INSERT", "txn_id": "260fd329-6fd1-4d1d-8657-0ab894e0cf80", "table": "products", "key": "TX_200_195", "before": null, "after": {"product_id": "TX_200_195", "name": "TX195", "stock": 10, "price": 5.0}, "timestamp": "2026-04-14T14:55:51.301038+05:30"}
{"type": "COMMIT", "txn_id": "260fd329-6fd1-4d1d-8657-0ab894e0cf80", "timestamp": "2026-04-14T14:55:51.301947+05:30"}
{"type": "BEGIN", "txn_id": "a2a8d518-7840-43a7-a02e-a4f903c70aaf", "timestamp": "2026-04-14T14:55:51.305107+05:30"}
{"type": "INSERT", "txn_id": "a2a8d518-7840-43a7-a02e-a4f903c70aaf", "table": "products", "key": "TX_200_196", "before": null, "after": {"product_id": "TX_200_196", "name": "TX196", "stock": 10, "price": 5.0}, "timestamp": "2026-04-14T14:55:51.306579+05:30"}
{"type": "COMMIT", "txn_id": "a2a8d518-7840-43a7-a02e-a4f903c70aaf", "timestamp": "2026-04-14T14:55:51.308483+05:30"}
{"type": "BEGIN", "txn_id": "40faca60-08b5-4127-8fae-249a4aaa10ad", "timestamp": "2026-04-14T14:55:51.313618+05:30"}
{"type": "INSERT", "txn_id": "40faca60-08b5-4127-8fae-249a4aaa10ad", "table": "products", "key": "TX_200_197", "before": null, "after": {"product_id": "TX_200_197", "name": "TX197", "stock": 10, "price": 5.0}, "timestamp": "2026-04-14T14:55:51.315128+05:30"}
{"type": "COMMIT", "txn_id": "40faca60-08b5-4127-8fae-249a4aaa10ad", "timestamp": "2026-04-14T14:55:51.316105+05:30"}
{"type": "BEGIN", "txn_id": "a73badf8-261c-40f9-8ac6-72c8ae0413ff", "timestamp": "2026-04-14T14:55:51.319458+05:30"}
{"type": "INSERT", "txn_id": "a73badf8-261c-40f9-8ac6-72c8ae0413ff", "table": "products", "key": "TX_200_198", "before": null, "after": {"product_id": "TX_200_198", "name": "TX198", "stock": 10, "price": 5.0}, "timestamp": "2026-04-14T14:55:51.320957+05:30"}
{"type": "COMMIT", "txn_id": "a73badf8-261c-40f9-8ac6-72c8ae0413ff", "timestamp": "2026-04-14T14:55:51.321927+05:30"}
{"type": "BEGIN", "txn_id": "5ba29a4a-6e57-4750-939e-27520fcd043e", "timestamp": "2026-04-14T14:55:51.326291+05:30"}
{"type": "INSERT", "txn_id": "5ba29a4a-6e57-4750-939e-27520fcd043e", "table": "products", "key": "TX_200_199", "before": null, "after": {"product_id": "TX_200_199", "name": "TX199", "stock": 10, "price": 5.0}, "timestamp": "2026-04-14T14:55:51.328416+05:30"}
{"type": "COMMIT", "txn_id": "5ba29a4a-6e57-4750-939e-27520fcd043e", "timestamp": "2026-04-14T14:55:51.329462+05:30"}
{"type": "BEGIN", "txn_id": "74bef7d8-4687-48e4-8639-239167cea7cd", "timestamp": "2026-04-14T14:55:51.338183+05:30"}
{"type": "INSERT", "txn_id": "74bef7d8-4687-48e4-8639-239167cea7cd", "table": "products", "key": "TX_500_0", "before": null, "after": {"product_id": "TX_500_0", "name": "TX0", "stock": 10, "price": 5.0}, "timestamp": "2026-04-14T14:55:51.340194+05:30"}
{"type": "COMMIT", "txn_id": "74bef7d8-4687-48e4-8639-239167cea7cd", "timestamp": "2026-04-14T14:55:51.341382+05:30"}
{"type": "BEGIN", "txn_id": "b946f0dd-61b4-4c41-9412-e13ec9621773", "timestamp": "2026-04-14T14:55:51.346049+05:30"}
{"type": "INSERT", "txn_id": "b946f0dd-61b4-4c41-9412-e13ec9621773", "table": "products", "key": "TX_500_1", "before": null, "after": {"product_id": "TX_500_1", "name": "TX1", "stock": 10, "price": 5.0}, "timestamp": "2026-04-14T14:55:51.347649+05:30"}
{"type": "COMMIT", "txn_id": "b946f0dd-61b4-4c41-9412-e13ec9621773", "timestamp": "2026-04-14T14:55:51.348590+05:30"}
{"type": "BEGIN", "txn_id": "89b742f9-402c-4549-9856-609d3b8e0f3b", "timestamp": "2026-04-14T14:55:51.352761+05:30"}
{"type": "INSERT", "txn_id": "89b742f9-402c-4549-9856-609d3b8e0f3b", "table": "products", "key": "TX_500_2", "before": null, "after": {"product_id": "TX_500_2", "name": "TX2", "stock": 10, "price": 5.0}, "timestamp": "2026-04-14T14:55:51.354571+05:30"}
{"type": "COMMIT", "txn_id": "89b742f9-402c-4549-9856-609d3b8e0f3b", "timestamp": "2026-04-14T14:55:51.355784+05:30"}
{"type": "BEGIN", "txn_id": "b4bbfb4e-1afb-417d-84d5-0294215cccfa", "timestamp": "2026-04-14T14:55:51.359911+05:30"}
{"type": "INSERT", "txn_id": "b4bbfb4e-1afb-417d-84d5-0294215cccfa", "table": "products", "key": "TX_500_3", "before": null, "after": {"product_id": "TX_500_3", "name": "TX3", "stock": 10, "price": 5.0}, "timestamp": "2026-04-14T14:55:51.362049+05:30"}
{"type": "COMMIT", "txn_id": "b4bbfb4e-1afb-417d-84d5-0294215cccfa", "timestamp": "2026-04-14T14:55:51.363076+05:30"}
{"type": "BEGIN", "txn_id": "6e02733c-0e1f-4244-9999-354cd6acdd6b", "timestamp": "2026-04-14T14:55:51.366992+05:30"}
{"type": "INSERT", "txn_id": "6e02733c-0e1f-4244-9999-354cd6acdd6b", "table": "products", "key": "TX_500_4", "before": null, "after": {"product_id": "TX_500_4", "name": "TX4", "stock": 10, "price": 5.0}, "timestamp": "2026-04-14T14:55:51.368667+05:30"}
{"type": "COMMIT", "txn_id": "6e02733c-0e1f-4244-9999-354cd6acdd6b", "timestamp": "2026-04-14T14:55:51.369603+05:30"}
{"type": "BEGIN", "txn_id": "9aa359cd-1b7f-4bd3-9993-58bf472f084a", "timestamp": "2026-04-14T14:55:51.373812+05:30"}
{"type": "INSERT", "txn_id": "9aa359cd-1b7f-4bd3-9993-58bf472f084a", "table": "products", "key": "TX_500_5", "before": null, "after": {"product_id": "TX_500_5", "name": "TX5", "stock": 10, "price": 5.0}, "timestamp": "2026-04-14T14:55:51.375468+05:30"}
{"type": "COMMIT", "txn_id": "9aa359cd-1b7f-4bd3-9993-58bf472f084a", "timestamp": "2026-04-14T14:55:51.377037+05:30"}
{"type": "BEGIN", "txn_id": "db621a66-9373-4ebc-b12c-aaf1c9af7dbf", "timestamp": "2026-04-14T14:55:51.381056+05:30"}
{"type": "INSERT", "txn_id": "db621a66-9373-4ebc-b12c-aaf1c9af7dbf", "table": "products", "key": "TX_500_6", "before": null, "after": {"product_id": "TX_500_6", "name": "TX6", "stock": 10, "price": 5.0}, "timestamp": "2026-04-14T14:55:51.382782+05:30"}
{"type": "COMMIT", "txn_id": "db621a66-9373-4ebc-b12c-aaf1c9af7dbf", "timestamp": "2026-04-14T14:55:51.383778+05:30"}
{"type": "BEGIN", "txn_id": "406f5058-18a5-424e-97a8-ea009386f867", "timestamp": "2026-04-14T14:55:51.388113+05:30"}
{"type": "INSERT", "txn_id": "406f5058-18a5-424e-97a8-ea009386f867", "table": "products", "key": "TX_500_7", "before": null, "after": {"product_id": "TX_500_7", "name": "TX7", "stock": 10, "price": 5.0}, "timestamp": "2026-04-14T14:55:51.389836+05:30"}
{"type": "COMMIT", "txn_id": "406f5058-18a5-424e-97a8-ea009386f867", "timestamp": "2026-04-14T14:55:51.390832+05:30"}
{"type": "BEGIN", "txn_id": "93ec244a-cf11-4575-80d0-f172db987579", "timestamp": "2026-04-14T14:55:51.395425+05:30"}
{"type": "INSERT", "txn_id": "93ec244a-cf11-4575-80d0-f172db987579", "table": "products", "key": "TX_500_8", "before": null, "after": {"product_id": "TX_500_8", "name": "TX8", "stock": 10, "price": 5.0}, "timestamp": "2026-04-14T14:55:51.397112+05:30"}
{"type": "COMMIT", "txn_id": "93ec244a-cf11-4575-80d0-f172db987579", "timestamp": "2026-04-14T14:55:51.398152+05:30"}
{"type": "BEGIN", "txn_id": "014e7dde-92bf-4a20-a57f-79214a6985d3", "timestamp": "2026-04-14T14:55:51.402048+05:30"}
{"type": "INSERT", "txn_id": "014e7dde-92bf-4a20-a57f-79214a6985d3", "table": "products", "key": "TX_500_9", "before": null, "after": {"product_id": "TX_500_9", "name": "TX9", "stock": 10, "price": 5.0}, "timestamp": "2026-04-14T14:55:51.404062+05:30"}
{"type": "COMMIT", "txn_id": "014e7dde-92bf-4a20-a57f-79214a6985d3", "timestamp": "2026-04-14T14:55:51.405165+05:30"}
{"type": "BEGIN", "txn_id": "600824d3-b0cd-4b01-9a11-c272a3fad8ac", "timestamp": "2026-04-14T14:55:51.409344+05:30"}
{"type": "INSERT", "txn_id": "600824d3-b0cd-4b01-9a11-c272a3fad8ac", "table": "products", "key": "TX_500_10", "before": null, "after": {"product_id": "TX_500_10", "name": "TX10", "stock": 10, "price": 5.0}, "timestamp": "2026-04-14T14:55:51.411511+05:30"}
{"type": "COMMIT", "txn_id": "600824d3-b0cd-4b01-9a11-c272a3fad8ac", "timestamp": "2026-04-14T14:55:51.412581+05:30"}
{"type": "BEGIN", "txn_id": "bc121402-80e2-4232-bc8d-c962c4e315ce", "timestamp": "2026-04-14T14:55:51.416429+05:30"}
{"type": "INSERT", "txn_id": "bc121402-80e2-4232-bc8d-c962c4e315ce", "table": "products", "key": "TX_500_11", "before": null, "after": {"product_id": "TX_500_11", "name": "TX11", "stock": 10, "price": 5.0}, "timestamp": "2026-04-14T14:55:51.418137+05:30"}
{"type": "COMMIT", "txn_id": "bc121402-80e2-4232-bc8d-c962c4e315ce", "timestamp": "2026-04-14T14:55:51.419181+05:30"}
{"type": "BEGIN", "txn_id": "ccbfac7a-a50b-44b5-973e-03d47e248952", "timestamp": "2026-04-14T14:55:51.423222+05:30"}
{"type": "INSERT", "txn_id": "ccbfac7a-a50b-44b5-973e-03d47e248952", "table": "products", "key": "TX_500_12", "before": null, "after": {"product_id": "TX_500_12", "name": "TX12", "stock": 10, "price": 5.0}, "timestamp": "2026-04-14T14:55:51.424857+05:30"}
{"type": "COMMIT", "txn_id": "ccbfac7a-a50b-44b5-973e-03d47e248952", "timestamp": "2026-04-14T14:55:51.426014+05:30"}
{"type": "BEGIN", "txn_id": "b51febe5-3ee5-4fd5-872a-6ff5306029bc", "timestamp": "2026-04-14T14:55:51.431268+05:30"}
{"type": "INSERT", "txn_id": "b51febe5-3ee5-4fd5-872a-6ff5306029bc", "table": "products", "key": "TX_500_13", "before": null, "after": {"product_id": "TX_500_13", "name": "TX13", "stock": 10, "price": 5.0}, "timestamp": "2026-04-14T14:55:51.432958+05:30"}
{"type": "COMMIT", "txn_id": "b51febe5-3ee5-4fd5-872a-6ff5306029bc", "timestamp": "2026-04-14T14:55:51.433934+05:30"}
{"type": "BEGIN", "txn_id": "2cbe64e2-e41b-46e5-9c47-16580b95485e", "timestamp": "2026-04-14T14:55:51.437832+05:30"}
{"type": "INSERT", "txn_id": "2cbe64e2-e41b-46e5-9c47-16580b95485e", "table": "products", "key": "TX_500_14", "before": null, "after": {"product_id": "TX_500_14", "name": "TX14", "stock": 10, "price": 5.0}, "timestamp": "2026-04-14T14:55:51.439509+05:30"}
{"type": "COMMIT", "txn_id": "2cbe64e2-e41b-46e5-9c47-16580b95485e", "timestamp": "2026-04-14T14:55:51.440501+05:30"}
{"type": "BEGIN", "txn_id": "f33cb003-074a-43b7-aabb-4fe19ac8eada", "timestamp": "2026-04-14T14:55:51.445458+05:30"}
{"type": "INSERT", "txn_id": "f33cb003-074a-43b7-aabb-4fe19ac8eada", "table": "products", "key": "TX_500_15", "before": null, "after": {"product_id": "TX_500_15", "name": "TX15", "stock": 10, "price": 5.0}, "timestamp": "2026-04-14T14:55:51.447024+05:30"}
{"type": "COMMIT", "txn_id": "f33cb003-074a-43b7-aabb-4fe19ac8eada", "timestamp": "2026-04-14T14:55:51.447926+05:30"}
{"type": "BEGIN", "txn_id": "6572d844-5dd0-457b-994d-befe49e85098", "timestamp": "2026-04-14T14:55:51.451576+05:30"}
{"type": "INSERT", "txn_id": "6572d844-5dd0-457b-994d-befe49e85098", "table": "products", "key": "TX_500_16", "before": null, "after": {"product_id": "TX_500_16", "name": "TX16", "stock": 10, "price": 5.0}, "timestamp": "2026-04-14T14:55:51.453054+05:30"}
{"type": "COMMIT", "txn_id": "6572d844-5dd0-457b-994d-befe49e85098", "timestamp": "2026-04-14T14:55:51.453928+05:30"}
{"type": "BEGIN", "txn_id": "69c4ae1d-f19d-46bf-92ea-ee36b010c2ef", "timestamp": "2026-04-14T14:55:51.457526+05:30"}
{"type": "INSERT", "txn_id": "69c4ae1d-f19d-46bf-92ea-ee36b010c2ef", "table": "products", "key": "TX_500_17", "before": null, "after": {"product_id": "TX_500_17", "name": "TX17", "stock": 10, "price": 5.0}, "timestamp": "2026-04-14T14:55:51.459528+05:30"}
{"type": "COMMIT", "txn_id": "69c4ae1d-f19d-46bf-92ea-ee36b010c2ef", "timestamp": "2026-04-14T14:55:51.460822+05:30"}
{"type": "BEGIN", "txn_id": "aec8dae3-5125-4a80-8b6b-c20bf1859991", "timestamp": "2026-04-14T14:55:51.464961+05:30"}
{"type": "INSERT", "txn_id": "aec8dae3-5125-4a80-8b6b-c20bf1859991", "table": "products", "key": "TX_500_18", "before": null, "after": {"product_id": "TX_500_18", "name": "TX18", "stock": 10, "price": 5.0}, "timestamp": "2026-04-14T14:55:51.466707+05:30"}
{"type": "COMMIT", "txn_id": "aec8dae3-5125-4a80-8b6b-c20bf1859991", "timestamp": "2026-04-14T14:55:51.467643+05:30"}
{"type": "BEGIN", "txn_id": "84feeca8-5baf-41b9-918a-5fba53cda66a", "timestamp": "2026-04-14T14:55:51.471520+05:30"}
{"type": "INSERT", "txn_id": "84feeca8-5baf-41b9-918a-5fba53cda66a", "table": "products", "key": "TX_500_19", "before": null, "after": {"product_id": "TX_500_19", "name": "TX19", "stock": 10, "price": 5.0}, "timestamp": "2026-04-14T14:55:51.473093+05:30"}
{"type": "COMMIT", "txn_id": "84feeca8-5baf-41b9-918a-5fba53cda66a", "timestamp": "2026-04-14T14:55:51.474359+05:30"}
{"type": "BEGIN", "txn_id": "193fe637-63c8-41d8-bcd5-db96a3704699", "timestamp": "2026-04-14T14:55:51.478999+05:30"}
{"type": "INSERT", "txn_id": "193fe637-63c8-41d8-bcd5-db96a3704699", "table": "products", "key": "TX_500_20", "before": null, "after": {"product_id": "TX_500_20", "name": "TX20", "stock": 10, "price": 5.0}, "timestamp": "2026-04-14T14:55:51.480722+05:30"}
{"type": "COMMIT", "txn_id": "193fe637-63c8-41d8-bcd5-db96a3704699", "timestamp": "2026-04-14T14:55:51.481756+05:30"}
{"type": "BEGIN", "txn_id": "94728276-2667-44ad-ae79-4ac212645f3c", "timestamp": "2026-04-14T14:55:51.485764+05:30"}
{"type": "INSERT", "txn_id": "94728276-2667-44ad-ae79-4ac212645f3c", "table": "products", "key": "TX_500_21", "before": null, "after": {"product_id": "TX_500_21", "name": "TX21", "stock": 10, "price": 5.0}, "timestamp": "2026-04-14T14:55:51.487428+05:30"}
{"type": "COMMIT", "txn_id": "94728276-2667-44ad-ae79-4ac212645f3c", "timestamp": "2026-04-14T14:55:51.488407+05:30"}
{"type": "BEGIN", "txn_id": "f047bd48-4c1a-464f-94bd-7e754f30cf81", "timestamp": "2026-04-14T14:55:51.493523+05:30"}
{"type": "INSERT", "txn_id": "f047bd48-4c1a-464f-94bd-7e754f30cf81", "table": "products", "key": "TX_500_22", "before": null, "after": {"product_id": "TX_500_22", "name": "TX22", "stock": 10, "price": 5.0}, "timestamp": "2026-04-14T14:55:51.495491+05:30"}
{"type": "COMMIT", "txn_id": "f047bd48-4c1a-464f-94bd-7e754f30cf81", "timestamp": "2026-04-14T14:55:51.496547+05:30"}
{"type": "BEGIN", "txn_id": "4a4856a8-3c9c-40da-a733-873ea26344ce", "timestamp": "2026-04-14T14:55:51.500509+05:30"}
{"type": "INSERT", "txn_id": "4a4856a8-3c9c-40da-a733-873ea26344ce", "table": "products", "key": "TX_500_23", "before": null, "after": {"product_id": "TX_500_23", "name": "TX23", "stock": 10, "price": 5.0}, "timestamp": "2026-04-14T14:55:51.502259+05:30"}
{"type": "COMMIT", "txn_id": "4a4856a8-3c9c-40da-a733-873ea26344ce", "timestamp": "2026-04-14T14:55:51.503274+05:30"}
{"type": "BEGIN", "txn_id": "09ff1b76-5a62-4014-a473-2aa2a41d37fb", "timestamp": "2026-04-14T14:55:51.507744+05:30"}
{"type": "INSERT", "txn_id": "09ff1b76-5a62-4014-a473-2aa2a41d37fb", "table": "products", "key": "TX_500_24", "before": null, "after": {"product_id": "TX_500_24", "name": "TX24", "stock": 10, "price": 5.0}, "timestamp": "2026-04-14T14:55:51.509983+05:30"}
{"type": "COMMIT", "txn_id": "09ff1b76-5a62-4014-a473-2aa2a41d37fb", "timestamp": "2026-04-14T14:55:51.511306+05:30"}
{"type": "BEGIN", "txn_id": "6ec22b28-2638-4cd4-863b-f986f47c1b59", "timestamp": "2026-04-14T14:55:51.515318+05:30"}
{"type": "INSERT", "txn_id": "6ec22b28-2638-4cd4-863b-f986f47c1b59", "table": "products", "key": "TX_500_25", "before": null, "after": {"product_id": "TX_500_25", "name": "TX25", "stock": 10, "price": 5.0}, "timestamp": "2026-04-14T14:55:51.517027+05:30"}
{"type": "COMMIT", "txn_id": "6ec22b28-2638-4cd4-863b-f986f47c1b59", "timestamp": "2026-04-14T14:55:51.518027+05:30"}
{"type": "BEGIN", "txn_id": "4d0d5b7e-6c94-40c2-8d9d-9786ebd0d973", "timestamp": "2026-04-14T14:55:51.522974+05:30"}
{"type": "INSERT", "txn_id": "4d0d5b7e-6c94-40c2-8d9d-9786ebd0d973", "table": "products", "key": "TX_500_26", "before": null, "after": {"product_id": "TX_500_26", "name": "TX26", "stock": 10, "price": 5.0}, "timestamp": "2026-04-14T14:55:51.524960+05:30"}
{"type": "COMMIT", "txn_id": "4d0d5b7e-6c94-40c2-8d9d-9786ebd0d973", "timestamp": "2026-04-14T14:55:51.527107+05:30"}
{"type": "BEGIN", "txn_id": "15f62e5e-8362-4ac2-8430-a65fb0907f21", "timestamp": "2026-04-14T14:55:51.531416+05:30"}
{"type": "INSERT", "txn_id": "15f62e5e-8362-4ac2-8430-a65fb0907f21", "table": "products", "key": "TX_500_27", "before": null, "after": {"product_id": "TX_500_27", "name": "TX27", "stock": 10, "price": 5.0}, "timestamp": "2026-04-14T14:55:51.533095+05:30"}
{"type": "COMMIT", "txn_id": "15f62e5e-8362-4ac2-8430-a65fb0907f21", "timestamp": "2026-04-14T14:55:51.534034+05:30"}
{"type": "BEGIN", "txn_id": "d4c441f7-761b-4d04-90ed-126a3e437d93", "timestamp": "2026-04-14T14:55:51.538258+05:30"}
{"type": "INSERT", "txn_id": "d4c441f7-761b-4d04-90ed-126a3e437d93", "table": "products", "key": "TX_500_28", "before": null, "after": {"product_id": "TX_500_28", "name": "TX28", "stock": 10, "price": 5.0}, "timestamp": "2026-04-14T14:55:51.540328+05:30"}
{"type": "COMMIT", "txn_id": "d4c441f7-761b-4d04-90ed-126a3e437d93", "timestamp": "2026-04-14T14:55:51.541824+05:30"}
{"type": "BEGIN", "txn_id": "45c3f451-68d6-4d2a-a2b9-29f998aaea4c", "timestamp": "2026-04-14T14:55:51.547398+05:30"}
{"type": "INSERT", "txn_id": "45c3f451-68d6-4d2a-a2b9-29f998aaea4c", "table": "products", "key": "TX_500_29", "before": null, "after": {"product_id": "TX_500_29", "name": "TX29", "stock": 10, "price": 5.0}, "timestamp": "2026-04-14T14:55:51.548995+05:30"}
{"type": "COMMIT", "txn_id": "45c3f451-68d6-4d2a-a2b9-29f998aaea4c", "timestamp": "2026-04-14T14:55:51.549914+05:30"}
{"type": "BEGIN", "txn_id": "a1d4da65-c969-4052-9dea-9277b0f23ad8", "timestamp": "2026-04-14T14:55:51.553569+05:30"}
{"type": "INSERT", "txn_id": "a1d4da65-c969-4052-9dea-9277b0f23ad8", "table": "products", "key": "TX_500_30", "before": null, "after": {"product_id": "TX_500_30", "name": "TX30", "stock": 10, "price": 5.0}, "timestamp": "2026-04-14T14:55:51.565350+05:30"}
{"type": "COMMIT", "txn_id": "a1d4da65-c969-4052-9dea-9277b0f23ad8", "timestamp": "2026-04-14T14:55:51.566436+05:30"}
{"type": "BEGIN", "txn_id": "3ed16f69-2d38-489a-bc17-ea5ed9d0bf99", "timestamp": "2026-04-14T14:55:51.570717+05:30"}
{"type": "INSERT", "txn_id": "3ed16f69-2d38-489a-bc17-ea5ed9d0bf99", "table": "products", "key": "TX_500_31", "before": null, "after": {"product_id": "TX_500_31", "name": "TX31", "stock": 10, "price": 5.0}, "timestamp": "2026-04-14T14:55:51.572354+05:30"}
{"type": "COMMIT", "txn_id": "3ed16f69-2d38-489a-bc17-ea5ed9d0bf99", "timestamp": "2026-04-14T14:55:51.573273+05:30"}
{"type": "BEGIN", "txn_id": "1cece227-1463-4052-8097-9d2a13fe03c3", "timestamp": "2026-04-14T14:55:51.577883+05:30"}
{"type": "INSERT", "txn_id": "1cece227-1463-4052-8097-9d2a13fe03c3", "table": "products", "key": "TX_500_32", "before": null, "after": {"product_id": "TX_500_32", "name": "TX32", "stock": 10, "price": 5.0}, "timestamp": "2026-04-14T14:55:51.579466+05:30"}
{"type": "COMMIT", "txn_id": "1cece227-1463-4052-8097-9d2a13fe03c3", "timestamp": "2026-04-14T14:55:51.580388+05:30"}
{"type": "BEGIN", "txn_id": "61d6b8f2-afe7-41c5-aaf9-cd8c0eeb39e5", "timestamp": "2026-04-14T14:55:51.583978+05:30"}
{"type": "INSERT", "txn_id": "61d6b8f2-afe7-41c5-aaf9-cd8c0eeb39e5", "table": "products", "key": "TX_500_33", "before": null, "after": {"product_id": "TX_500_33", "name": "TX33", "stock": 10, "price": 5.0}, "timestamp": "2026-04-14T14:55:51.585816+05:30"}
{"type": "COMMIT", "txn_id": "61d6b8f2-afe7-41c5-aaf9-cd8c0eeb39e5", "timestamp": "2026-04-14T14:55:51.587128+05:30"}
{"type": "BEGIN", "txn_id": "91411d5e-982e-4d9b-bbe5-6c557a9e19ec", "timestamp": "2026-04-14T14:55:51.591072+05:30"}
{"type": "INSERT", "txn_id": "91411d5e-982e-4d9b-bbe5-6c557a9e19ec", "table": "products", "key": "TX_500_34", "before": null, "after": {"product_id": "TX_500_34", "name": "TX34", "stock": 10, "price": 5.0}, "timestamp": "2026-04-14T14:55:51.593137+05:30"}
{"type": "COMMIT", "txn_id": "91411d5e-982e-4d9b-bbe5-6c557a9e19ec", "timestamp": "2026-04-14T14:55:51.594632+05:30"}
{"type": "BEGIN", "txn_id": "4eac0c39-ee77-4c8d-89e2-735efe249573", "timestamp": "2026-04-14T14:55:51.599591+05:30"}
{"type": "INSERT", "txn_id": "4eac0c39-ee77-4c8d-89e2-735efe249573", "table": "products", "key": "TX_500_35", "before": null, "after": {"product_id": "TX_500_35", "name": "TX35", "stock": 10, "price": 5.0}, "timestamp": "2026-04-14T14:55:51.601272+05:30"}
{"type": "COMMIT", "txn_id": "4eac0c39-ee77-4c8d-89e2-735efe249573", "timestamp": "2026-04-14T14:55:51.602264+05:30"}
{"type": "BEGIN", "txn_id": "321ad9dd-5445-4a9d-91a6-ed41b3245a33", "timestamp": "2026-04-14T14:55:51.606203+05:30"}
{"type": "INSERT", "txn_id": "321ad9dd-5445-4a9d-91a6-ed41b3245a33", "table": "products", "key": "TX_500_36", "before": null, "after": {"product_id": "TX_500_36", "name": "TX36", "stock": 10, "price": 5.0}, "timestamp": "2026-04-14T14:55:51.607903+05:30"}
{"type": "COMMIT", "txn_id": "321ad9dd-5445-4a9d-91a6-ed41b3245a33", "timestamp": "2026-04-14T14:55:51.608981+05:30"}
{"type": "BEGIN", "txn_id": "b82d5dfd-8c54-440a-ac02-35d44b3f4f06", "timestamp": "2026-04-14T14:55:51.614021+05:30"}
{"type": "INSERT", "txn_id": "b82d5dfd-8c54-440a-ac02-35d44b3f4f06", "table": "products", "key": "TX_500_37", "before": null, "after": {"product_id": "TX_500_37", "name": "TX37", "stock": 10, "price": 5.0}, "timestamp": "2026-04-14T14:55:51.615565+05:30"}
{"type": "COMMIT", "txn_id": "b82d5dfd-8c54-440a-ac02-35d44b3f4f06", "timestamp": "2026-04-14T14:55:51.616514+05:30"}
{"type": "BEGIN", "txn_id": "5aa67e21-0454-4f06-8916-6be96eaf23e0", "timestamp": "2026-04-14T14:55:51.620418+05:30"}
{"type": "INSERT", "txn_id": "5aa67e21-0454-4f06-8916-6be96eaf23e0", "table": "products", "key": "TX_500_38", "before": null, "after": {"product_id": "TX_500_38", "name": "TX38", "stock": 10, "price": 5.0}, "timestamp": "2026-04-14T14:55:51.622000+05:30"}
{"type": "COMMIT", "txn_id": "5aa67e21-0454-4f06-8916-6be96eaf23e0", "timestamp": "2026-04-14T14:55:51.622971+05:30"}
{"type": "BEGIN", "txn_id": "0bfd558e-ff9b-48df-bf74-b97f0226845c", "timestamp": "2026-04-14T14:55:51.628894+05:30"}
{"type": "INSERT", "txn_id": "0bfd558e-ff9b-48df-bf74-b97f0226845c", "table": "products", "key": "TX_500_39", "before": null, "after": {"product_id": "TX_500_39", "name": "TX39", "stock": 10, "price": 5.0}, "timestamp": "2026-04-14T14:55:51.630791+05:30"}
{"type": "COMMIT", "txn_id": "0bfd558e-ff9b-48df-bf74-b97f0226845c", "timestamp": "2026-04-14T14:55:51.631981+05:30"}
{"type": "BEGIN", "txn_id": "d17b3685-0194-462e-b5c1-398aca0af9e5", "timestamp": "2026-04-14T14:55:51.636248+05:30"}
{"type": "INSERT", "txn_id": "d17b3685-0194-462e-b5c1-398aca0af9e5", "table": "products", "key": "TX_500_40", "before": null, "after": {"product_id": "TX_500_40", "name": "TX40", "stock": 10, "price": 5.0}, "timestamp": "2026-04-14T14:55:51.637946+05:30"}
{"type": "COMMIT", "txn_id": "d17b3685-0194-462e-b5c1-398aca0af9e5", "timestamp": "2026-04-14T14:55:51.638931+05:30"}
{"type": "BEGIN", "txn_id": "51762f99-a61e-453d-b113-64535a8cc40c", "timestamp": "2026-04-14T14:55:51.643452+05:30"}
{"type": "INSERT", "txn_id": "51762f99-a61e-453d-b113-64535a8cc40c", "table": "products", "key": "TX_500_41", "before": null, "after": {"product_id": "TX_500_41", "name": "TX41", "stock": 10, "price": 5.0}, "timestamp": "2026-04-14T14:55:51.645344+05:30"}
{"type": "COMMIT", "txn_id": "51762f99-a61e-453d-b113-64535a8cc40c", "timestamp": "2026-04-14T14:55:51.646333+05:30"}
{"type": "BEGIN", "txn_id": "aeeb6f38-8cfe-4a7f-bc76-114dd5818810", "timestamp": "2026-04-14T14:55:51.650280+05:30"}
{"type": "INSERT", "txn_id": "aeeb6f38-8cfe-4a7f-bc76-114dd5818810", "table": "products", "key": "TX_500_42", "before": null, "after": {"product_id": "TX_500_42", "name": "TX42", "stock": 10, "price": 5.0}, "timestamp": "2026-04-14T14:55:51.651825+05:30"}
{"type": "COMMIT", "txn_id": "aeeb6f38-8cfe-4a7f-bc76-114dd5818810", "timestamp": "2026-04-14T14:55:51.652790+05:30"}
{"type": "BEGIN", "txn_id": "2b96127f-4956-4d1c-8aee-23f782f52cc1", "timestamp": "2026-04-14T14:55:51.657220+05:30"}
{"type": "INSERT", "txn_id": "2b96127f-4956-4d1c-8aee-23f782f52cc1", "table": "products", "key": "TX_500_43", "before": null, "after": {"product_id": "TX_500_43", "name": "TX43", "stock": 10, "price": 5.0}, "timestamp": "2026-04-14T14:55:51.659253+05:30"}
{"type": "COMMIT", "txn_id": "2b96127f-4956-4d1c-8aee-23f782f52cc1", "timestamp": "2026-04-14T14:55:51.660639+05:30"}
{"type": "BEGIN", "txn_id": "501c0c13-adf7-44e7-8c1a-e4b2158f4d54", "timestamp": "2026-04-14T14:55:51.664998+05:30"}
{"type": "INSERT", "txn_id": "501c0c13-adf7-44e7-8c1a-e4b2158f4d54", "table": "products", "key": "TX_500_44", "before": null, "after": {"product_id": "TX_500_44", "name": "TX44", "stock": 10, "price": 5.0}, "timestamp": "2026-04-14T14:55:51.666670+05:30"}
{"type": "COMMIT", "txn_id": "501c0c13-adf7-44e7-8c1a-e4b2158f4d54", "timestamp": "2026-04-14T14:55:51.667655+05:30"}
{"type": "BEGIN", "txn_id": "84781716-075e-4327-8b25-86e1e6649318", "timestamp": "2026-04-14T14:55:51.671694+05:30"}
{"type": "INSERT", "txn_id": "84781716-075e-4327-8b25-86e1e6649318", "table": "products", "key": "TX_500_45", "before": null, "after": {"product_id": "TX_500_45", "name": "TX45", "stock": 10, "price": 5.0}, "timestamp": "2026-04-14T14:55:51.673776+05:30"}
{"type": "COMMIT", "txn_id": "84781716-075e-4327-8b25-86e1e6649318", "timestamp": "2026-04-14T14:55:51.675022+05:30"}
{"type": "BEGIN", "txn_id": "5776c733-f763-4b00-9b8c-a5d091216dfc", "timestamp": "2026-04-14T14:55:51.680009+05:30"}
{"type": "INSERT", "txn_id": "5776c733-f763-4b00-9b8c-a5d091216dfc", "table": "products", "key": "TX_500_46", "before": null, "after": {"product_id": "TX_500_46", "name": "TX46", "stock": 10, "price": 5.0}, "timestamp": "2026-04-14T14:55:51.681724+05:30"}
{"type": "COMMIT", "txn_id": "5776c733-f763-4b00-9b8c-a5d091216dfc", "timestamp": "2026-04-14T14:55:51.682763+05:30"}
{"type": "BEGIN", "txn_id": "5d6e2023-25e7-4f1a-9eac-67a742f192b4", "timestamp": "2026-04-14T14:55:51.686660+05:30"}
{"type": "INSERT", "txn_id": "5d6e2023-25e7-4f1a-9eac-67a742f192b4", "table": "products", "key": "TX_500_47", "before": null, "after": {"product_id": "TX_500_47", "name": "TX47", "stock": 10, "price": 5.0}, "timestamp": "2026-04-14T14:55:51.688689+05:30"}
{"type": "COMMIT", "txn_id": "5d6e2023-25e7-4f1a-9eac-67a742f192b4", "timestamp": "2026-04-14T14:55:51.689799+05:30"}
{"type": "BEGIN", "txn_id": "fe161eb5-c2a8-4448-aa11-1b2e4911212c", "timestamp": "2026-04-14T14:55:51.694678+05:30"}
{"type": "INSERT", "txn_id": "fe161eb5-c2a8-4448-aa11-1b2e4911212c", "table": "products", "key": "TX_500_48", "before": null, "after": {"product_id": "TX_500_48", "name": "TX48", "stock": 10, "price": 5.0}, "timestamp": "2026-04-14T14:55:51.696383+05:30"}
{"type": "COMMIT", "txn_id": "fe161eb5-c2a8-4448-aa11-1b2e4911212c", "timestamp": "2026-04-14T14:55:51.697336+05:30"}
{"type": "BEGIN", "txn_id": "2dad0573-ef6a-4990-8045-76ebef7f96ca", "timestamp": "2026-04-14T14:55:51.701228+05:30"}
{"type": "INSERT", "txn_id": "2dad0573-ef6a-4990-8045-76ebef7f96ca", "table": "products", "key": "TX_500_49", "before": null, "after": {"product_id": "TX_500_49", "name": "TX49", "stock": 10, "price": 5.0}, "timestamp": "2026-04-14T14:55:51.702891+05:30"}
{"type": "COMMIT", "txn_id": "2dad0573-ef6a-4990-8045-76ebef7f96ca", "timestamp": "2026-04-14T14:55:51.703878+05:30"}
{"type": "BEGIN", "txn_id": "ff2214f9-cf84-4e8a-81ad-778294882ce5", "timestamp": "2026-04-14T14:55:51.707756+05:30"}
{"type": "INSERT", "txn_id": "ff2214f9-cf84-4e8a-81ad-778294882ce5", "table": "products", "key": "TX_500_50", "before": null, "after": {"product_id": "TX_500_50", "name": "TX50", "stock": 10, "price": 5.0}, "timestamp": "2026-04-14T14:55:51.709585+05:30"}
{"type": "COMMIT", "txn_id": "ff2214f9-cf84-4e8a-81ad-778294882ce5", "timestamp": "2026-04-14T14:55:51.710966+05:30"}
{"type": "BEGIN", "txn_id": "13e21a7e-284c-4ef6-9f31-194797c833a3", "timestamp": "2026-04-14T14:55:51.715047+05:30"}
{"type": "INSERT", "txn_id": "13e21a7e-284c-4ef6-9f31-194797c833a3", "table": "products", "key": "TX_500_51", "before": null, "after": {"product_id": "TX_500_51", "name": "TX51", "stock": 10, "price": 5.0}, "timestamp": "2026-04-14T14:55:51.716697+05:30"}
{"type": "COMMIT", "txn_id": "13e21a7e-284c-4ef6-9f31-194797c833a3", "timestamp": "2026-04-14T14:55:51.717667+05:30"}
{"type": "BEGIN", "txn_id": "6018d873-2694-4dc5-a926-703bdac166ba", "timestamp": "2026-04-14T14:55:51.721706+05:30"}
{"type": "INSERT", "txn_id": "6018d873-2694-4dc5-a926-703bdac166ba", "table": "products", "key": "TX_500_52", "before": null, "after": {"product_id": "TX_500_52", "name": "TX52", "stock": 10, "price": 5.0}, "timestamp": "2026-04-14T14:55:51.723365+05:30"}
{"type": "COMMIT", "txn_id": "6018d873-2694-4dc5-a926-703bdac166ba", "timestamp": "2026-04-14T14:55:51.724318+05:30"}
{"type": "BEGIN", "txn_id": "8473c209-4288-42f8-8720-932d52979fe5", "timestamp": "2026-04-14T14:55:51.728888+05:30"}
{"type": "INSERT", "txn_id": "8473c209-4288-42f8-8720-932d52979fe5", "table": "products", "key": "TX_500_53", "before": null, "after": {"product_id": "TX_500_53", "name": "TX53", "stock": 10, "price": 5.0}, "timestamp": "2026-04-14T14:55:51.730515+05:30"}
{"type": "COMMIT", "txn_id": "8473c209-4288-42f8-8720-932d52979fe5", "timestamp": "2026-04-14T14:55:51.731530+05:30"}
{"type": "BEGIN", "txn_id": "1d7572f9-3a42-42be-ad9f-935d3581e552", "timestamp": "2026-04-14T14:55:51.735539+05:30"}
{"type": "INSERT", "txn_id": "1d7572f9-3a42-42be-ad9f-935d3581e552", "table": "products", "key": "TX_500_54", "before": null, "after": {"product_id": "TX_500_54", "name": "TX54", "stock": 10, "price": 5.0}, "timestamp": "2026-04-14T14:55:51.738110+05:30"}
{"type": "COMMIT", "txn_id": "1d7572f9-3a42-42be-ad9f-935d3581e552", "timestamp": "2026-04-14T14:55:51.739427+05:30"}
{"type": "BEGIN", "txn_id": "c01b6631-cb0b-45b4-97d3-53c83ad01b79", "timestamp": "2026-04-14T14:55:51.744697+05:30"}
{"type": "INSERT", "txn_id": "c01b6631-cb0b-45b4-97d3-53c83ad01b79", "table": "products", "key": "TX_500_55", "before": null, "after": {"product_id": "TX_500_55", "name": "TX55", "stock": 10, "price": 5.0}, "timestamp": "2026-04-14T14:55:51.746427+05:30"}
{"type": "COMMIT", "txn_id": "c01b6631-cb0b-45b4-97d3-53c83ad01b79", "timestamp": "2026-04-14T14:55:51.747447+05:30"}
{"type": "BEGIN", "txn_id": "dd406576-29e8-4626-b6c5-46159e9ffce8", "timestamp": "2026-04-14T14:55:51.751667+05:30"}
{"type": "INSERT", "txn_id": "dd406576-29e8-4626-b6c5-46159e9ffce8", "table": "products", "key": "TX_500_56", "before": null, "after": {"product_id": "TX_500_56", "name": "TX56", "stock": 10, "price": 5.0}, "timestamp": "2026-04-14T14:55:51.753886+05:30"}
{"type": "COMMIT", "txn_id": "dd406576-29e8-4626-b6c5-46159e9ffce8", "timestamp": "2026-04-14T14:55:51.755201+05:30"}
{"type": "BEGIN", "txn_id": "cf6f9a78-bd2a-4f78-b6c1-b958289525ad", "timestamp": "2026-04-14T14:55:51.759383+05:30"}
{"type": "INSERT", "txn_id": "cf6f9a78-bd2a-4f78-b6c1-b958289525ad", "table": "products", "key": "TX_500_57", "before": null, "after": {"product_id": "TX_500_57", "name": "TX57", "stock": 10, "price": 5.0}, "timestamp": "2026-04-14T14:55:51.762398+05:30"}
{"type": "COMMIT", "txn_id": "cf6f9a78-bd2a-4f78-b6c1-b958289525ad", "timestamp": "2026-04-14T14:55:51.763607+05:30"}
{"type": "BEGIN", "txn_id": "fe6bef02-6118-497e-bc11-5e748b74ff0f", "timestamp": "2026-04-14T14:55:51.767836+05:30"}
{"type": "INSERT", "txn_id": "fe6bef02-6118-497e-bc11-5e748b74ff0f", "table": "products", "key": "TX_500_58", "before": null, "after": {"product_id": "TX_500_58", "name": "TX58", "stock": 10, "price": 5.0}, "timestamp": "2026-04-14T14:55:51.769612+05:30"}
{"type": "COMMIT", "txn_id": "fe6bef02-6118-497e-bc11-5e748b74ff0f", "timestamp": "2026-04-14T14:55:51.770661+05:30"}
{"type": "BEGIN", "txn_id": "207948f7-394c-470d-a339-e21f0a6460e1", "timestamp": "2026-04-14T14:55:51.774629+05:30"}
{"type": "INSERT", "txn_id": "207948f7-394c-470d-a339-e21f0a6460e1", "table": "products", "key": "TX_500_59", "before": null, "after": {"product_id": "TX_500_59", "name": "TX59", "stock": 10, "price": 5.0}, "timestamp": "2026-04-14T14:55:51.776434+05:30"}
{"type": "COMMIT", "txn_id": "207948f7-394c-470d-a339-e21f0a6460e1", "timestamp": "2026-04-14T14:55:51.777876+05:30"}
{"type": "BEGIN", "txn_id": "526965e7-739e-4211-a1ee-afcecbdf80ea", "timestamp": "2026-04-14T14:55:51.782252+05:30"}
{"type": "INSERT", "txn_id": "526965e7-739e-4211-a1ee-afcecbdf80ea", "table": "products", "key": "TX_500_60", "before": null, "after": {"product_id": "TX_500_60", "name": "TX60", "stock": 10, "price": 5.0}, "timestamp": "2026-04-14T14:55:51.783937+05:30"}
{"type": "COMMIT", "txn_id": "526965e7-739e-4211-a1ee-afcecbdf80ea", "timestamp": "2026-04-14T14:55:51.784932+05:30"}
{"type": "BEGIN", "txn_id": "a1d732a0-191a-42f6-8ae7-1b5a7701aaf9", "timestamp": "2026-04-14T14:55:51.788859+05:30"}
{"type": "INSERT", "txn_id": "a1d732a0-191a-42f6-8ae7-1b5a7701aaf9", "table": "products", "key": "TX_500_61", "before": null, "after": {"product_id": "TX_500_61", "name": "TX61", "stock": 10, "price": 5.0}, "timestamp": "2026-04-14T14:55:51.790428+05:30"}
{"type": "COMMIT", "txn_id": "a1d732a0-191a-42f6-8ae7-1b5a7701aaf9", "timestamp": "2026-04-14T14:55:51.791582+05:30"}
{"type": "BEGIN", "txn_id": "fb388740-d2c4-4dc0-ae04-939e0a442c17", "timestamp": "2026-04-14T14:55:51.797221+05:30"}
{"type": "INSERT", "txn_id": "fb388740-d2c4-4dc0-ae04-939e0a442c17", "table": "products", "key": "TX_500_62", "before": null, "after": {"product_id": "TX_500_62", "name": "TX62", "stock": 10, "price": 5.0}, "timestamp": "2026-04-14T14:55:51.798895+05:30"}
{"type": "COMMIT", "txn_id": "fb388740-d2c4-4dc0-ae04-939e0a442c17", "timestamp": "2026-04-14T14:55:51.799974+05:30"}
{"type": "BEGIN", "txn_id": "50c20bdc-4f5f-43a9-8456-7826ce8a0d23", "timestamp": "2026-04-14T14:55:51.803867+05:30"}
{"type": "INSERT", "txn_id": "50c20bdc-4f5f-43a9-8456-7826ce8a0d23", "table": "products", "key": "TX_500_63", "before": null, "after": {"product_id": "TX_500_63", "name": "TX63", "stock": 10, "price": 5.0}, "timestamp": "2026-04-14T14:55:51.805598+05:30"}
{"type": "COMMIT", "txn_id": "50c20bdc-4f5f-43a9-8456-7826ce8a0d23", "timestamp": "2026-04-14T14:55:51.806587+05:30"}
{"type": "BEGIN", "txn_id": "f92aa377-1030-45df-90f7-a2925e01f618", "timestamp": "2026-04-14T14:55:51.812107+05:30"}
{"type": "INSERT", "txn_id": "f92aa377-1030-45df-90f7-a2925e01f618", "table": "products", "key": "TX_500_64", "before": null, "after": {"product_id": "TX_500_64", "name": "TX64", "stock": 10, "price": 5.0}, "timestamp": "2026-04-14T14:55:51.813851+05:30"}
{"type": "COMMIT", "txn_id": "f92aa377-1030-45df-90f7-a2925e01f618", "timestamp": "2026-04-14T14:55:51.814822+05:30"}
{"type": "BEGIN", "txn_id": "047e498b-35d4-4309-82cc-bfbca36097d3", "timestamp": "2026-04-14T14:55:51.818750+05:30"}
{"type": "INSERT", "txn_id": "047e498b-35d4-4309-82cc-bfbca36097d3", "table": "products", "key": "TX_500_65", "before": null, "after": {"product_id": "TX_500_65", "name": "TX65", "stock": 10, "price": 5.0}, "timestamp": "2026-04-14T14:55:51.820369+05:30"}
{"type": "COMMIT", "txn_id": "047e498b-35d4-4309-82cc-bfbca36097d3", "timestamp": "2026-04-14T14:55:51.821379+05:30"}
{"type": "BEGIN", "txn_id": "eb62ec0f-50b2-4360-bfbd-f7616c83936c", "timestamp": "2026-04-14T14:55:51.825456+05:30"}
{"type": "INSERT", "txn_id": "eb62ec0f-50b2-4360-bfbd-f7616c83936c", "table": "products", "key": "TX_500_66", "before": null, "after": {"product_id": "TX_500_66", "name": "TX66", "stock": 10, "price": 5.0}, "timestamp": "2026-04-14T14:55:51.827831+05:30"}
{"type": "COMMIT", "txn_id": "eb62ec0f-50b2-4360-bfbd-f7616c83936c", "timestamp": "2026-04-14T14:55:51.828952+05:30"}
{"type": "BEGIN", "txn_id": "75db3f99-b4e6-4cd8-8054-299a0a7bee35", "timestamp": "2026-04-14T14:55:51.833068+05:30"}
{"type": "INSERT", "txn_id": "75db3f99-b4e6-4cd8-8054-299a0a7bee35", "table": "products", "key": "TX_500_67", "before": null, "after": {"product_id": "TX_500_67", "name": "TX67", "stock": 10, "price": 5.0}, "timestamp": "2026-04-14T14:55:51.834848+05:30"}
{"type": "COMMIT", "txn_id": "75db3f99-b4e6-4cd8-8054-299a0a7bee35", "timestamp": "2026-04-14T14:55:51.835802+05:30"}
{"type": "BEGIN", "txn_id": "7c218f39-1d10-45e9-b8f9-1cf405ed242a", "timestamp": "2026-04-14T14:55:51.840512+05:30"}
{"type": "INSERT", "txn_id": "7c218f39-1d10-45e9-b8f9-1cf405ed242a", "table": "products", "key": "TX_500_68", "before": null, "after": {"product_id": "TX_500_68", "name": "TX68", "stock": 10, "price": 5.0}, "timestamp": "2026-04-14T14:55:51.842399+05:30"}
{"type": "COMMIT", "txn_id": "7c218f39-1d10-45e9-b8f9-1cf405ed242a", "timestamp": "2026-04-14T14:55:51.843682+05:30"}
{"type": "BEGIN", "txn_id": "f0d97c56-8c26-4f9a-a706-fd773f2b0dfc", "timestamp": "2026-04-14T14:55:51.848098+05:30"}
{"type": "INSERT", "txn_id": "f0d97c56-8c26-4f9a-a706-fd773f2b0dfc", "table": "products", "key": "TX_500_69", "before": null, "after": {"product_id": "TX_500_69", "name": "TX69", "stock": 10, "price": 5.0}, "timestamp": "2026-04-14T14:55:51.849963+05:30"}
{"type": "COMMIT", "txn_id": "f0d97c56-8c26-4f9a-a706-fd773f2b0dfc", "timestamp": "2026-04-14T14:55:51.850961+05:30"}
{"type": "BEGIN", "txn_id": "7ca8ec5f-e643-4cfe-a22d-e3e1b2b0d296", "timestamp": "2026-04-14T14:55:51.855053+05:30"}
{"type": "INSERT", "txn_id": "7ca8ec5f-e643-4cfe-a22d-e3e1b2b0d296", "table": "products", "key": "TX_500_70", "before": null, "after": {"product_id": "TX_500_70", "name": "TX70", "stock": 10, "price": 5.0}, "timestamp": "2026-04-14T14:55:51.856792+05:30"}
{"type": "COMMIT", "txn_id": "7ca8ec5f-e643-4cfe-a22d-e3e1b2b0d296", "timestamp": "2026-04-14T14:55:51.857791+05:30"}
{"type": "BEGIN", "txn_id": "a7418a80-7115-4979-9070-0c7f54f66765", "timestamp": "2026-04-14T14:55:51.862713+05:30"}
{"type": "INSERT", "txn_id": "a7418a80-7115-4979-9070-0c7f54f66765", "table": "products", "key": "TX_500_71", "before": null, "after": {"product_id": "TX_500_71", "name": "TX71", "stock": 10, "price": 5.0}, "timestamp": "2026-04-14T14:55:51.864398+05:30"}
{"type": "COMMIT", "txn_id": "a7418a80-7115-4979-9070-0c7f54f66765", "timestamp": "2026-04-14T14:55:51.865348+05:30"}
{"type": "BEGIN", "txn_id": "34da39c8-f52e-43fe-ae55-3a5b094b6897", "timestamp": "2026-04-14T14:55:51.869247+05:30"}
{"type": "INSERT", "txn_id": "34da39c8-f52e-43fe-ae55-3a5b094b6897", "table": "products", "key": "TX_500_72", "before": null, "after": {"product_id": "TX_500_72", "name": "TX72", "stock": 10, "price": 5.0}, "timestamp": "2026-04-14T14:55:51.871382+05:30"}
{"type": "COMMIT", "txn_id": "34da39c8-f52e-43fe-ae55-3a5b094b6897", "timestamp": "2026-04-14T14:55:51.872741+05:30"}
{"type": "BEGIN", "txn_id": "e70ba649-9f1d-47a3-9728-dfd7361eec6f", "timestamp": "2026-04-14T14:55:51.877598+05:30"}
{"type": "INSERT", "txn_id": "e70ba649-9f1d-47a3-9728-dfd7361eec6f", "table": "products", "key": "TX_500_73", "before": null, "after": {"product_id": "TX_500_73", "name": "TX73", "stock": 10, "price": 5.0}, "timestamp": "2026-04-14T14:55:51.879335+05:30"}
{"type": "COMMIT", "txn_id": "e70ba649-9f1d-47a3-9728-dfd7361eec6f", "timestamp": "2026-04-14T14:55:51.880332+05:30"}
{"type": "BEGIN", "txn_id": "4e0a0358-20f7-4ef4-8b74-87ebb5d5880b", "timestamp": "2026-04-14T14:55:51.884311+05:30"}
{"type": "INSERT", "txn_id": "4e0a0358-20f7-4ef4-8b74-87ebb5d5880b", "table": "products", "key": "TX_500_74", "before": null, "after": {"product_id": "TX_500_74", "name": "TX74", "stock": 10, "price": 5.0}, "timestamp": "2026-04-14T14:55:51.885943+05:30"}
{"type": "COMMIT", "txn_id": "4e0a0358-20f7-4ef4-8b74-87ebb5d5880b", "timestamp": "2026-04-14T14:55:51.887163+05:30"}
{"type": "BEGIN", "txn_id": "29798341-513f-4d7e-9ede-f556177fc9a2", "timestamp": "2026-04-14T14:55:51.891405+05:30"}
{"type": "INSERT", "txn_id": "29798341-513f-4d7e-9ede-f556177fc9a2", "table": "products", "key": "TX_500_75", "before": null, "after": {"product_id": "TX_500_75", "name": "TX75", "stock": 10, "price": 5.0}, "timestamp": "2026-04-14T14:55:51.893858+05:30"}
{"type": "COMMIT", "txn_id": "29798341-513f-4d7e-9ede-f556177fc9a2", "timestamp": "2026-04-14T14:55:51.895023+05:30"}
{"type": "BEGIN", "txn_id": "33ed97d9-cf84-406f-8b11-29d37a0881ef", "timestamp": "2026-04-14T14:55:51.898954+05:30"}
{"type": "INSERT", "txn_id": "33ed97d9-cf84-406f-8b11-29d37a0881ef", "table": "products", "key": "TX_500_76", "before": null, "after": {"product_id": "TX_500_76", "name": "TX76", "stock": 10, "price": 5.0}, "timestamp": "2026-04-14T14:55:51.900616+05:30"}
{"type": "COMMIT", "txn_id": "33ed97d9-cf84-406f-8b11-29d37a0881ef", "timestamp": "2026-04-14T14:55:51.901630+05:30"}
{"type": "BEGIN", "txn_id": "475a83f7-ae63-4e8b-9bcc-76e97dbe66f7", "timestamp": "2026-04-14T14:55:51.905719+05:30"}
{"type": "INSERT", "txn_id": "475a83f7-ae63-4e8b-9bcc-76e97dbe66f7", "table": "products", "key": "TX_500_77", "before": null, "after": {"product_id": "TX_500_77", "name": "TX77", "stock": 10, "price": 5.0}, "timestamp": "2026-04-14T14:55:51.907343+05:30"}
{"type": "COMMIT", "txn_id": "475a83f7-ae63-4e8b-9bcc-76e97dbe66f7", "timestamp": "2026-04-14T14:55:51.908320+05:30"}
{"type": "BEGIN", "txn_id": "9be3dc6a-8815-45e6-a262-d9f47e1106c0", "timestamp": "2026-04-14T14:55:51.913051+05:30"}
{"type": "INSERT", "txn_id": "9be3dc6a-8815-45e6-a262-d9f47e1106c0", "table": "products", "key": "TX_500_78", "before": null, "after": {"product_id": "TX_500_78", "name": "TX78", "stock": 10, "price": 5.0}, "timestamp": "2026-04-14T14:55:51.914895+05:30"}
{"type": "COMMIT", "txn_id": "9be3dc6a-8815-45e6-a262-d9f47e1106c0", "timestamp": "2026-04-14T14:55:51.915830+05:30"}
{"type": "BEGIN", "txn_id": "1c599e62-0c32-4319-827c-7f4e4da4af29", "timestamp": "2026-04-14T14:55:51.920235+05:30"}
{"type": "INSERT", "txn_id": "1c599e62-0c32-4319-827c-7f4e4da4af29", "table": "products", "key": "TX_500_79", "before": null, "after": {"product_id": "TX_500_79", "name": "TX79", "stock": 10, "price": 5.0}, "timestamp": "2026-04-14T14:55:51.921924+05:30"}
{"type": "COMMIT", "txn_id": "1c599e62-0c32-4319-827c-7f4e4da4af29", "timestamp": "2026-04-14T14:55:51.922895+05:30"}
{"type": "BEGIN", "txn_id": "d26fbd02-7320-495d-b746-68e1a0ff25b8", "timestamp": "2026-04-14T14:55:51.927481+05:30"}
{"type": "INSERT", "txn_id": "d26fbd02-7320-495d-b746-68e1a0ff25b8", "table": "products", "key": "TX_500_80", "before": null, "after": {"product_id": "TX_500_80", "name": "TX80", "stock": 10, "price": 5.0}, "timestamp": "2026-04-14T14:55:51.929778+05:30"}
{"type": "COMMIT", "txn_id": "d26fbd02-7320-495d-b746-68e1a0ff25b8", "timestamp": "2026-04-14T14:55:51.930841+05:30"}
{"type": "BEGIN", "txn_id": "c90533fc-a29e-4244-868c-80a1c15e8efc", "timestamp": "2026-04-14T14:55:51.935056+05:30"}
{"type": "INSERT", "txn_id": "c90533fc-a29e-4244-868c-80a1c15e8efc", "table": "products", "key": "TX_500_81", "before": null, "after": {"product_id": "TX_500_81", "name": "TX81", "stock": 10, "price": 5.0}, "timestamp": "2026-04-14T14:55:51.936815+05:30"}
{"type": "COMMIT", "txn_id": "c90533fc-a29e-4244-868c-80a1c15e8efc", "timestamp": "2026-04-14T14:55:51.937790+05:30"}
{"type": "BEGIN", "txn_id": "9e061751-7fda-4b16-9cfc-9db4873964b1", "timestamp": "2026-04-14T14:55:51.942171+05:30"}
{"type": "INSERT", "txn_id": "9e061751-7fda-4b16-9cfc-9db4873964b1", "table": "products", "key": "TX_500_82", "before": null, "after": {"product_id": "TX_500_82", "name": "TX82", "stock": 10, "price": 5.0}, "timestamp": "2026-04-14T14:55:51.946339+05:30"}
{"type": "COMMIT", "txn_id": "9e061751-7fda-4b16-9cfc-9db4873964b1", "timestamp": "2026-04-14T14:55:51.947653+05:30"}
{"type": "BEGIN", "txn_id": "9e7ec5d1-5342-443d-90d8-8484831cb8e5", "timestamp": "2026-04-14T14:55:51.952009+05:30"}
{"type": "INSERT", "txn_id": "9e7ec5d1-5342-443d-90d8-8484831cb8e5", "table": "products", "key": "TX_500_83", "before": null, "after": {"product_id": "TX_500_83", "name": "TX83", "stock": 10, "price": 5.0}, "timestamp": "2026-04-14T14:55:51.953762+05:30"}
{"type": "COMMIT", "txn_id": "9e7ec5d1-5342-443d-90d8-8484831cb8e5", "timestamp": "2026-04-14T14:55:51.954825+05:30"}
{"type": "BEGIN", "txn_id": "f61c26ef-e7ce-49e9-8d96-2e0396d6f857", "timestamp": "2026-04-14T14:55:51.960338+05:30"}
{"type": "INSERT", "txn_id": "f61c26ef-e7ce-49e9-8d96-2e0396d6f857", "table": "products", "key": "TX_500_84", "before": null, "after": {"product_id": "TX_500_84", "name": "TX84", "stock": 10, "price": 5.0}, "timestamp": "2026-04-14T14:55:51.962497+05:30"}
{"type": "COMMIT", "txn_id": "f61c26ef-e7ce-49e9-8d96-2e0396d6f857", "timestamp": "2026-04-14T14:55:51.963570+05:30"}
{"type": "BEGIN", "txn_id": "25ba9804-b8e3-425b-9e4b-7384b6f9385e", "timestamp": "2026-04-14T14:55:51.967642+05:30"}
{"type": "INSERT", "txn_id": "25ba9804-b8e3-425b-9e4b-7384b6f9385e", "table": "products", "key": "TX_500_85", "before": null, "after": {"product_id": "TX_500_85", "name": "TX85", "stock": 10, "price": 5.0}, "timestamp": "2026-04-14T14:55:51.969257+05:30"}
{"type": "COMMIT", "txn_id": "25ba9804-b8e3-425b-9e4b-7384b6f9385e", "timestamp": "2026-04-14T14:55:51.970252+05:30"}
{"type": "BEGIN", "txn_id": "4ced014b-1d99-4152-9ad7-db9630c19b6d", "timestamp": "2026-04-14T14:55:51.974340+05:30"}
{"type": "INSERT", "txn_id": "4ced014b-1d99-4152-9ad7-db9630c19b6d", "table": "products", "key": "TX_500_86", "before": null, "after": {"product_id": "TX_500_86", "name": "TX86", "stock": 10, "price": 5.0}, "timestamp": "2026-04-14T14:55:51.976228+05:30"}
{"type": "COMMIT", "txn_id": "4ced014b-1d99-4152-9ad7-db9630c19b6d", "timestamp": "2026-04-14T14:55:51.977604+05:30"}
{"type": "BEGIN", "txn_id": "6011d4f1-f906-4b01-b9cd-95eef914ecb7", "timestamp": "2026-04-14T14:55:51.981649+05:30"}
{"type": "INSERT", "txn_id": "6011d4f1-f906-4b01-b9cd-95eef914ecb7", "table": "products", "key": "TX_500_87", "before": null, "after": {"product_id": "TX_500_87", "name": "TX87", "stock": 10, "price": 5.0}, "timestamp": "2026-04-14T14:55:51.983258+05:30"}
{"type": "COMMIT", "txn_id": "6011d4f1-f906-4b01-b9cd-95eef914ecb7", "timestamp": "2026-04-14T14:55:51.984198+05:30"}
{"type": "BEGIN", "txn_id": "d12b155b-f14f-4067-b3d5-57aa12c1578f", "timestamp": "2026-04-14T14:55:51.988032+05:30"}
{"type": "INSERT", "txn_id": "d12b155b-f14f-4067-b3d5-57aa12c1578f", "table": "products", "key": "TX_500_88", "before": null, "after": {"product_id": "TX_500_88", "name": "TX88", "stock": 10, "price": 5.0}, "timestamp": "2026-04-14T14:55:51.989697+05:30"}
{"type": "COMMIT", "txn_id": "d12b155b-f14f-4067-b3d5-57aa12c1578f", "timestamp": "2026-04-14T14:55:51.991069+05:30"}
{"type": "BEGIN", "txn_id": "f7e784eb-ce58-493a-9a39-a32efc232477", "timestamp": "2026-04-14T14:55:51.996921+05:30"}
{"type": "INSERT", "txn_id": "f7e784eb-ce58-493a-9a39-a32efc232477", "table": "products", "key": "TX_500_89", "before": null, "after": {"product_id": "TX_500_89", "name": "TX89", "stock": 10, "price": 5.0}, "timestamp": "2026-04-14T14:55:51.998767+05:30"}
{"type": "COMMIT", "txn_id": "f7e784eb-ce58-493a-9a39-a32efc232477", "timestamp": "2026-04-14T14:55:51.999786+05:30"}
{"type": "BEGIN", "txn_id": "9183b750-b2a6-4ab9-a7b9-5f8a28a49fec", "timestamp": "2026-04-14T14:55:52.003730+05:30"}
{"type": "INSERT", "txn_id": "9183b750-b2a6-4ab9-a7b9-5f8a28a49fec", "table": "products", "key": "TX_500_90", "before": null, "after": {"product_id": "TX_500_90", "name": "TX90", "stock": 10, "price": 5.0}, "timestamp": "2026-04-14T14:55:52.005394+05:30"}
{"type": "COMMIT", "txn_id": "9183b750-b2a6-4ab9-a7b9-5f8a28a49fec", "timestamp": "2026-04-14T14:55:52.006488+05:30"}
{"type": "BEGIN", "txn_id": "45bc7f4b-5b35-482a-bb5a-ab407b431349", "timestamp": "2026-04-14T14:55:52.011398+05:30"}
{"type": "INSERT", "txn_id": "45bc7f4b-5b35-482a-bb5a-ab407b431349", "table": "products", "key": "TX_500_91", "before": null, "after": {"product_id": "TX_500_91", "name": "TX91", "stock": 10, "price": 5.0}, "timestamp": "2026-04-14T14:55:52.013109+05:30"}
{"type": "COMMIT", "txn_id": "45bc7f4b-5b35-482a-bb5a-ab407b431349", "timestamp": "2026-04-14T14:55:52.014130+05:30"}
{"type": "BEGIN", "txn_id": "c226ad0c-f456-4780-9931-b7612e1d5f9e", "timestamp": "2026-04-14T14:55:52.018063+05:30"}
{"type": "INSERT", "txn_id": "c226ad0c-f456-4780-9931-b7612e1d5f9e", "table": "products", "key": "TX_500_92", "before": null, "after": {"product_id": "TX_500_92", "name": "TX92", "stock": 10, "price": 5.0}, "timestamp": "2026-04-14T14:55:52.019687+05:30"}
{"type": "COMMIT", "txn_id": "c226ad0c-f456-4780-9931-b7612e1d5f9e", "timestamp": "2026-04-14T14:55:52.020649+05:30"}
{"type": "BEGIN", "txn_id": "e909158e-5282-4da7-b060-a8602ae8af05", "timestamp": "2026-04-14T14:55:52.024882+05:30"}
{"type": "INSERT", "txn_id": "e909158e-5282-4da7-b060-a8602ae8af05", "table": "products", "key": "TX_500_93", "before": null, "after": {"product_id": "TX_500_93", "name": "TX93", "stock": 10, "price": 5.0}, "timestamp": "2026-04-14T14:55:52.027305+05:30"}
{"type": "COMMIT", "txn_id": "e909158e-5282-4da7-b060-a8602ae8af05", "timestamp": "2026-04-14T14:55:52.028387+05:30"}
{"type": "BEGIN", "txn_id": "5123a9a8-24ff-4076-8b52-96a1ce218f41", "timestamp": "2026-04-14T14:55:52.032469+05:30"}
{"type": "INSERT", "txn_id": "5123a9a8-24ff-4076-8b52-96a1ce218f41", "table": "products", "key": "TX_500_94", "before": null, "after": {"product_id": "TX_500_94", "name": "TX94", "stock": 10, "price": 5.0}, "timestamp": "2026-04-14T14:55:52.034318+05:30"}
{"type": "COMMIT", "txn_id": "5123a9a8-24ff-4076-8b52-96a1ce218f41", "timestamp": "2026-04-14T14:55:52.035296+05:30"}
{"type": "BEGIN", "txn_id": "ef4a1fbb-f3a8-459c-beef-53c3dc8d1790", "timestamp": "2026-04-14T14:55:52.039474+05:30"}
{"type": "INSERT", "txn_id": "ef4a1fbb-f3a8-459c-beef-53c3dc8d1790", "table": "products", "key": "TX_500_95", "before": null, "after": {"product_id": "TX_500_95", "name": "TX95", "stock": 10, "price": 5.0}, "timestamp": "2026-04-14T14:55:52.041198+05:30"}
{"type": "COMMIT", "txn_id": "ef4a1fbb-f3a8-459c-beef-53c3dc8d1790", "timestamp": "2026-04-14T14:55:52.042208+05:30"}
{"type": "BEGIN", "txn_id": "4322dccf-8651-4c94-a0e1-adfafa1c3722", "timestamp": "2026-04-14T14:55:52.046813+05:30"}
{"type": "INSERT", "txn_id": "4322dccf-8651-4c94-a0e1-adfafa1c3722", "table": "products", "key": "TX_500_96", "before": null, "after": {"product_id": "TX_500_96", "name": "TX96", "stock": 10, "price": 5.0}, "timestamp": "2026-04-14T14:55:52.048498+05:30"}
{"type": "COMMIT", "txn_id": "4322dccf-8651-4c94-a0e1-adfafa1c3722", "timestamp": "2026-04-14T14:55:52.049470+05:30"}
{"type": "BEGIN", "txn_id": "51cfa1f3-c7c7-41dc-be68-83756b114a53", "timestamp": "2026-04-14T14:55:52.053345+05:30"}
{"type": "INSERT", "txn_id": "51cfa1f3-c7c7-41dc-be68-83756b114a53", "table": "products", "key": "TX_500_97", "before": null, "after": {"product_id": "TX_500_97", "name": "TX97", "stock": 10, "price": 5.0}, "timestamp": "2026-04-14T14:55:52.055579+05:30"}
{"type": "COMMIT", "txn_id": "51cfa1f3-c7c7-41dc-be68-83756b114a53", "timestamp": "2026-04-14T14:55:52.056769+05:30"}
{"type": "BEGIN", "txn_id": "30704d50-2e81-4799-9cc3-fbc64227b058", "timestamp": "2026-04-14T14:55:52.061561+05:30"}
{"type": "INSERT", "txn_id": "30704d50-2e81-4799-9cc3-fbc64227b058", "table": "products", "key": "TX_500_98", "before": null, "after": {"product_id": "TX_500_98", "name": "TX98", "stock": 10, "price": 5.0}, "timestamp": "2026-04-14T14:55:52.063235+05:30"}
{"type": "COMMIT", "txn_id": "30704d50-2e81-4799-9cc3-fbc64227b058", "timestamp": "2026-04-14T14:55:52.064197+05:30"}
{"type": "BEGIN", "txn_id": "13b0e028-2933-4364-a678-6eb01b9d2c62", "timestamp": "2026-04-14T14:55:52.068113+05:30"}
{"type": "INSERT", "txn_id": "13b0e028-2933-4364-a678-6eb01b9d2c62", "table": "products", "key": "TX_500_99", "before": null, "after": {"product_id": "TX_500_99", "name": "TX99", "stock": 10, "price": 5.0}, "timestamp": "2026-04-14T14:55:52.069967+05:30"}
{"type": "COMMIT", "txn_id": "13b0e028-2933-4364-a678-6eb01b9d2c62", "timestamp": "2026-04-14T14:55:52.070981+05:30"}
{"type": "BEGIN", "txn_id": "2bd0d32a-b8a8-4762-8031-4daca0300d83", "timestamp": "2026-04-14T14:55:52.074943+05:30"}
{"type": "INSERT", "txn_id": "2bd0d32a-b8a8-4762-8031-4daca0300d83", "table": "products", "key": "TX_500_100", "before": null, "after": {"product_id": "TX_500_100", "name": "TX100", "stock": 10, "price": 5.0}, "timestamp": "2026-04-14T14:55:52.077144+05:30"}
{"type": "COMMIT", "txn_id": "2bd0d32a-b8a8-4762-8031-4daca0300d83", "timestamp": "2026-04-14T14:55:52.078223+05:30"}
{"type": "BEGIN", "txn_id": "352a191b-cd41-4f70-a7f9-afb53ba96c9e", "timestamp": "2026-04-14T14:55:52.082093+05:30"}
{"type": "INSERT", "txn_id": "352a191b-cd41-4f70-a7f9-afb53ba96c9e", "table": "products", "key": "TX_500_101", "before": null, "after": {"product_id": "TX_500_101", "name": "TX101", "stock": 10, "price": 5.0}, "timestamp": "2026-04-14T14:55:52.083793+05:30"}
{"type": "COMMIT", "txn_id": "352a191b-cd41-4f70-a7f9-afb53ba96c9e", "timestamp": "2026-04-14T14:55:52.084707+05:30"}
{"type": "BEGIN", "txn_id": "916ca032-d62b-454c-b286-8f8f62592749", "timestamp": "2026-04-14T14:55:52.089114+05:30"}
{"type": "INSERT", "txn_id": "916ca032-d62b-454c-b286-8f8f62592749", "table": "products", "key": "TX_500_102", "before": null, "after": {"product_id": "TX_500_102", "name": "TX102", "stock": 10, "price": 5.0}, "timestamp": "2026-04-14T14:55:52.090807+05:30"}
{"type": "COMMIT", "txn_id": "916ca032-d62b-454c-b286-8f8f62592749", "timestamp": "2026-04-14T14:55:52.091785+05:30"}
{"type": "BEGIN", "txn_id": "029feba1-1e8b-4ee8-bd99-9e48cf65e36d", "timestamp": "2026-04-14T14:55:52.096955+05:30"}
{"type": "INSERT", "txn_id": "029feba1-1e8b-4ee8-bd99-9e48cf65e36d", "table": "products", "key": "TX_500_103", "before": null, "after": {"product_id": "TX_500_103", "name": "TX103", "stock": 10, "price": 5.0}, "timestamp": "2026-04-14T14:55:52.098679+05:30"}
{"type": "COMMIT", "txn_id": "029feba1-1e8b-4ee8-bd99-9e48cf65e36d", "timestamp": "2026-04-14T14:55:52.099686+05:30"}
{"type": "BEGIN", "txn_id": "b37ca440-c952-466d-9ab4-b986cac256d4", "timestamp": "2026-04-14T14:55:52.103826+05:30"}
{"type": "INSERT", "txn_id": "b37ca440-c952-466d-9ab4-b986cac256d4", "table": "products", "key": "TX_500_104", "before": null, "after": {"product_id": "TX_500_104", "name": "TX104", "stock": 10, "price": 5.0}, "timestamp": "2026-04-14T14:55:52.105413+05:30"}
{"type": "COMMIT", "txn_id": "b37ca440-c952-466d-9ab4-b986cac256d4", "timestamp": "2026-04-14T14:55:52.106383+05:30"}
{"type": "BEGIN", "txn_id": "e247b295-2ac5-49cc-94c7-e88d1c8ce12d", "timestamp": "2026-04-14T14:55:52.111887+05:30"}
{"type": "INSERT", "txn_id": "e247b295-2ac5-49cc-94c7-e88d1c8ce12d", "table": "products", "key": "TX_500_105", "before": null, "after": {"product_id": "TX_500_105", "name": "TX105", "stock": 10, "price": 5.0}, "timestamp": "2026-04-14T14:55:52.113720+05:30"}
{"type": "COMMIT", "txn_id": "e247b295-2ac5-49cc-94c7-e88d1c8ce12d", "timestamp": "2026-04-14T14:55:52.114702+05:30"}
{"type": "BEGIN", "txn_id": "9255cb0a-1e04-40d1-98d4-c3ad89e5b5b9", "timestamp": "2026-04-14T14:55:52.118646+05:30"}
{"type": "INSERT", "txn_id": "9255cb0a-1e04-40d1-98d4-c3ad89e5b5b9", "table": "products", "key": "TX_500_106", "before": null, "after": {"product_id": "TX_500_106", "name": "TX106", "stock": 10, "price": 5.0}, "timestamp": "2026-04-14T14:55:52.120382+05:30"}
{"type": "COMMIT", "txn_id": "9255cb0a-1e04-40d1-98d4-c3ad89e5b5b9", "timestamp": "2026-04-14T14:55:52.121346+05:30"}
{"type": "BEGIN", "txn_id": "d70a38e5-8169-4362-9adb-ee21bc473deb", "timestamp": "2026-04-14T14:55:52.125595+05:30"}
{"type": "INSERT", "txn_id": "d70a38e5-8169-4362-9adb-ee21bc473deb", "table": "products", "key": "TX_500_107", "before": null, "after": {"product_id": "TX_500_107", "name": "TX107", "stock": 10, "price": 5.0}, "timestamp": "2026-04-14T14:55:52.128425+05:30"}
{"type": "COMMIT", "txn_id": "d70a38e5-8169-4362-9adb-ee21bc473deb", "timestamp": "2026-04-14T14:55:52.129512+05:30"}
{"type": "BEGIN", "txn_id": "8cdea46e-77d3-49ae-a664-cf843b8052b7", "timestamp": "2026-04-14T14:55:52.133643+05:30"}
{"type": "INSERT", "txn_id": "8cdea46e-77d3-49ae-a664-cf843b8052b7", "table": "products", "key": "TX_500_108", "before": null, "after": {"product_id": "TX_500_108", "name": "TX108", "stock": 10, "price": 5.0}, "timestamp": "2026-04-14T14:55:52.135369+05:30"}
{"type": "COMMIT", "txn_id": "8cdea46e-77d3-49ae-a664-cf843b8052b7", "timestamp": "2026-04-14T14:55:52.136370+05:30"}
{"type": "BEGIN", "txn_id": "2675bcdf-3162-4888-af13-476ec1e2fa91", "timestamp": "2026-04-14T14:55:52.140526+05:30"}
{"type": "INSERT", "txn_id": "2675bcdf-3162-4888-af13-476ec1e2fa91", "table": "products", "key": "TX_500_109", "before": null, "after": {"product_id": "TX_500_109", "name": "TX109", "stock": 10, "price": 5.0}, "timestamp": "2026-04-14T14:55:52.142132+05:30"}
{"type": "COMMIT", "txn_id": "2675bcdf-3162-4888-af13-476ec1e2fa91", "timestamp": "2026-04-14T14:55:52.143270+05:30"}
{"type": "BEGIN", "txn_id": "2fbfd6dc-21a6-49b0-bb35-7975b490d3e1", "timestamp": "2026-04-14T14:55:52.147710+05:30"}
{"type": "INSERT", "txn_id": "2fbfd6dc-21a6-49b0-bb35-7975b490d3e1", "table": "products", "key": "TX_500_110", "before": null, "after": {"product_id": "TX_500_110", "name": "TX110", "stock": 10, "price": 5.0}, "timestamp": "2026-04-14T14:55:52.149371+05:30"}
{"type": "COMMIT", "txn_id": "2fbfd6dc-21a6-49b0-bb35-7975b490d3e1", "timestamp": "2026-04-14T14:55:52.150400+05:30"}
{"type": "BEGIN", "txn_id": "61917bbd-c6e9-4d53-ab8d-4143d7734608", "timestamp": "2026-04-14T14:55:52.154369+05:30"}
{"type": "INSERT", "txn_id": "61917bbd-c6e9-4d53-ab8d-4143d7734608", "table": "products", "key": "TX_500_111", "before": null, "after": {"product_id": "TX_500_111", "name": "TX111", "stock": 10, "price": 5.0}, "timestamp": "2026-04-14T14:55:52.156303+05:30"}
{"type": "COMMIT", "txn_id": "61917bbd-c6e9-4d53-ab8d-4143d7734608", "timestamp": "2026-04-14T14:55:52.157861+05:30"}
{"type": "BEGIN", "txn_id": "efe556b5-b8c2-4215-b3e8-199eccfa2d42", "timestamp": "2026-04-14T14:55:52.164257+05:30"}
{"type": "INSERT", "txn_id": "efe556b5-b8c2-4215-b3e8-199eccfa2d42", "table": "products", "key": "TX_500_112", "before": null, "after": {"product_id": "TX_500_112", "name": "TX112", "stock": 10, "price": 5.0}, "timestamp": "2026-04-14T14:55:52.165901+05:30"}
{"type": "COMMIT", "txn_id": "efe556b5-b8c2-4215-b3e8-199eccfa2d42", "timestamp": "2026-04-14T14:55:52.166842+05:30"}
{"type": "BEGIN", "txn_id": "f81e24c6-9710-456c-8680-d2c7a87dfb4c", "timestamp": "2026-04-14T14:55:52.170688+05:30"}
{"type": "INSERT", "txn_id": "f81e24c6-9710-456c-8680-d2c7a87dfb4c", "table": "products", "key": "TX_500_113", "before": null, "after": {"product_id": "TX_500_113", "name": "TX113", "stock": 10, "price": 5.0}, "timestamp": "2026-04-14T14:55:52.172639+05:30"}
{"type": "COMMIT", "txn_id": "f81e24c6-9710-456c-8680-d2c7a87dfb4c", "timestamp": "2026-04-14T14:55:52.173903+05:30"}
{"type": "BEGIN", "txn_id": "8bd220a3-eb58-4c34-b972-ae80c5a0801b", "timestamp": "2026-04-14T14:55:52.178959+05:30"}
{"type": "INSERT", "txn_id": "8bd220a3-eb58-4c34-b972-ae80c5a0801b", "table": "products", "key": "TX_500_114", "before": null, "after": {"product_id": "TX_500_114", "name": "TX114", "stock": 10, "price": 5.0}, "timestamp": "2026-04-14T14:55:52.180670+05:30"}
{"type": "COMMIT", "txn_id": "8bd220a3-eb58-4c34-b972-ae80c5a0801b", "timestamp": "2026-04-14T14:55:52.181669+05:30"}
{"type": "BEGIN", "txn_id": "0a867070-930b-4d2f-8a09-8715244df6e9", "timestamp": "2026-04-14T14:55:52.185596+05:30"}
{"type": "INSERT", "txn_id": "0a867070-930b-4d2f-8a09-8715244df6e9", "table": "products", "key": "TX_500_115", "before": null, "after": {"product_id": "TX_500_115", "name": "TX115", "stock": 10, "price": 5.0}, "timestamp": "2026-04-14T14:55:52.187401+05:30"}
{"type": "COMMIT", "txn_id": "0a867070-930b-4d2f-8a09-8715244df6e9", "timestamp": "2026-04-14T14:55:52.188692+05:30"}
{"type": "BEGIN", "txn_id": "1c6e74f0-1c01-4b9f-b03a-696193946252", "timestamp": "2026-04-14T14:55:52.193707+05:30"}
{"type": "INSERT", "txn_id": "1c6e74f0-1c01-4b9f-b03a-696193946252", "table": "products", "key": "TX_500_116", "before": null, "after": {"product_id": "TX_500_116", "name": "TX116", "stock": 10, "price": 5.0}, "timestamp": "2026-04-14T14:55:52.195597+05:30"}
{"type": "COMMIT", "txn_id": "1c6e74f0-1c01-4b9f-b03a-696193946252", "timestamp": "2026-04-14T14:55:52.196655+05:30"}
{"type": "BEGIN", "txn_id": "87971e26-3a7c-4524-ad61-958c56f2be27", "timestamp": "2026-04-14T14:55:52.200720+05:30"}
{"type": "INSERT", "txn_id": "87971e26-3a7c-4524-ad61-958c56f2be27", "table": "products", "key": "TX_500_117", "before": null, "after": {"product_id": "TX_500_117", "name": "TX117", "stock": 10, "price": 5.0}, "timestamp": "2026-04-14T14:55:52.202405+05:30"}
{"type": "COMMIT", "txn_id": "87971e26-3a7c-4524-ad61-958c56f2be27", "timestamp": "2026-04-14T14:55:52.203546+05:30"}
{"type": "BEGIN", "txn_id": "1bc1b61e-d511-4b85-9a02-e33a4cf03dcb", "timestamp": "2026-04-14T14:55:52.207497+05:30"}
{"type": "INSERT", "txn_id": "1bc1b61e-d511-4b85-9a02-e33a4cf03dcb", "table": "products", "key": "TX_500_118", "before": null, "after": {"product_id": "TX_500_118", "name": "TX118", "stock": 10, "price": 5.0}, "timestamp": "2026-04-14T14:55:52.209217+05:30"}
{"type": "COMMIT", "txn_id": "1bc1b61e-d511-4b85-9a02-e33a4cf03dcb", "timestamp": "2026-04-14T14:55:52.210676+05:30"}
{"type": "BEGIN", "txn_id": "d2064992-76f6-4027-b966-80963e3cce71", "timestamp": "2026-04-14T14:55:52.214914+05:30"}
{"type": "INSERT", "txn_id": "d2064992-76f6-4027-b966-80963e3cce71", "table": "products", "key": "TX_500_119", "before": null, "after": {"product_id": "TX_500_119", "name": "TX119", "stock": 10, "price": 5.0}, "timestamp": "2026-04-14T14:55:52.216639+05:30"}
{"type": "COMMIT", "txn_id": "d2064992-76f6-4027-b966-80963e3cce71", "timestamp": "2026-04-14T14:55:52.217656+05:30"}
{"type": "BEGIN", "txn_id": "304ba464-c4e1-42a6-9d72-153f538c0ff2", "timestamp": "2026-04-14T14:55:52.221932+05:30"}
{"type": "INSERT", "txn_id": "304ba464-c4e1-42a6-9d72-153f538c0ff2", "table": "products", "key": "TX_500_120", "before": null, "after": {"product_id": "TX_500_120", "name": "TX120", "stock": 10, "price": 5.0}, "timestamp": "2026-04-14T14:55:52.223784+05:30"}
{"type": "COMMIT", "txn_id": "304ba464-c4e1-42a6-9d72-153f538c0ff2", "timestamp": "2026-04-14T14:55:52.224848+05:30"}
{"type": "BEGIN", "txn_id": "c0cde9d9-61b0-4e98-be33-ab5a7678a278", "timestamp": "2026-04-14T14:55:52.229781+05:30"}
{"type": "INSERT", "txn_id": "c0cde9d9-61b0-4e98-be33-ab5a7678a278", "table": "products", "key": "TX_500_121", "before": null, "after": {"product_id": "TX_500_121", "name": "TX121", "stock": 10, "price": 5.0}, "timestamp": "2026-04-14T14:55:52.231369+05:30"}
{"type": "COMMIT", "txn_id": "c0cde9d9-61b0-4e98-be33-ab5a7678a278", "timestamp": "2026-04-14T14:55:52.232366+05:30"}
{"type": "BEGIN", "txn_id": "586255de-359d-4a0b-a66f-3373b3b868f8", "timestamp": "2026-04-14T14:55:52.236720+05:30"}
{"type": "INSERT", "txn_id": "586255de-359d-4a0b-a66f-3373b3b868f8", "table": "products", "key": "TX_500_122", "before": null, "after": {"product_id": "TX_500_122", "name": "TX122", "stock": 10, "price": 5.0}, "timestamp": "2026-04-14T14:55:52.238491+05:30"}
{"type": "COMMIT", "txn_id": "586255de-359d-4a0b-a66f-3373b3b868f8", "timestamp": "2026-04-14T14:55:52.239563+05:30"}
{"type": "BEGIN", "txn_id": "1ad3f7ad-8935-46c2-80ca-f78627c20061", "timestamp": "2026-04-14T14:55:52.244314+05:30"}
{"type": "INSERT", "txn_id": "1ad3f7ad-8935-46c2-80ca-f78627c20061", "table": "products", "key": "TX_500_123", "before": null, "after": {"product_id": "TX_500_123", "name": "TX123", "stock": 10, "price": 5.0}, "timestamp": "2026-04-14T14:55:52.246192+05:30"}
{"type": "COMMIT", "txn_id": "1ad3f7ad-8935-46c2-80ca-f78627c20061", "timestamp": "2026-04-14T14:55:52.247161+05:30"}
{"type": "BEGIN", "txn_id": "488eeb6f-dc51-4b55-b5fc-9b5f6b6cf923", "timestamp": "2026-04-14T14:55:52.251344+05:30"}
{"type": "INSERT", "txn_id": "488eeb6f-dc51-4b55-b5fc-9b5f6b6cf923", "table": "products", "key": "TX_500_124", "before": null, "after": {"product_id": "TX_500_124", "name": "TX124", "stock": 10, "price": 5.0}, "timestamp": "2026-04-14T14:55:52.253260+05:30"}
{"type": "COMMIT", "txn_id": "488eeb6f-dc51-4b55-b5fc-9b5f6b6cf923", "timestamp": "2026-04-14T14:55:52.254267+05:30"}
{"type": "BEGIN", "txn_id": "ac347d9b-cbeb-49d7-9d92-958fca6573b9", "timestamp": "2026-04-14T14:55:52.258245+05:30"}
{"type": "INSERT", "txn_id": "ac347d9b-cbeb-49d7-9d92-958fca6573b9", "table": "products", "key": "TX_500_125", "before": null, "after": {"product_id": "TX_500_125", "name": "TX125", "stock": 10, "price": 5.0}, "timestamp": "2026-04-14T14:55:52.260247+05:30"}
{"type": "COMMIT", "txn_id": "ac347d9b-cbeb-49d7-9d92-958fca6573b9", "timestamp": "2026-04-14T14:55:52.261708+05:30"}
{"type": "BEGIN", "txn_id": "c41c278e-0676-4bc9-be6b-0397e7c7de52", "timestamp": "2026-04-14T14:55:52.266737+05:30"}
{"type": "INSERT", "txn_id": "c41c278e-0676-4bc9-be6b-0397e7c7de52", "table": "products", "key": "TX_500_126", "before": null, "after": {"product_id": "TX_500_126", "name": "TX126", "stock": 10, "price": 5.0}, "timestamp": "2026-04-14T14:55:52.268578+05:30"}
{"type": "COMMIT", "txn_id": "c41c278e-0676-4bc9-be6b-0397e7c7de52", "timestamp": "2026-04-14T14:55:52.269579+05:30"}
{"type": "BEGIN", "txn_id": "976b5210-fd71-435e-b48c-2d8d11d80df2", "timestamp": "2026-04-14T14:55:52.273776+05:30"}
{"type": "INSERT", "txn_id": "976b5210-fd71-435e-b48c-2d8d11d80df2", "table": "products", "key": "TX_500_127", "before": null, "after": {"product_id": "TX_500_127", "name": "TX127", "stock": 10, "price": 5.0}, "timestamp": "2026-04-14T14:55:52.275694+05:30"}
{"type": "COMMIT", "txn_id": "976b5210-fd71-435e-b48c-2d8d11d80df2", "timestamp": "2026-04-14T14:55:52.277533+05:30"}
{"type": "BEGIN", "txn_id": "4abf58cc-b4f9-41ee-9998-f9af51016408", "timestamp": "2026-04-14T14:55:52.281874+05:30"}
{"type": "INSERT", "txn_id": "4abf58cc-b4f9-41ee-9998-f9af51016408", "table": "products", "key": "TX_500_128", "before": null, "after": {"product_id": "TX_500_128", "name": "TX128", "stock": 10, "price": 5.0}, "timestamp": "2026-04-14T14:55:52.283434+05:30"}
{"type": "COMMIT", "txn_id": "4abf58cc-b4f9-41ee-9998-f9af51016408", "timestamp": "2026-04-14T14:55:52.284367+05:30"}
{"type": "BEGIN", "txn_id": "319385dd-75c2-4128-b4e5-df3decbbc892", "timestamp": "2026-04-14T14:55:52.288509+05:30"}
{"type": "INSERT", "txn_id": "319385dd-75c2-4128-b4e5-df3decbbc892", "table": "products", "key": "TX_500_129", "before": null, "after": {"product_id": "TX_500_129", "name": "TX129", "stock": 10, "price": 5.0}, "timestamp": "2026-04-14T14:55:52.290126+05:30"}
{"type": "COMMIT", "txn_id": "319385dd-75c2-4128-b4e5-df3decbbc892", "timestamp": "2026-04-14T14:55:52.291101+05:30"}
{"type": "BEGIN", "txn_id": "a8cd1dbd-f06b-433e-9426-0438d548858e", "timestamp": "2026-04-14T14:55:52.296677+05:30"}
{"type": "INSERT", "txn_id": "a8cd1dbd-f06b-433e-9426-0438d548858e", "table": "products", "key": "TX_500_130", "before": null, "after": {"product_id": "TX_500_130", "name": "TX130", "stock": 10, "price": 5.0}, "timestamp": "2026-04-14T14:55:52.298411+05:30"}
{"type": "COMMIT", "txn_id": "a8cd1dbd-f06b-433e-9426-0438d548858e", "timestamp": "2026-04-14T14:55:52.299395+05:30"}
{"type": "BEGIN", "txn_id": "c405ea7f-7d57-468c-b3ab-587f1b6755b2", "timestamp": "2026-04-14T14:55:52.303324+05:30"}
{"type": "INSERT", "txn_id": "c405ea7f-7d57-468c-b3ab-587f1b6755b2", "table": "products", "key": "TX_500_131", "before": null, "after": {"product_id": "TX_500_131", "name": "TX131", "stock": 10, "price": 5.0}, "timestamp": "2026-04-14T14:55:52.304962+05:30"}
{"type": "COMMIT", "txn_id": "c405ea7f-7d57-468c-b3ab-587f1b6755b2", "timestamp": "2026-04-14T14:55:52.305956+05:30"}
{"type": "BEGIN", "txn_id": "056826a9-d172-4a9b-ad4d-897e04003ad7", "timestamp": "2026-04-14T14:55:52.311487+05:30"}
{"type": "INSERT", "txn_id": "056826a9-d172-4a9b-ad4d-897e04003ad7", "table": "products", "key": "TX_500_132", "before": null, "after": {"product_id": "TX_500_132", "name": "TX132", "stock": 10, "price": 5.0}, "timestamp": "2026-04-14T14:55:52.313368+05:30"}
{"type": "COMMIT", "txn_id": "056826a9-d172-4a9b-ad4d-897e04003ad7", "timestamp": "2026-04-14T14:55:52.314429+05:30"}
{"type": "BEGIN", "txn_id": "d034b9de-9fcd-47cb-b2ce-2cca8d44e600", "timestamp": "2026-04-14T14:55:52.318920+05:30"}
{"type": "INSERT", "txn_id": "d034b9de-9fcd-47cb-b2ce-2cca8d44e600", "table": "products", "key": "TX_500_133", "before": null, "after": {"product_id": "TX_500_133", "name": "TX133", "stock": 10, "price": 5.0}, "timestamp": "2026-04-14T14:55:52.320703+05:30"}
{"type": "COMMIT", "txn_id": "d034b9de-9fcd-47cb-b2ce-2cca8d44e600", "timestamp": "2026-04-14T14:55:52.321658+05:30"}
{"type": "BEGIN", "txn_id": "cc4ba6f6-0092-49fe-ba39-a910fc1195cf", "timestamp": "2026-04-14T14:55:52.326321+05:30"}
{"type": "INSERT", "txn_id": "cc4ba6f6-0092-49fe-ba39-a910fc1195cf", "table": "products", "key": "TX_500_134", "before": null, "after": {"product_id": "TX_500_134", "name": "TX134", "stock": 10, "price": 5.0}, "timestamp": "2026-04-14T14:55:52.328469+05:30"}
{"type": "COMMIT", "txn_id": "cc4ba6f6-0092-49fe-ba39-a910fc1195cf", "timestamp": "2026-04-14T14:55:52.329531+05:30"}
{"type": "BEGIN", "txn_id": "47ebd311-c53e-4a93-8dd6-8918b7c68129", "timestamp": "2026-04-14T14:55:52.333890+05:30"}
{"type": "INSERT", "txn_id": "47ebd311-c53e-4a93-8dd6-8918b7c68129", "table": "products", "key": "TX_500_135", "before": null, "after": {"product_id": "TX_500_135", "name": "TX135", "stock": 10, "price": 5.0}, "timestamp": "2026-04-14T14:55:52.335670+05:30"}
{"type": "COMMIT", "txn_id": "47ebd311-c53e-4a93-8dd6-8918b7c68129", "timestamp": "2026-04-14T14:55:52.336765+05:30"}
{"type": "BEGIN", "txn_id": "c8df55ec-64b0-4bda-8ff4-da6cf162c4c4", "timestamp": "2026-04-14T14:55:52.341378+05:30"}
{"type": "INSERT", "txn_id": "c8df55ec-64b0-4bda-8ff4-da6cf162c4c4", "table": "products", "key": "TX_500_136", "before": null, "after": {"product_id": "TX_500_136", "name": "TX136", "stock": 10, "price": 5.0}, "timestamp": "2026-04-14T14:55:52.343902+05:30"}
{"type": "COMMIT", "txn_id": "c8df55ec-64b0-4bda-8ff4-da6cf162c4c4", "timestamp": "2026-04-14T14:55:52.345071+05:30"}
{"type": "BEGIN", "txn_id": "ffc9d0b0-5993-4409-884c-1a71541b793c", "timestamp": "2026-04-14T14:55:52.349897+05:30"}
{"type": "INSERT", "txn_id": "ffc9d0b0-5993-4409-884c-1a71541b793c", "table": "products", "key": "TX_500_137", "before": null, "after": {"product_id": "TX_500_137", "name": "TX137", "stock": 10, "price": 5.0}, "timestamp": "2026-04-14T14:55:52.351570+05:30"}
{"type": "COMMIT", "txn_id": "ffc9d0b0-5993-4409-884c-1a71541b793c", "timestamp": "2026-04-14T14:55:52.352628+05:30"}
{"type": "BEGIN", "txn_id": "2688df37-e957-4f9e-a80d-3b08075ccf1d", "timestamp": "2026-04-14T14:55:52.357350+05:30"}
{"type": "INSERT", "txn_id": "2688df37-e957-4f9e-a80d-3b08075ccf1d", "table": "products", "key": "TX_500_138", "before": null, "after": {"product_id": "TX_500_138", "name": "TX138", "stock": 10, "price": 5.0}, "timestamp": "2026-04-14T14:55:52.359260+05:30"}
{"type": "COMMIT", "txn_id": "2688df37-e957-4f9e-a80d-3b08075ccf1d", "timestamp": "2026-04-14T14:55:52.360964+05:30"}
{"type": "BEGIN", "txn_id": "4602a4b6-c7f1-4804-b7e3-72fcc3e983ca", "timestamp": "2026-04-14T14:55:52.365290+05:30"}
{"type": "INSERT", "txn_id": "4602a4b6-c7f1-4804-b7e3-72fcc3e983ca", "table": "products", "key": "TX_500_139", "before": null, "after": {"product_id": "TX_500_139", "name": "TX139", "stock": 10, "price": 5.0}, "timestamp": "2026-04-14T14:55:52.367096+05:30"}
{"type": "COMMIT", "txn_id": "4602a4b6-c7f1-4804-b7e3-72fcc3e983ca", "timestamp": "2026-04-14T14:55:52.368073+05:30"}
{"type": "BEGIN", "txn_id": "e0a56eb8-4f89-4e60-9e1c-4490118a964e", "timestamp": "2026-04-14T14:55:52.372964+05:30"}
{"type": "INSERT", "txn_id": "e0a56eb8-4f89-4e60-9e1c-4490118a964e", "table": "products", "key": "TX_500_140", "before": null, "after": {"product_id": "TX_500_140", "name": "TX140", "stock": 10, "price": 5.0}, "timestamp": "2026-04-14T14:55:52.375383+05:30"}
{"type": "COMMIT", "txn_id": "e0a56eb8-4f89-4e60-9e1c-4490118a964e", "timestamp": "2026-04-14T14:55:52.378323+05:30"}
{"type": "BEGIN", "txn_id": "b4f37128-bb9c-4576-990f-0a365b0a95e6", "timestamp": "2026-04-14T14:55:52.383161+05:30"}
{"type": "INSERT", "txn_id": "b4f37128-bb9c-4576-990f-0a365b0a95e6", "table": "products", "key": "TX_500_141", "before": null, "after": {"product_id": "TX_500_141", "name": "TX141", "stock": 10, "price": 5.0}, "timestamp": "2026-04-14T14:55:52.384947+05:30"}
{"type": "COMMIT", "txn_id": "b4f37128-bb9c-4576-990f-0a365b0a95e6", "timestamp": "2026-04-14T14:55:52.385930+05:30"}
{"type": "BEGIN", "txn_id": "e3e70e56-781c-4f7a-8b08-fbc5e7e9b502", "timestamp": "2026-04-14T14:55:52.391598+05:30"}
{"type": "INSERT", "txn_id": "e3e70e56-781c-4f7a-8b08-fbc5e7e9b502", "table": "products", "key": "TX_500_142", "before": null, "after": {"product_id": "TX_500_142", "name": "TX142", "stock": 10, "price": 5.0}, "timestamp": "2026-04-14T14:55:52.393847+05:30"}
{"type": "COMMIT", "txn_id": "e3e70e56-781c-4f7a-8b08-fbc5e7e9b502", "timestamp": "2026-04-14T14:55:52.395073+05:30"}
{"type": "BEGIN", "txn_id": "9d6ab516-858f-4592-b5ed-8353052d7b98", "timestamp": "2026-04-14T14:55:52.399413+05:30"}
{"type": "INSERT", "txn_id": "9d6ab516-858f-4592-b5ed-8353052d7b98", "table": "products", "key": "TX_500_143", "before": null, "after": {"product_id": "TX_500_143", "name": "TX143", "stock": 10, "price": 5.0}, "timestamp": "2026-04-14T14:55:52.401202+05:30"}
{"type": "COMMIT", "txn_id": "9d6ab516-858f-4592-b5ed-8353052d7b98", "timestamp": "2026-04-14T14:55:52.402240+05:30"}
{"type": "BEGIN", "txn_id": "82f753fc-84b0-47ef-8170-1304ad78339a", "timestamp": "2026-04-14T14:55:52.406618+05:30"}
{"type": "INSERT", "txn_id": "82f753fc-84b0-47ef-8170-1304ad78339a", "table": "products", "key": "TX_500_144", "before": null, "after": {"product_id": "TX_500_144", "name": "TX144", "stock": 10, "price": 5.0}, "timestamp": "2026-04-14T14:55:52.408345+05:30"}
{"type": "COMMIT", "txn_id": "82f753fc-84b0-47ef-8170-1304ad78339a", "timestamp": "2026-04-14T14:55:52.409452+05:30"}
{"type": "BEGIN", "txn_id": "3ebeed7f-00d6-491d-b3f5-db181e2c81a3", "timestamp": "2026-04-14T14:55:52.414879+05:30"}
{"type": "INSERT", "txn_id": "3ebeed7f-00d6-491d-b3f5-db181e2c81a3", "table": "products", "key": "TX_500_145", "before": null, "after": {"product_id": "TX_500_145", "name": "TX145", "stock": 10, "price": 5.0}, "timestamp": "2026-04-14T14:55:52.416752+05:30"}
{"type": "COMMIT", "txn_id": "3ebeed7f-00d6-491d-b3f5-db181e2c81a3", "timestamp": "2026-04-14T14:55:52.417850+05:30"}
{"type": "BEGIN", "txn_id": "3743ef3c-f997-440a-bdb4-df841adce58e", "timestamp": "2026-04-14T14:55:52.422966+05:30"}
{"type": "INSERT", "txn_id": "3743ef3c-f997-440a-bdb4-df841adce58e", "table": "products", "key": "TX_500_146", "before": null, "after": {"product_id": "TX_500_146", "name": "TX146", "stock": 10, "price": 5.0}, "timestamp": "2026-04-14T14:55:52.425527+05:30"}
{"type": "COMMIT", "txn_id": "3743ef3c-f997-440a-bdb4-df841adce58e", "timestamp": "2026-04-14T14:55:52.427074+05:30"}
{"type": "BEGIN", "txn_id": "fe022c7c-263f-4c61-a6b5-aa24df540976", "timestamp": "2026-04-14T14:55:52.433467+05:30"}
{"type": "INSERT", "txn_id": "fe022c7c-263f-4c61-a6b5-aa24df540976", "table": "products", "key": "TX_500_147", "before": null, "after": {"product_id": "TX_500_147", "name": "TX147", "stock": 10, "price": 5.0}, "timestamp": "2026-04-14T14:55:52.435789+05:30"}
{"type": "COMMIT", "txn_id": "fe022c7c-263f-4c61-a6b5-aa24df540976", "timestamp": "2026-04-14T14:55:52.436947+05:30"}
{"type": "BEGIN", "txn_id": "bde0aec8-493b-4cbb-9c51-4ac744282680", "timestamp": "2026-04-14T14:55:52.441577+05:30"}
{"type": "INSERT", "txn_id": "bde0aec8-493b-4cbb-9c51-4ac744282680", "table": "products", "key": "TX_500_148", "before": null, "after": {"product_id": "TX_500_148", "name": "TX148", "stock": 10, "price": 5.0}, "timestamp": "2026-04-14T14:55:52.444638+05:30"}
{"type": "COMMIT", "txn_id": "bde0aec8-493b-4cbb-9c51-4ac744282680", "timestamp": "2026-04-14T14:55:52.445946+05:30"}
{"type": "BEGIN", "txn_id": "ec661960-6e9d-46d5-ad92-3f99471164c9", "timestamp": "2026-04-14T14:55:52.450874+05:30"}
{"type": "INSERT", "txn_id": "ec661960-6e9d-46d5-ad92-3f99471164c9", "table": "products", "key": "TX_500_149", "before": null, "after": {"product_id": "TX_500_149", "name": "TX149", "stock": 10, "price": 5.0}, "timestamp": "2026-04-14T14:55:52.452694+05:30"}
{"type": "COMMIT", "txn_id": "ec661960-6e9d-46d5-ad92-3f99471164c9", "timestamp": "2026-04-14T14:55:52.453749+05:30"}
{"type": "BEGIN", "txn_id": "21edfc2a-d4cc-4bb4-94b9-7d8495e3bf68", "timestamp": "2026-04-14T14:55:52.458628+05:30"}
{"type": "INSERT", "txn_id": "21edfc2a-d4cc-4bb4-94b9-7d8495e3bf68", "table": "products", "key": "TX_500_150", "before": null, "after": {"product_id": "TX_500_150", "name": "TX150", "stock": 10, "price": 5.0}, "timestamp": "2026-04-14T14:55:52.462810+05:30"}
{"type": "COMMIT", "txn_id": "21edfc2a-d4cc-4bb4-94b9-7d8495e3bf68", "timestamp": "2026-04-14T14:55:52.464038+05:30"}
{"type": "BEGIN", "txn_id": "f80eb7f9-400f-41d0-9fa5-f2a800e09bff", "timestamp": "2026-04-14T14:55:52.468698+05:30"}
{"type": "INSERT", "txn_id": "f80eb7f9-400f-41d0-9fa5-f2a800e09bff", "table": "products", "key": "TX_500_151", "before": null, "after": {"product_id": "TX_500_151", "name": "TX151", "stock": 10, "price": 5.0}, "timestamp": "2026-04-14T14:55:52.470718+05:30"}
{"type": "COMMIT", "txn_id": "f80eb7f9-400f-41d0-9fa5-f2a800e09bff", "timestamp": "2026-04-14T14:55:52.471809+05:30"}
{"type": "BEGIN", "txn_id": "8a5d56c2-f28f-4f84-a50e-43e7d9e9e791", "timestamp": "2026-04-14T14:55:52.476996+05:30"}
{"type": "INSERT", "txn_id": "8a5d56c2-f28f-4f84-a50e-43e7d9e9e791", "table": "products", "key": "TX_500_152", "before": null, "after": {"product_id": "TX_500_152", "name": "TX152", "stock": 10, "price": 5.0}, "timestamp": "2026-04-14T14:55:52.480694+05:30"}
{"type": "COMMIT", "txn_id": "8a5d56c2-f28f-4f84-a50e-43e7d9e9e791", "timestamp": "2026-04-14T14:55:52.482029+05:30"}
{"type": "BEGIN", "txn_id": "edb08801-db43-4d1f-b8e9-5869b06f06ca", "timestamp": "2026-04-14T14:55:52.487138+05:30"}
{"type": "INSERT", "txn_id": "edb08801-db43-4d1f-b8e9-5869b06f06ca", "table": "products", "key": "TX_500_153", "before": null, "after": {"product_id": "TX_500_153", "name": "TX153", "stock": 10, "price": 5.0}, "timestamp": "2026-04-14T14:55:52.489064+05:30"}
{"type": "COMMIT", "txn_id": "edb08801-db43-4d1f-b8e9-5869b06f06ca", "timestamp": "2026-04-14T14:55:52.490089+05:30"}
{"type": "BEGIN", "txn_id": "606b1c57-bbd8-431b-ac19-d1da019fc9ba", "timestamp": "2026-04-14T14:55:52.496843+05:30"}
{"type": "INSERT", "txn_id": "606b1c57-bbd8-431b-ac19-d1da019fc9ba", "table": "products", "key": "TX_500_154", "before": null, "after": {"product_id": "TX_500_154", "name": "TX154", "stock": 10, "price": 5.0}, "timestamp": "2026-04-14T14:55:52.499101+05:30"}
{"type": "COMMIT", "txn_id": "606b1c57-bbd8-431b-ac19-d1da019fc9ba", "timestamp": "2026-04-14T14:55:52.500244+05:30"}
{"type": "BEGIN", "txn_id": "9ac7d613-af08-49a1-8749-abbcc7ebfeff", "timestamp": "2026-04-14T14:55:52.504968+05:30"}
{"type": "INSERT", "txn_id": "9ac7d613-af08-49a1-8749-abbcc7ebfeff", "table": "products", "key": "TX_500_155", "before": null, "after": {"product_id": "TX_500_155", "name": "TX155", "stock": 10, "price": 5.0}, "timestamp": "2026-04-14T14:55:52.507152+05:30"}
{"type": "COMMIT", "txn_id": "9ac7d613-af08-49a1-8749-abbcc7ebfeff", "timestamp": "2026-04-14T14:55:52.508385+05:30"}
{"type": "BEGIN", "txn_id": "d4e23902-b9b2-40a3-a9a8-85d2e90fffbd", "timestamp": "2026-04-14T14:55:52.514712+05:30"}
{"type": "INSERT", "txn_id": "d4e23902-b9b2-40a3-a9a8-85d2e90fffbd", "table": "products", "key": "TX_500_156", "before": null, "after": {"product_id": "TX_500_156", "name": "TX156", "stock": 10, "price": 5.0}, "timestamp": "2026-04-14T14:55:52.516645+05:30"}
{"type": "COMMIT", "txn_id": "d4e23902-b9b2-40a3-a9a8-85d2e90fffbd", "timestamp": "2026-04-14T14:55:52.517776+05:30"}
{"type": "BEGIN", "txn_id": "e092f2d4-1471-4837-9ca0-d09f7e83247e", "timestamp": "2026-04-14T14:55:52.522659+05:30"}
{"type": "INSERT", "txn_id": "e092f2d4-1471-4837-9ca0-d09f7e83247e", "table": "products", "key": "TX_500_157", "before": null, "after": {"product_id": "TX_500_157", "name": "TX157", "stock": 10, "price": 5.0}, "timestamp": "2026-04-14T14:55:52.524524+05:30"}
{"type": "COMMIT", "txn_id": "e092f2d4-1471-4837-9ca0-d09f7e83247e", "timestamp": "2026-04-14T14:55:52.526269+05:30"}
{"type": "BEGIN", "txn_id": "ddd3485f-a675-461a-9d76-0882a0c46431", "timestamp": "2026-04-14T14:55:52.532947+05:30"}
{"type": "INSERT", "txn_id": "ddd3485f-a675-461a-9d76-0882a0c46431", "table": "products", "key": "TX_500_158", "before": null, "after": {"product_id": "TX_500_158", "name": "TX158", "stock": 10, "price": 5.0}, "timestamp": "2026-04-14T14:55:52.535555+05:30"}
{"type": "COMMIT", "txn_id": "ddd3485f-a675-461a-9d76-0882a0c46431", "timestamp": "2026-04-14T14:55:52.536701+05:30"}
{"type": "BEGIN", "txn_id": "b240b586-bd15-47f4-a295-a266e161b67b", "timestamp": "2026-04-14T14:55:52.541768+05:30"}
{"type": "INSERT", "txn_id": "b240b586-bd15-47f4-a295-a266e161b67b", "table": "products", "key": "TX_500_159", "before": null, "after": {"product_id": "TX_500_159", "name": "TX159", "stock": 10, "price": 5.0}, "timestamp": "2026-04-14T14:55:52.544950+05:30"}
{"type": "COMMIT", "txn_id": "b240b586-bd15-47f4-a295-a266e161b67b", "timestamp": "2026-04-14T14:55:52.546493+05:30"}
{"type": "BEGIN", "txn_id": "ee22a5c5-ae26-4d51-a5f0-cc31adcf8799", "timestamp": "2026-04-14T14:55:52.551750+05:30"}
{"type": "INSERT", "txn_id": "ee22a5c5-ae26-4d51-a5f0-cc31adcf8799", "table": "products", "key": "TX_500_160", "before": null, "after": {"product_id": "TX_500_160", "name": "TX160", "stock": 10, "price": 5.0}, "timestamp": "2026-04-14T14:55:52.553574+05:30"}
{"type": "COMMIT", "txn_id": "ee22a5c5-ae26-4d51-a5f0-cc31adcf8799", "timestamp": "2026-04-14T14:55:52.554579+05:30"}
{"type": "BEGIN", "txn_id": "31169ba5-d32e-42af-8b9c-dc4ee887e44d", "timestamp": "2026-04-14T14:55:52.560088+05:30"}
{"type": "INSERT", "txn_id": "31169ba5-d32e-42af-8b9c-dc4ee887e44d", "table": "products", "key": "TX_500_161", "before": null, "after": {"product_id": "TX_500_161", "name": "TX161", "stock": 10, "price": 5.0}, "timestamp": "2026-04-14T14:55:52.563292+05:30"}
{"type": "COMMIT", "txn_id": "31169ba5-d32e-42af-8b9c-dc4ee887e44d", "timestamp": "2026-04-14T14:55:52.564425+05:30"}
{"type": "BEGIN", "txn_id": "38604eef-e451-4715-8432-3ac369736d0d", "timestamp": "2026-04-14T14:55:52.569014+05:30"}
{"type": "INSERT", "txn_id": "38604eef-e451-4715-8432-3ac369736d0d", "table": "products", "key": "TX_500_162", "before": null, "after": {"product_id": "TX_500_162", "name": "TX162", "stock": 10, "price": 5.0}, "timestamp": "2026-04-14T14:55:52.571177+05:30"}
{"type": "COMMIT", "txn_id": "38604eef-e451-4715-8432-3ac369736d0d", "timestamp": "2026-04-14T14:55:52.572265+05:30"}
{"type": "BEGIN", "txn_id": "be59e8a2-26a6-473f-8b5e-22f09786e53a", "timestamp": "2026-04-14T14:55:52.578954+05:30"}
{"type": "INSERT", "txn_id": "be59e8a2-26a6-473f-8b5e-22f09786e53a", "table": "products", "key": "TX_500_163", "before": null, "after": {"product_id": "TX_500_163", "name": "TX163", "stock": 10, "price": 5.0}, "timestamp": "2026-04-14T14:55:52.581936+05:30"}
{"type": "COMMIT", "txn_id": "be59e8a2-26a6-473f-8b5e-22f09786e53a", "timestamp": "2026-04-14T14:55:52.583024+05:30"}
{"type": "BEGIN", "txn_id": "3de41f15-cdd7-4346-a8c9-15ac22e5602a", "timestamp": "2026-04-14T14:55:52.587963+05:30"}
{"type": "INSERT", "txn_id": "3de41f15-cdd7-4346-a8c9-15ac22e5602a", "table": "products", "key": "TX_500_164", "before": null, "after": {"product_id": "TX_500_164", "name": "TX164", "stock": 10, "price": 5.0}, "timestamp": "2026-04-14T14:55:52.589740+05:30"}
{"type": "COMMIT", "txn_id": "3de41f15-cdd7-4346-a8c9-15ac22e5602a", "timestamp": "2026-04-14T14:55:52.591172+05:30"}
{"type": "BEGIN", "txn_id": "5b3a3a1f-b164-4737-b151-9694d80414ab", "timestamp": "2026-04-14T14:55:52.600043+05:30"}
{"type": "INSERT", "txn_id": "5b3a3a1f-b164-4737-b151-9694d80414ab", "table": "products", "key": "TX_500_165", "before": null, "after": {"product_id": "TX_500_165", "name": "TX165", "stock": 10, "price": 5.0}, "timestamp": "2026-04-14T14:55:52.602465+05:30"}
{"type": "COMMIT", "txn_id": "5b3a3a1f-b164-4737-b151-9694d80414ab", "timestamp": "2026-04-14T14:55:52.603529+05:30"}
{"type": "BEGIN", "txn_id": "42fc2f42-f5ab-47f8-8303-e966fd024859", "timestamp": "2026-04-14T14:55:52.608417+05:30"}
{"type": "INSERT", "txn_id": "42fc2f42-f5ab-47f8-8303-e966fd024859", "table": "products", "key": "TX_500_166", "before": null, "after": {"product_id": "TX_500_166", "name": "TX166", "stock": 10, "price": 5.0}, "timestamp": "2026-04-14T14:55:52.610877+05:30"}
{"type": "COMMIT", "txn_id": "42fc2f42-f5ab-47f8-8303-e966fd024859", "timestamp": "2026-04-14T14:55:52.612817+05:30"}
{"type": "BEGIN", "txn_id": "ab36170a-6431-4bbb-ac1a-1222b6ce0c0c", "timestamp": "2026-04-14T14:55:52.617544+05:30"}
{"type": "INSERT", "txn_id": "ab36170a-6431-4bbb-ac1a-1222b6ce0c0c", "table": "products", "key": "TX_500_167", "before": null, "after": {"product_id": "TX_500_167", "name": "TX167", "stock": 10, "price": 5.0}, "timestamp": "2026-04-14T14:55:52.619503+05:30"}
{"type": "COMMIT", "txn_id": "ab36170a-6431-4bbb-ac1a-1222b6ce0c0c", "timestamp": "2026-04-14T14:55:52.620796+05:30"}
{"type": "BEGIN", "txn_id": "d49893c4-ddf1-42c2-94d4-94ac9fd0be8c", "timestamp": "2026-04-14T14:55:52.625920+05:30"}
{"type": "INSERT", "txn_id": "d49893c4-ddf1-42c2-94d4-94ac9fd0be8c", "table": "products", "key": "TX_500_168", "before": null, "after": {"product_id": "TX_500_168", "name": "TX168", "stock": 10, "price": 5.0}, "timestamp": "2026-04-14T14:55:52.629433+05:30"}
{"type": "COMMIT", "txn_id": "d49893c4-ddf1-42c2-94d4-94ac9fd0be8c", "timestamp": "2026-04-14T14:55:52.630693+05:30"}
{"type": "BEGIN", "txn_id": "952385e8-cb26-4e10-875a-e5914bd303f8", "timestamp": "2026-04-14T14:55:52.635280+05:30"}
{"type": "INSERT", "txn_id": "952385e8-cb26-4e10-875a-e5914bd303f8", "table": "products", "key": "TX_500_169", "before": null, "after": {"product_id": "TX_500_169", "name": "TX169", "stock": 10, "price": 5.0}, "timestamp": "2026-04-14T14:55:52.637284+05:30"}
{"type": "COMMIT", "txn_id": "952385e8-cb26-4e10-875a-e5914bd303f8", "timestamp": "2026-04-14T14:55:52.638339+05:30"}
{"type": "BEGIN", "txn_id": "a4a7f717-af0b-4b5c-9a5b-ae1b5a8eefd1", "timestamp": "2026-04-14T14:55:52.643061+05:30"}
{"type": "INSERT", "txn_id": "a4a7f717-af0b-4b5c-9a5b-ae1b5a8eefd1", "table": "products", "key": "TX_500_170", "before": null, "after": {"product_id": "TX_500_170", "name": "TX170", "stock": 10, "price": 5.0}, "timestamp": "2026-04-14T14:55:52.646007+05:30"}
{"type": "COMMIT", "txn_id": "a4a7f717-af0b-4b5c-9a5b-ae1b5a8eefd1", "timestamp": "2026-04-14T14:55:52.647259+05:30"}
{"type": "BEGIN", "txn_id": "ba2152db-d8e5-4c92-b2a2-d05f05cbccd0", "timestamp": "2026-04-14T14:55:52.652230+05:30"}
{"type": "INSERT", "txn_id": "ba2152db-d8e5-4c92-b2a2-d05f05cbccd0", "table": "products", "key": "TX_500_171", "before": null, "after": {"product_id": "TX_500_171", "name": "TX171", "stock": 10, "price": 5.0}, "timestamp": "2026-04-14T14:55:52.654107+05:30"}
{"type": "COMMIT", "txn_id": "ba2152db-d8e5-4c92-b2a2-d05f05cbccd0", "timestamp": "2026-04-14T14:55:52.655128+05:30"}
{"type": "BEGIN", "txn_id": "29d77491-d63a-4d79-90bd-b4c342e0c575", "timestamp": "2026-04-14T14:55:52.660526+05:30"}
{"type": "INSERT", "txn_id": "29d77491-d63a-4d79-90bd-b4c342e0c575", "table": "products", "key": "TX_500_172", "before": null, "after": {"product_id": "TX_500_172", "name": "TX172", "stock": 10, "price": 5.0}, "timestamp": "2026-04-14T14:55:52.662997+05:30"}
{"type": "COMMIT", "txn_id": "29d77491-d63a-4d79-90bd-b4c342e0c575", "timestamp": "2026-04-14T14:55:52.664324+05:30"}
{"type": "BEGIN", "txn_id": "b5abd28d-745b-42c8-bb41-fd7c921ce13d", "timestamp": "2026-04-14T14:55:52.669410+05:30"}
{"type": "INSERT", "txn_id": "b5abd28d-745b-42c8-bb41-fd7c921ce13d", "table": "products", "key": "TX_500_173", "before": null, "after": {"product_id": "TX_500_173", "name": "TX173", "stock": 10, "price": 5.0}, "timestamp": "2026-04-14T14:55:52.671474+05:30"}
{"type": "COMMIT", "txn_id": "b5abd28d-745b-42c8-bb41-fd7c921ce13d", "timestamp": "2026-04-14T14:55:52.672690+05:30"}
{"type": "BEGIN", "txn_id": "788ee56c-8892-46b5-9b59-6b80e1308add", "timestamp": "2026-04-14T14:55:52.678267+05:30"}
{"type": "INSERT", "txn_id": "788ee56c-8892-46b5-9b59-6b80e1308add", "table": "products", "key": "TX_500_174", "before": null, "after": {"product_id": "TX_500_174", "name": "TX174", "stock": 10, "price": 5.0}, "timestamp": "2026-04-14T14:55:52.680926+05:30"}
{"type": "COMMIT", "txn_id": "788ee56c-8892-46b5-9b59-6b80e1308add", "timestamp": "2026-04-14T14:55:52.682013+05:30"}
{"type": "BEGIN", "txn_id": "fb17773d-b084-4ba2-87c1-41861164a436", "timestamp": "2026-04-14T14:55:52.686547+05:30"}
{"type": "INSERT", "txn_id": "fb17773d-b084-4ba2-87c1-41861164a436", "table": "products", "key": "TX_500_175", "before": null, "after": {"product_id": "TX_500_175", "name": "TX175", "stock": 10, "price": 5.0}, "timestamp": "2026-04-14T14:55:52.688367+05:30"}
{"type": "COMMIT", "txn_id": "fb17773d-b084-4ba2-87c1-41861164a436", "timestamp": "2026-04-14T14:55:52.689385+05:30"}
{"type": "BEGIN", "txn_id": "0eb27a60-9a15-4efd-9546-7c6a0b2bc2d9", "timestamp": "2026-04-14T14:55:52.695488+05:30"}
{"type": "INSERT", "txn_id": "0eb27a60-9a15-4efd-9546-7c6a0b2bc2d9", "table": "products", "key": "TX_500_176", "before": null, "after": {"product_id": "TX_500_176", "name": "TX176", "stock": 10, "price": 5.0}, "timestamp": "2026-04-14T14:55:52.697624+05:30"}
{"type": "COMMIT", "txn_id": "0eb27a60-9a15-4efd-9546-7c6a0b2bc2d9", "timestamp": "2026-04-14T14:55:52.698891+05:30"}
{"type": "BEGIN", "txn_id": "4a7a9de2-a70c-4f71-ac3d-c576c17a36e9", "timestamp": "2026-04-14T14:55:52.704319+05:30"}
{"type": "INSERT", "txn_id": "4a7a9de2-a70c-4f71-ac3d-c576c17a36e9", "table": "products", "key": "TX_500_177", "before": null, "after": {"product_id": "TX_500_177", "name": "TX177", "stock": 10, "price": 5.0}, "timestamp": "2026-04-14T14:55:52.706638+05:30"}
{"type": "COMMIT", "txn_id": "4a7a9de2-a70c-4f71-ac3d-c576c17a36e9", "timestamp": "2026-04-14T14:55:52.707891+05:30"}
{"type": "BEGIN", "txn_id": "e18fe89d-f186-4f58-981a-61a3c048f3db", "timestamp": "2026-04-14T14:55:52.713771+05:30"}
{"type": "INSERT", "txn_id": "e18fe89d-f186-4f58-981a-61a3c048f3db", "table": "products", "key": "TX_500_178", "before": null, "after": {"product_id": "TX_500_178", "name": "TX178", "stock": 10, "price": 5.0}, "timestamp": "2026-04-14T14:55:52.715929+05:30"}
{"type": "COMMIT", "txn_id": "e18fe89d-f186-4f58-981a-61a3c048f3db", "timestamp": "2026-04-14T14:55:52.717020+05:30"}
{"type": "BEGIN", "txn_id": "3a329688-30d6-4955-b9c3-60926d847b3b", "timestamp": "2026-04-14T14:55:52.721598+05:30"}
{"type": "INSERT", "txn_id": "3a329688-30d6-4955-b9c3-60926d847b3b", "table": "products", "key": "TX_500_179", "before": null, "after": {"product_id": "TX_500_179", "name": "TX179", "stock": 10, "price": 5.0}, "timestamp": "2026-04-14T14:55:52.723437+05:30"}
{"type": "COMMIT", "txn_id": "3a329688-30d6-4955-b9c3-60926d847b3b", "timestamp": "2026-04-14T14:55:52.725674+05:30"}
{"type": "BEGIN", "txn_id": "811f4f18-c8b8-485d-ae3a-4901c6a23f15", "timestamp": "2026-04-14T14:55:52.732673+05:30"}
{"type": "INSERT", "txn_id": "811f4f18-c8b8-485d-ae3a-4901c6a23f15", "table": "products", "key": "TX_500_180", "before": null, "after": {"product_id": "TX_500_180", "name": "TX180", "stock": 10, "price": 5.0}, "timestamp": "2026-04-14T14:55:52.734607+05:30"}
{"type": "COMMIT", "txn_id": "811f4f18-c8b8-485d-ae3a-4901c6a23f15", "timestamp": "2026-04-14T14:55:52.735715+05:30"}
{"type": "BEGIN", "txn_id": "20c2f6a5-bb26-4cef-b976-7f56442b86eb", "timestamp": "2026-04-14T14:55:52.740313+05:30"}
{"type": "INSERT", "txn_id": "20c2f6a5-bb26-4cef-b976-7f56442b86eb", "table": "products", "key": "TX_500_181", "before": null, "after": {"product_id": "TX_500_181", "name": "TX181", "stock": 10, "price": 5.0}, "timestamp": "2026-04-14T14:55:52.742246+05:30"}
{"type": "COMMIT", "txn_id": "20c2f6a5-bb26-4cef-b976-7f56442b86eb", "timestamp": "2026-04-14T14:55:52.744274+05:30"}
{"type": "BEGIN", "txn_id": "a3600faf-11eb-49bd-97ec-1726f36a472e", "timestamp": "2026-04-14T14:55:52.749967+05:30"}
{"type": "INSERT", "txn_id": "a3600faf-11eb-49bd-97ec-1726f36a472e", "table": "products", "key": "TX_500_182", "before": null, "after": {"product_id": "TX_500_182", "name": "TX182", "stock": 10, "price": 5.0}, "timestamp": "2026-04-14T14:55:52.752192+05:30"}
{"type": "COMMIT", "txn_id": "a3600faf-11eb-49bd-97ec-1726f36a472e", "timestamp": "2026-04-14T14:55:52.753264+05:30"}
{"type": "BEGIN", "txn_id": "4f0b27bc-a985-40dd-99ec-1e21544dfc11", "timestamp": "2026-04-14T14:55:52.758162+05:30"}
{"type": "INSERT", "txn_id": "4f0b27bc-a985-40dd-99ec-1e21544dfc11", "table": "products", "key": "TX_500_183", "before": null, "after": {"product_id": "TX_500_183", "name": "TX183", "stock": 10, "price": 5.0}, "timestamp": "2026-04-14T14:55:52.761067+05:30"}
{"type": "COMMIT", "txn_id": "4f0b27bc-a985-40dd-99ec-1e21544dfc11", "timestamp": "2026-04-14T14:55:52.763132+05:30"}
{"type": "BEGIN", "txn_id": "6597230f-8614-44b6-9443-c6648c9990da", "timestamp": "2026-04-14T14:55:52.768712+05:30"}
{"type": "INSERT", "txn_id": "6597230f-8614-44b6-9443-c6648c9990da", "table": "products", "key": "TX_500_184", "before": null, "after": {"product_id": "TX_500_184", "name": "TX184", "stock": 10, "price": 5.0}, "timestamp": "2026-04-14T14:55:52.770669+05:30"}
{"type": "COMMIT", "txn_id": "6597230f-8614-44b6-9443-c6648c9990da", "timestamp": "2026-04-14T14:55:52.772060+05:30"}
{"type": "BEGIN", "txn_id": "ad2eb8be-7959-40ac-be51-374e868378a6", "timestamp": "2026-04-14T14:55:52.777345+05:30"}
{"type": "INSERT", "txn_id": "ad2eb8be-7959-40ac-be51-374e868378a6", "table": "products", "key": "TX_500_185", "before": null, "after": {"product_id": "TX_500_185", "name": "TX185", "stock": 10, "price": 5.0}, "timestamp": "2026-04-14T14:55:52.780030+05:30"}
{"type": "COMMIT", "txn_id": "ad2eb8be-7959-40ac-be51-374e868378a6", "timestamp": "2026-04-14T14:55:52.781147+05:30"}
{"type": "BEGIN", "txn_id": "6db7fd84-f5a9-475d-93b3-2c60cd154d85", "timestamp": "2026-04-14T14:55:52.787576+05:30"}
{"type": "INSERT", "txn_id": "6db7fd84-f5a9-475d-93b3-2c60cd154d85", "table": "products", "key": "TX_500_186", "before": null, "after": {"product_id": "TX_500_186", "name": "TX186", "stock": 10, "price": 5.0}, "timestamp": "2026-04-14T14:55:52.789907+05:30"}
{"type": "COMMIT", "txn_id": "6db7fd84-f5a9-475d-93b3-2c60cd154d85", "timestamp": "2026-04-14T14:55:52.791085+05:30"}
{"type": "BEGIN", "txn_id": "13f63284-e83c-487b-b3bc-52b72db00a6f", "timestamp": "2026-04-14T14:55:52.796300+05:30"}
{"type": "INSERT", "txn_id": "13f63284-e83c-487b-b3bc-52b72db00a6f", "table": "products", "key": "TX_500_187", "before": null, "after": {"product_id": "TX_500_187", "name": "TX187", "stock": 10, "price": 5.0}, "timestamp": "2026-04-14T14:55:52.800899+05:30"}
{"type": "COMMIT", "txn_id": "13f63284-e83c-487b-b3bc-52b72db00a6f", "timestamp": "2026-04-14T14:55:52.802744+05:30"}
{"type": "BEGIN", "txn_id": "514d00be-cf36-4841-b8ce-97341d63ebdb", "timestamp": "2026-04-14T14:55:52.807415+05:30"}
{"type": "INSERT", "txn_id": "514d00be-cf36-4841-b8ce-97341d63ebdb", "table": "products", "key": "TX_500_188", "before": null, "after": {"product_id": "TX_500_188", "name": "TX188", "stock": 10, "price": 5.0}, "timestamp": "2026-04-14T14:55:52.809374+05:30"}
{"type": "COMMIT", "txn_id": "514d00be-cf36-4841-b8ce-97341d63ebdb", "timestamp": "2026-04-14T14:55:52.810704+05:30"}
{"type": "BEGIN", "txn_id": "c0952485-6b6d-4407-ac13-6c631030436b", "timestamp": "2026-04-14T14:55:52.817379+05:30"}
{"type": "INSERT", "txn_id": "c0952485-6b6d-4407-ac13-6c631030436b", "table": "products", "key": "TX_500_189", "before": null, "after": {"product_id": "TX_500_189", "name": "TX189", "stock": 10, "price": 5.0}, "timestamp": "2026-04-14T14:55:52.819503+05:30"}
{"type": "COMMIT", "txn_id": "c0952485-6b6d-4407-ac13-6c631030436b", "timestamp": "2026-04-14T14:55:52.820521+05:30"}
{"type": "BEGIN", "txn_id": "6d98397d-9ee1-448d-bbd0-e3fc665a77df", "timestamp": "2026-04-14T14:55:52.825192+05:30"}
{"type": "INSERT", "txn_id": "6d98397d-9ee1-448d-bbd0-e3fc665a77df", "table": "products", "key": "TX_500_190", "before": null, "after": {"product_id": "TX_500_190", "name": "TX190", "stock": 10, "price": 5.0}, "timestamp": "2026-04-14T14:55:52.827644+05:30"}
{"type": "COMMIT", "txn_id": "6d98397d-9ee1-448d-bbd0-e3fc665a77df", "timestamp": "2026-04-14T14:55:52.829446+05:30"}
{"type": "BEGIN", "txn_id": "3422c284-12f2-428c-afed-434bb20c1a60", "timestamp": "2026-04-14T14:55:52.834288+05:30"}
{"type": "INSERT", "txn_id": "3422c284-12f2-428c-afed-434bb20c1a60", "table": "products", "key": "TX_500_191", "before": null, "after": {"product_id": "TX_500_191", "name": "TX191", "stock": 10, "price": 5.0}, "timestamp": "2026-04-14T14:55:52.836267+05:30"}
{"type": "COMMIT", "txn_id": "3422c284-12f2-428c-afed-434bb20c1a60", "timestamp": "2026-04-14T14:55:52.837348+05:30"}
{"type": "BEGIN", "txn_id": "e8e4abef-f272-416d-acca-b74de426ce7e", "timestamp": "2026-04-14T14:55:52.842068+05:30"}
{"type": "INSERT", "txn_id": "e8e4abef-f272-416d-acca-b74de426ce7e", "table": "products", "key": "TX_500_192", "before": null, "after": {"product_id": "TX_500_192", "name": "TX192", "stock": 10, "price": 5.0}, "timestamp": "2026-04-14T14:55:52.845426+05:30"}
{"type": "COMMIT", "txn_id": "e8e4abef-f272-416d-acca-b74de426ce7e", "timestamp": "2026-04-14T14:55:52.846473+05:30"}
{"type": "BEGIN", "txn_id": "df417bac-a625-486f-b02c-f77f10f91f23", "timestamp": "2026-04-14T14:55:52.850951+05:30"}
{"type": "INSERT", "txn_id": "df417bac-a625-486f-b02c-f77f10f91f23", "table": "products", "key": "TX_500_193", "before": null, "after": {"product_id": "TX_500_193", "name": "TX193", "stock": 10, "price": 5.0}, "timestamp": "2026-04-14T14:55:52.852875+05:30"}
{"type": "COMMIT", "txn_id": "df417bac-a625-486f-b02c-f77f10f91f23", "timestamp": "2026-04-14T14:55:52.853953+05:30"}
{"type": "BEGIN", "txn_id": "2e6fb51f-b8ef-4573-9ed5-13b216f77d42", "timestamp": "2026-04-14T14:55:52.858683+05:30"}
{"type": "INSERT", "txn_id": "2e6fb51f-b8ef-4573-9ed5-13b216f77d42", "table": "products", "key": "TX_500_194", "before": null, "after": {"product_id": "TX_500_194", "name": "TX194", "stock": 10, "price": 5.0}, "timestamp": "2026-04-14T14:55:52.861086+05:30"}
{"type": "COMMIT", "txn_id": "2e6fb51f-b8ef-4573-9ed5-13b216f77d42", "timestamp": "2026-04-14T14:55:52.862393+05:30"}
{"type": "BEGIN", "txn_id": "99dd80c3-dc48-4d75-af3f-46dacce7dea0", "timestamp": "2026-04-14T14:55:52.867139+05:30"}
{"type": "INSERT", "txn_id": "99dd80c3-dc48-4d75-af3f-46dacce7dea0", "table": "products", "key": "TX_500_195", "before": null, "after": {"product_id": "TX_500_195", "name": "TX195", "stock": 10, "price": 5.0}, "timestamp": "2026-04-14T14:55:52.869194+05:30"}
{"type": "COMMIT", "txn_id": "99dd80c3-dc48-4d75-af3f-46dacce7dea0", "timestamp": "2026-04-14T14:55:52.870271+05:30"}
{"type": "BEGIN", "txn_id": "a11bdca5-7264-474f-8b2b-f76eb6da1009", "timestamp": "2026-04-14T14:55:52.875366+05:30"}
{"type": "INSERT", "txn_id": "a11bdca5-7264-474f-8b2b-f76eb6da1009", "table": "products", "key": "TX_500_196", "before": null, "after": {"product_id": "TX_500_196", "name": "TX196", "stock": 10, "price": 5.0}, "timestamp": "2026-04-14T14:55:52.878261+05:30"}
{"type": "COMMIT", "txn_id": "a11bdca5-7264-474f-8b2b-f76eb6da1009", "timestamp": "2026-04-14T14:55:52.879639+05:30"}
{"type": "BEGIN", "txn_id": "3893ec41-f2c5-4763-a6f4-24d679bc097a", "timestamp": "2026-04-14T14:55:52.884766+05:30"}
{"type": "INSERT", "txn_id": "3893ec41-f2c5-4763-a6f4-24d679bc097a", "table": "products", "key": "TX_500_197", "before": null, "after": {"product_id": "TX_500_197", "name": "TX197", "stock": 10, "price": 5.0}, "timestamp": "2026-04-14T14:55:52.886966+05:30"}
{"type": "COMMIT", "txn_id": "3893ec41-f2c5-4763-a6f4-24d679bc097a", "timestamp": "2026-04-14T14:55:52.888019+05:30"}
{"type": "BEGIN", "txn_id": "24d6fa1c-3afb-4e83-abeb-fcb718441915", "timestamp": "2026-04-14T14:55:52.893544+05:30"}
{"type": "INSERT", "txn_id": "24d6fa1c-3afb-4e83-abeb-fcb718441915", "table": "products", "key": "TX_500_198", "before": null, "after": {"product_id": "TX_500_198", "name": "TX198", "stock": 10, "price": 5.0}, "timestamp": "2026-04-14T14:55:52.897292+05:30"}
{"type": "COMMIT", "txn_id": "24d6fa1c-3afb-4e83-abeb-fcb718441915", "timestamp": "2026-04-14T14:55:52.898393+05:30"}
{"type": "BEGIN", "txn_id": "aadf1f43-0782-4f1d-b960-b3721c9c2f45", "timestamp": "2026-04-14T14:55:52.903208+05:30"}
{"type": "INSERT", "txn_id": "aadf1f43-0782-4f1d-b960-b3721c9c2f45", "table": "products", "key": "TX_500_199", "before": null, "after": {"product_id": "TX_500_199", "name": "TX199", "stock": 10, "price": 5.0}, "timestamp": "2026-04-14T14:55:52.904972+05:30"}
{"type": "COMMIT", "txn_id": "aadf1f43-0782-4f1d-b960-b3721c9c2f45", "timestamp": "2026-04-14T14:55:52.905957+05:30"}
{"type": "BEGIN", "txn_id": "f9b88517-fa26-469f-9c3f-ca006e2607d2", "timestamp": "2026-04-14T14:55:52.911888+05:30"}
{"type": "INSERT", "txn_id": "f9b88517-fa26-469f-9c3f-ca006e2607d2", "table": "products", "key": "TX_500_200", "before": null, "after": {"product_id": "TX_500_200", "name": "TX200", "stock": 10, "price": 5.0}, "timestamp": "2026-04-14T14:55:52.913883+05:30"}
{"type": "COMMIT", "txn_id": "f9b88517-fa26-469f-9c3f-ca006e2607d2", "timestamp": "2026-04-14T14:55:52.915070+05:30"}
{"type": "BEGIN", "txn_id": "28596ac9-5a6f-4346-8716-af864d1f811b", "timestamp": "2026-04-14T14:55:52.919905+05:30"}
{"type": "INSERT", "txn_id": "28596ac9-5a6f-4346-8716-af864d1f811b", "table": "products", "key": "TX_500_201", "before": null, "after": {"product_id": "TX_500_201", "name": "TX201", "stock": 10, "price": 5.0}, "timestamp": "2026-04-14T14:55:52.922533+05:30"}
{"type": "COMMIT", "txn_id": "28596ac9-5a6f-4346-8716-af864d1f811b", "timestamp": "2026-04-14T14:55:52.932293+05:30"}
{"type": "BEGIN", "txn_id": "b10a5fad-e102-4fe7-934a-f5b53aafafff", "timestamp": "2026-04-14T14:55:52.938109+05:30"}
{"type": "INSERT", "txn_id": "b10a5fad-e102-4fe7-934a-f5b53aafafff", "table": "products", "key": "TX_500_202", "before": null, "after": {"product_id": "TX_500_202", "name": "TX202", "stock": 10, "price": 5.0}, "timestamp": "2026-04-14T14:55:52.940027+05:30"}
{"type": "COMMIT", "txn_id": "b10a5fad-e102-4fe7-934a-f5b53aafafff", "timestamp": "2026-04-14T14:55:52.941006+05:30"}
{"type": "BEGIN", "txn_id": "03288adf-dd72-4fc3-8b23-0e148aa4d5e6", "timestamp": "2026-04-14T14:55:52.947944+05:30"}
{"type": "INSERT", "txn_id": "03288adf-dd72-4fc3-8b23-0e148aa4d5e6", "table": "products", "key": "TX_500_203", "before": null, "after": {"product_id": "TX_500_203", "name": "TX203", "stock": 10, "price": 5.0}, "timestamp": "2026-04-14T14:55:52.949962+05:30"}
{"type": "COMMIT", "txn_id": "03288adf-dd72-4fc3-8b23-0e148aa4d5e6", "timestamp": "2026-04-14T14:55:52.951227+05:30"}
{"type": "BEGIN", "txn_id": "59621c49-1c3a-4e68-9cea-1cde93d4a730", "timestamp": "2026-04-14T14:55:52.956043+05:30"}
{"type": "INSERT", "txn_id": "59621c49-1c3a-4e68-9cea-1cde93d4a730", "table": "products", "key": "TX_500_204", "before": null, "after": {"product_id": "TX_500_204", "name": "TX204", "stock": 10, "price": 5.0}, "timestamp": "2026-04-14T14:55:52.957945+05:30"}
{"type": "COMMIT", "txn_id": "59621c49-1c3a-4e68-9cea-1cde93d4a730", "timestamp": "2026-04-14T14:55:52.959573+05:30"}
{"type": "BEGIN", "txn_id": "201ec720-d5ea-4da9-9e3d-e7c1e405b469", "timestamp": "2026-04-14T14:55:52.965553+05:30"}
{"type": "INSERT", "txn_id": "201ec720-d5ea-4da9-9e3d-e7c1e405b469", "table": "products", "key": "TX_500_205", "before": null, "after": {"product_id": "TX_500_205", "name": "TX205", "stock": 10, "price": 5.0}, "timestamp": "2026-04-14T14:55:52.967589+05:30"}
{"type": "COMMIT", "txn_id": "201ec720-d5ea-4da9-9e3d-e7c1e405b469", "timestamp": "2026-04-14T14:55:52.968593+05:30"}
{"type": "BEGIN", "txn_id": "e33fc987-077f-404b-9f7e-c6bca35b6245", "timestamp": "2026-04-14T14:55:52.973169+05:30"}
{"type": "INSERT", "txn_id": "e33fc987-077f-404b-9f7e-c6bca35b6245", "table": "products", "key": "TX_500_206", "before": null, "after": {"product_id": "TX_500_206", "name": "TX206", "stock": 10, "price": 5.0}, "timestamp": "2026-04-14T14:55:52.975152+05:30"}
{"type": "COMMIT", "txn_id": "e33fc987-077f-404b-9f7e-c6bca35b6245", "timestamp": "2026-04-14T14:55:52.976669+05:30"}
{"type": "BEGIN", "txn_id": "135eef3e-6cc2-4bac-a284-ea5ff2e7cabc", "timestamp": "2026-04-14T14:55:52.982411+05:30"}
{"type": "INSERT", "txn_id": "135eef3e-6cc2-4bac-a284-ea5ff2e7cabc", "table": "products", "key": "TX_500_207", "before": null, "after": {"product_id": "TX_500_207", "name": "TX207", "stock": 10, "price": 5.0}, "timestamp": "2026-04-14T14:55:52.984294+05:30"}
{"type": "COMMIT", "txn_id": "135eef3e-6cc2-4bac-a284-ea5ff2e7cabc", "timestamp": "2026-04-14T14:55:52.985308+05:30"}
{"type": "BEGIN", "txn_id": "00bc81e6-7c66-42b8-8775-0f1deac07888", "timestamp": "2026-04-14T14:55:52.991045+05:30"}
{"type": "INSERT", "txn_id": "00bc81e6-7c66-42b8-8775-0f1deac07888", "table": "products", "key": "TX_500_208", "before": null, "after": {"product_id": "TX_500_208", "name": "TX208", "stock": 10, "price": 5.0}, "timestamp": "2026-04-14T14:55:52.995098+05:30"}
{"type": "COMMIT", "txn_id": "00bc81e6-7c66-42b8-8775-0f1deac07888", "timestamp": "2026-04-14T14:55:52.997943+05:30"}
{"type": "BEGIN", "txn_id": "aa0dc29f-720c-480d-b92f-8be774f23b51", "timestamp": "2026-04-14T14:55:53.002721+05:30"}
{"type": "INSERT", "txn_id": "aa0dc29f-720c-480d-b92f-8be774f23b51", "table": "products", "key": "TX_500_209", "before": null, "after": {"product_id": "TX_500_209", "name": "TX209", "stock": 10, "price": 5.0}, "timestamp": "2026-04-14T14:55:53.004918+05:30"}
{"type": "COMMIT", "txn_id": "aa0dc29f-720c-480d-b92f-8be774f23b51", "timestamp": "2026-04-14T14:55:53.006263+05:30"}
{"type": "BEGIN", "txn_id": "632e2ae5-4a87-49d0-bfac-ea519802bfae", "timestamp": "2026-04-14T14:55:53.012991+05:30"}
{"type": "INSERT", "txn_id": "632e2ae5-4a87-49d0-bfac-ea519802bfae", "table": "products", "key": "TX_500_210", "before": null, "after": {"product_id": "TX_500_210", "name": "TX210", "stock": 10, "price": 5.0}, "timestamp": "2026-04-14T14:55:53.015155+05:30"}
{"type": "COMMIT", "txn_id": "632e2ae5-4a87-49d0-bfac-ea519802bfae", "timestamp": "2026-04-14T14:55:53.016476+05:30"}
{"type": "BEGIN", "txn_id": "b587dd29-57dd-41ed-91db-8b3d015f4b1e", "timestamp": "2026-04-14T14:55:53.021714+05:30"}
{"type": "INSERT", "txn_id": "b587dd29-57dd-41ed-91db-8b3d015f4b1e", "table": "products", "key": "TX_500_211", "before": null, "after": {"product_id": "TX_500_211", "name": "TX211", "stock": 10, "price": 5.0}, "timestamp": "2026-04-14T14:55:53.023652+05:30"}
{"type": "COMMIT", "txn_id": "b587dd29-57dd-41ed-91db-8b3d015f4b1e", "timestamp": "2026-04-14T14:55:53.025001+05:30"}
{"type": "BEGIN", "txn_id": "79dcb808-0730-486d-80e3-caf7eff9a341", "timestamp": "2026-04-14T14:55:53.031530+05:30"}
{"type": "INSERT", "txn_id": "79dcb808-0730-486d-80e3-caf7eff9a341", "table": "products", "key": "TX_500_212", "before": null, "after": {"product_id": "TX_500_212", "name": "TX212", "stock": 10, "price": 5.0}, "timestamp": "2026-04-14T14:55:53.033939+05:30"}
{"type": "COMMIT", "txn_id": "79dcb808-0730-486d-80e3-caf7eff9a341", "timestamp": "2026-04-14T14:55:53.035705+05:30"}
{"type": "BEGIN", "txn_id": "73298179-48d5-45dc-85a0-96aa1e63040c", "timestamp": "2026-04-14T14:55:53.042091+05:30"}
{"type": "INSERT", "txn_id": "73298179-48d5-45dc-85a0-96aa1e63040c", "table": "products", "key": "TX_500_213", "before": null, "after": {"product_id": "TX_500_213", "name": "TX213", "stock": 10, "price": 5.0}, "timestamp": "2026-04-14T14:55:53.045690+05:30"}
{"type": "COMMIT", "txn_id": "73298179-48d5-45dc-85a0-96aa1e63040c", "timestamp": "2026-04-14T14:55:53.047371+05:30"}
{"type": "BEGIN", "txn_id": "e8b21dbc-f364-449a-bc65-a3f2a70fc33c", "timestamp": "2026-04-14T14:55:53.052590+05:30"}
{"type": "INSERT", "txn_id": "e8b21dbc-f364-449a-bc65-a3f2a70fc33c", "table": "products", "key": "TX_500_214", "before": null, "after": {"product_id": "TX_500_214", "name": "TX214", "stock": 10, "price": 5.0}, "timestamp": "2026-04-14T14:55:53.054586+05:30"}
{"type": "COMMIT", "txn_id": "e8b21dbc-f364-449a-bc65-a3f2a70fc33c", "timestamp": "2026-04-14T14:55:53.055610+05:30"}
{"type": "BEGIN", "txn_id": "93451e79-c6e0-4a2e-bbd8-ed38e6305cfd", "timestamp": "2026-04-14T14:55:53.061526+05:30"}
{"type": "INSERT", "txn_id": "93451e79-c6e0-4a2e-bbd8-ed38e6305cfd", "table": "products", "key": "TX_500_215", "before": null, "after": {"product_id": "TX_500_215", "name": "TX215", "stock": 10, "price": 5.0}, "timestamp": "2026-04-14T14:55:53.064134+05:30"}
{"type": "COMMIT", "txn_id": "93451e79-c6e0-4a2e-bbd8-ed38e6305cfd", "timestamp": "2026-04-14T14:55:53.065296+05:30"}
{"type": "BEGIN", "txn_id": "708baec9-1859-48ce-a8fc-dc88865b1484", "timestamp": "2026-04-14T14:55:53.070213+05:30"}
{"type": "INSERT", "txn_id": "708baec9-1859-48ce-a8fc-dc88865b1484", "table": "products", "key": "TX_500_216", "before": null, "after": {"product_id": "TX_500_216", "name": "TX216", "stock": 10, "price": 5.0}, "timestamp": "2026-04-14T14:55:53.071952+05:30"}
{"type": "COMMIT", "txn_id": "708baec9-1859-48ce-a8fc-dc88865b1484", "timestamp": "2026-04-14T14:55:53.073020+05:30"}
{"type": "BEGIN", "txn_id": "2f193850-28e6-4fbc-8e34-35073468fbcd", "timestamp": "2026-04-14T14:55:53.079680+05:30"}
{"type": "INSERT", "txn_id": "2f193850-28e6-4fbc-8e34-35073468fbcd", "table": "products", "key": "TX_500_217", "before": null, "after": {"product_id": "TX_500_217", "name": "TX217", "stock": 10, "price": 5.0}, "timestamp": "2026-04-14T14:55:53.081987+05:30"}
{"type": "COMMIT", "txn_id": "2f193850-28e6-4fbc-8e34-35073468fbcd", "timestamp": "2026-04-14T14:55:53.082972+05:30"}
{"type": "BEGIN", "txn_id": "27e96840-cf4d-407a-8071-9f8d1f08db22", "timestamp": "2026-04-14T14:55:53.087452+05:30"}
{"type": "INSERT", "txn_id": "27e96840-cf4d-407a-8071-9f8d1f08db22", "table": "products", "key": "TX_500_218", "before": null, "after": {"product_id": "TX_500_218", "name": "TX218", "stock": 10, "price": 5.0}, "timestamp": "2026-04-14T14:55:53.089397+05:30"}
{"type": "COMMIT", "txn_id": "27e96840-cf4d-407a-8071-9f8d1f08db22", "timestamp": "2026-04-14T14:55:53.090434+05:30"}
{"type": "BEGIN", "txn_id": "1b4bf92e-7d48-4d39-bbf6-af572dcc4061", "timestamp": "2026-04-14T14:55:53.096780+05:30"}
{"type": "INSERT", "txn_id": "1b4bf92e-7d48-4d39-bbf6-af572dcc4061", "table": "products", "key": "TX_500_219", "before": null, "after": {"product_id": "TX_500_219", "name": "TX219", "stock": 10, "price": 5.0}, "timestamp": "2026-04-14T14:55:53.099036+05:30"}
{"type": "COMMIT", "txn_id": "1b4bf92e-7d48-4d39-bbf6-af572dcc4061", "timestamp": "2026-04-14T14:55:53.100588+05:30"}
{"type": "BEGIN", "txn_id": "281ea621-e117-45c5-813d-de431ca1c605", "timestamp": "2026-04-14T14:55:53.106532+05:30"}
{"type": "INSERT", "txn_id": "281ea621-e117-45c5-813d-de431ca1c605", "table": "products", "key": "TX_500_220", "before": null, "after": {"product_id": "TX_500_220", "name": "TX220", "stock": 10, "price": 5.0}, "timestamp": "2026-04-14T14:55:53.109272+05:30"}
{"type": "COMMIT", "txn_id": "281ea621-e117-45c5-813d-de431ca1c605", "timestamp": "2026-04-14T14:55:53.112147+05:30"}
{"type": "BEGIN", "txn_id": "eeba58ed-4056-41ef-bdb4-8acdf1e7b413", "timestamp": "2026-04-14T14:55:53.117149+05:30"}
{"type": "INSERT", "txn_id": "eeba58ed-4056-41ef-bdb4-8acdf1e7b413", "table": "products", "key": "TX_500_221", "before": null, "after": {"product_id": "TX_500_221", "name": "TX221", "stock": 10, "price": 5.0}, "timestamp": "2026-04-14T14:55:53.118986+05:30"}
{"type": "COMMIT", "txn_id": "eeba58ed-4056-41ef-bdb4-8acdf1e7b413", "timestamp": "2026-04-14T14:55:53.119941+05:30"}
{"type": "BEGIN", "txn_id": "87e2d681-27c5-4c07-a0d2-86e60e1132c0", "timestamp": "2026-04-14T14:55:53.124822+05:30"}
{"type": "INSERT", "txn_id": "87e2d681-27c5-4c07-a0d2-86e60e1132c0", "table": "products", "key": "TX_500_222", "before": null, "after": {"product_id": "TX_500_222", "name": "TX222", "stock": 10, "price": 5.0}, "timestamp": "2026-04-14T14:55:53.127817+05:30"}
{"type": "COMMIT", "txn_id": "87e2d681-27c5-4c07-a0d2-86e60e1132c0", "timestamp": "2026-04-14T14:55:53.129011+05:30"}
{"type": "BEGIN", "txn_id": "7f301ce1-a85a-436a-acd2-2654829ec08f", "timestamp": "2026-04-14T14:55:53.133972+05:30"}
{"type": "INSERT", "txn_id": "7f301ce1-a85a-436a-acd2-2654829ec08f", "table": "products", "key": "TX_500_223", "before": null, "after": {"product_id": "TX_500_223", "name": "TX223", "stock": 10, "price": 5.0}, "timestamp": "2026-04-14T14:55:53.135836+05:30"}
{"type": "COMMIT", "txn_id": "7f301ce1-a85a-436a-acd2-2654829ec08f", "timestamp": "2026-04-14T14:55:53.136960+05:30"}
{"type": "BEGIN", "txn_id": "e76a4382-b461-49a0-bf4e-ce1fe792f6b7", "timestamp": "2026-04-14T14:55:53.143085+05:30"}
{"type": "INSERT", "txn_id": "e76a4382-b461-49a0-bf4e-ce1fe792f6b7", "table": "products", "key": "TX_500_224", "before": null, "after": {"product_id": "TX_500_224", "name": "TX224", "stock": 10, "price": 5.0}, "timestamp": "2026-04-14T14:55:53.145979+05:30"}
{"type": "COMMIT", "txn_id": "e76a4382-b461-49a0-bf4e-ce1fe792f6b7", "timestamp": "2026-04-14T14:55:53.147235+05:30"}
{"type": "BEGIN", "txn_id": "f3b35d93-a1fd-44d6-95c9-64484fa6b485", "timestamp": "2026-04-14T14:55:53.151871+05:30"}
{"type": "INSERT", "txn_id": "f3b35d93-a1fd-44d6-95c9-64484fa6b485", "table": "products", "key": "TX_500_225", "before": null, "after": {"product_id": "TX_500_225", "name": "TX225", "stock": 10, "price": 5.0}, "timestamp": "2026-04-14T14:55:53.153984+05:30"}
{"type": "COMMIT", "txn_id": "f3b35d93-a1fd-44d6-95c9-64484fa6b485", "timestamp": "2026-04-14T14:55:53.155149+05:30"}
{"type": "BEGIN", "txn_id": "71f697ff-3348-4763-8dbc-93a47e10ed2b", "timestamp": "2026-04-14T14:55:53.161701+05:30"}
{"type": "INSERT", "txn_id": "71f697ff-3348-4763-8dbc-93a47e10ed2b", "table": "products", "key": "TX_500_226", "before": null, "after": {"product_id": "TX_500_226", "name": "TX226", "stock": 10, "price": 5.0}, "timestamp": "2026-04-14T14:55:53.163581+05:30"}
{"type": "COMMIT", "txn_id": "71f697ff-3348-4763-8dbc-93a47e10ed2b", "timestamp": "2026-04-14T14:55:53.164651+05:30"}
{"type": "BEGIN", "txn_id": "6edf1867-dc8b-4740-9b44-89d07abbf459", "timestamp": "2026-04-14T14:55:53.169534+05:30"}
{"type": "INSERT", "txn_id": "6edf1867-dc8b-4740-9b44-89d07abbf459", "table": "products", "key": "TX_500_227", "before": null, "after": {"product_id": "TX_500_227", "name": "TX227", "stock": 10, "price": 5.0}, "timestamp": "2026-04-14T14:55:53.171328+05:30"}
{"type": "COMMIT", "txn_id": "6edf1867-dc8b-4740-9b44-89d07abbf459", "timestamp": "2026-04-14T14:55:53.172318+05:30"}
{"type": "BEGIN", "txn_id": "f68e45d9-9f48-4927-8225-928a6d7a2fdb", "timestamp": "2026-04-14T14:55:53.177563+05:30"}
{"type": "INSERT", "txn_id": "f68e45d9-9f48-4927-8225-928a6d7a2fdb", "table": "products", "key": "TX_500_228", "before": null, "after": {"product_id": "TX_500_228", "name": "TX228", "stock": 10, "price": 5.0}, "timestamp": "2026-04-14T14:55:53.179650+05:30"}
{"type": "COMMIT", "txn_id": "f68e45d9-9f48-4927-8225-928a6d7a2fdb", "timestamp": "2026-04-14T14:55:53.180748+05:30"}
{"type": "BEGIN", "txn_id": "0a0f67b7-b2d1-4736-8c4d-9b6ffc628f70", "timestamp": "2026-04-14T14:55:53.185401+05:30"}
{"type": "INSERT", "txn_id": "0a0f67b7-b2d1-4736-8c4d-9b6ffc628f70", "table": "products", "key": "TX_500_229", "before": null, "after": {"product_id": "TX_500_229", "name": "TX229", "stock": 10, "price": 5.0}, "timestamp": "2026-04-14T14:55:53.187418+05:30"}
{"type": "COMMIT", "txn_id": "0a0f67b7-b2d1-4736-8c4d-9b6ffc628f70", "timestamp": "2026-04-14T14:55:53.188576+05:30"}
{"type": "BEGIN", "txn_id": "df0f017d-5cc0-4c2b-8916-e052ba432ddc", "timestamp": "2026-04-14T14:55:53.193975+05:30"}
{"type": "INSERT", "txn_id": "df0f017d-5cc0-4c2b-8916-e052ba432ddc", "table": "products", "key": "TX_500_230", "before": null, "after": {"product_id": "TX_500_230", "name": "TX230", "stock": 10, "price": 5.0}, "timestamp": "2026-04-14T14:55:53.196646+05:30"}
{"type": "COMMIT", "txn_id": "df0f017d-5cc0-4c2b-8916-e052ba432ddc", "timestamp": "2026-04-14T14:55:53.197722+05:30"}
{"type": "BEGIN", "txn_id": "11a036f7-f45f-4dec-a024-9ec61092f13d", "timestamp": "2026-04-14T14:55:53.202389+05:30"}
{"type": "INSERT", "txn_id": "11a036f7-f45f-4dec-a024-9ec61092f13d", "table": "products", "key": "TX_500_231", "before": null, "after": {"product_id": "TX_500_231", "name": "TX231", "stock": 10, "price": 5.0}, "timestamp": "2026-04-14T14:55:53.205258+05:30"}
{"type": "COMMIT", "txn_id": "11a036f7-f45f-4dec-a024-9ec61092f13d", "timestamp": "2026-04-14T14:55:53.206678+05:30"}
{"type": "BEGIN", "txn_id": "dba67411-adbd-4e8c-b079-4221d94e1143", "timestamp": "2026-04-14T14:55:53.212345+05:30"}
{"type": "INSERT", "txn_id": "dba67411-adbd-4e8c-b079-4221d94e1143", "table": "products", "key": "TX_500_232", "before": null, "after": {"product_id": "TX_500_232", "name": "TX232", "stock": 10, "price": 5.0}, "timestamp": "2026-04-14T14:55:53.214315+05:30"}
{"type": "COMMIT", "txn_id": "dba67411-adbd-4e8c-b079-4221d94e1143", "timestamp": "2026-04-14T14:55:53.215374+05:30"}
{"type": "BEGIN", "txn_id": "96cc9b8d-71c4-406c-bf24-8a8aa5df5132", "timestamp": "2026-04-14T14:55:53.220396+05:30"}
{"type": "INSERT", "txn_id": "96cc9b8d-71c4-406c-bf24-8a8aa5df5132", "table": "products", "key": "TX_500_233", "before": null, "after": {"product_id": "TX_500_233", "name": "TX233", "stock": 10, "price": 5.0}, "timestamp": "2026-04-14T14:55:53.222692+05:30"}
{"type": "COMMIT", "txn_id": "96cc9b8d-71c4-406c-bf24-8a8aa5df5132", "timestamp": "2026-04-14T14:55:53.223852+05:30"}
{"type": "BEGIN", "txn_id": "c2a34f45-1432-497a-8f09-40aca798630a", "timestamp": "2026-04-14T14:55:53.229073+05:30"}
{"type": "INSERT", "txn_id": "c2a34f45-1432-497a-8f09-40aca798630a", "table": "products", "key": "TX_500_234", "before": null, "after": {"product_id": "TX_500_234", "name": "TX234", "stock": 10, "price": 5.0}, "timestamp": "2026-04-14T14:55:53.230732+05:30"}
{"type": "COMMIT", "txn_id": "c2a34f45-1432-497a-8f09-40aca798630a", "timestamp": "2026-04-14T14:55:53.231675+05:30"}
{"type": "BEGIN", "txn_id": "2ee04eb3-4a3b-42d4-9516-9b941c5c59e2", "timestamp": "2026-04-14T14:55:53.236090+05:30"}
{"type": "INSERT", "txn_id": "2ee04eb3-4a3b-42d4-9516-9b941c5c59e2", "table": "products", "key": "TX_500_235", "before": null, "after": {"product_id": "TX_500_235", "name": "TX235", "stock": 10, "price": 5.0}, "timestamp": "2026-04-14T14:55:53.237941+05:30"}
{"type": "COMMIT", "txn_id": "2ee04eb3-4a3b-42d4-9516-9b941c5c59e2", "timestamp": "2026-04-14T14:55:53.238967+05:30"}
{"type": "BEGIN", "txn_id": "baefb36e-b807-479f-87f6-d88bd8546af6", "timestamp": "2026-04-14T14:55:53.243926+05:30"}
{"type": "INSERT", "txn_id": "baefb36e-b807-479f-87f6-d88bd8546af6", "table": "products", "key": "TX_500_236", "before": null, "after": {"product_id": "TX_500_236", "name": "TX236", "stock": 10, "price": 5.0}, "timestamp": "2026-04-14T14:55:53.246174+05:30"}
{"type": "COMMIT", "txn_id": "baefb36e-b807-479f-87f6-d88bd8546af6", "timestamp": "2026-04-14T14:55:53.247367+05:30"}
{"type": "BEGIN", "txn_id": "b35b64e2-8501-492a-a87c-f165cf666bff", "timestamp": "2026-04-14T14:55:53.251937+05:30"}
{"type": "INSERT", "txn_id": "b35b64e2-8501-492a-a87c-f165cf666bff", "table": "products", "key": "TX_500_237", "before": null, "after": {"product_id": "TX_500_237", "name": "TX237", "stock": 10, "price": 5.0}, "timestamp": "2026-04-14T14:55:53.253690+05:30"}
{"type": "COMMIT", "txn_id": "b35b64e2-8501-492a-a87c-f165cf666bff", "timestamp": "2026-04-14T14:55:53.254628+05:30"}
{"type": "BEGIN", "txn_id": "1c76a6ce-9b2c-448c-8d5f-53e419a75718", "timestamp": "2026-04-14T14:55:53.259508+05:30"}
{"type": "INSERT", "txn_id": "1c76a6ce-9b2c-448c-8d5f-53e419a75718", "table": "products", "key": "TX_500_238", "before": null, "after": {"product_id": "TX_500_238", "name": "TX238", "stock": 10, "price": 5.0}, "timestamp": "2026-04-14T14:55:53.262721+05:30"}
{"type": "COMMIT", "txn_id": "1c76a6ce-9b2c-448c-8d5f-53e419a75718", "timestamp": "2026-04-14T14:55:53.263907+05:30"}
{"type": "BEGIN", "txn_id": "199442e4-c892-46a3-9527-3812e15e969c", "timestamp": "2026-04-14T14:55:53.268447+05:30"}
{"type": "INSERT", "txn_id": "199442e4-c892-46a3-9527-3812e15e969c", "table": "products", "key": "TX_500_239", "before": null, "after": {"product_id": "TX_500_239", "name": "TX239", "stock": 10, "price": 5.0}, "timestamp": "2026-04-14T14:55:53.270223+05:30"}
{"type": "COMMIT", "txn_id": "199442e4-c892-46a3-9527-3812e15e969c", "timestamp": "2026-04-14T14:55:53.271298+05:30"}
{"type": "BEGIN", "txn_id": "5693be85-fe08-41b2-aa59-23800fb62bc9", "timestamp": "2026-04-14T14:55:53.275811+05:30"}
{"type": "INSERT", "txn_id": "5693be85-fe08-41b2-aa59-23800fb62bc9", "table": "products", "key": "TX_500_240", "before": null, "after": {"product_id": "TX_500_240", "name": "TX240", "stock": 10, "price": 5.0}, "timestamp": "2026-04-14T14:55:53.278469+05:30"}
{"type": "COMMIT", "txn_id": "5693be85-fe08-41b2-aa59-23800fb62bc9", "timestamp": "2026-04-14T14:55:53.279730+05:30"}
{"type": "BEGIN", "txn_id": "77d262ee-8efe-43b4-9849-e25c982287c5", "timestamp": "2026-04-14T14:55:53.284355+05:30"}
{"type": "INSERT", "txn_id": "77d262ee-8efe-43b4-9849-e25c982287c5", "table": "products", "key": "TX_500_241", "before": null, "after": {"product_id": "TX_500_241", "name": "TX241", "stock": 10, "price": 5.0}, "timestamp": "2026-04-14T14:55:53.286294+05:30"}
{"type": "COMMIT", "txn_id": "77d262ee-8efe-43b4-9849-e25c982287c5", "timestamp": "2026-04-14T14:55:53.287240+05:30"}
{"type": "BEGIN", "txn_id": "3d6c0dcb-0f06-407a-b22b-bd4802e2935f", "timestamp": "2026-04-14T14:55:53.291890+05:30"}
{"type": "INSERT", "txn_id": "3d6c0dcb-0f06-407a-b22b-bd4802e2935f", "table": "products", "key": "TX_500_242", "before": null, "after": {"product_id": "TX_500_242", "name": "TX242", "stock": 10, "price": 5.0}, "timestamp": "2026-04-14T14:55:53.294421+05:30"}
{"type": "COMMIT", "txn_id": "3d6c0dcb-0f06-407a-b22b-bd4802e2935f", "timestamp": "2026-04-14T14:55:53.295550+05:30"}
{"type": "BEGIN", "txn_id": "37cfda22-28fe-4708-a539-05d969fbeb79", "timestamp": "2026-04-14T14:55:53.300107+05:30"}
{"type": "INSERT", "txn_id": "37cfda22-28fe-4708-a539-05d969fbeb79", "table": "products", "key": "TX_500_243", "before": null, "after": {"product_id": "TX_500_243", "name": "TX243", "stock": 10, "price": 5.0}, "timestamp": "2026-04-14T14:55:53.302026+05:30"}
{"type": "COMMIT", "txn_id": "37cfda22-28fe-4708-a539-05d969fbeb79", "timestamp": "2026-04-14T14:55:53.303030+05:30"}
{"type": "BEGIN", "txn_id": "5f7c0bc7-e474-4cdf-a71e-3294de17ebd0", "timestamp": "2026-04-14T14:55:53.307811+05:30"}
{"type": "INSERT", "txn_id": "5f7c0bc7-e474-4cdf-a71e-3294de17ebd0", "table": "products", "key": "TX_500_244", "before": null, "after": {"product_id": "TX_500_244", "name": "TX244", "stock": 10, "price": 5.0}, "timestamp": "2026-04-14T14:55:53.310318+05:30"}
{"type": "COMMIT", "txn_id": "5f7c0bc7-e474-4cdf-a71e-3294de17ebd0", "timestamp": "2026-04-14T14:55:53.311429+05:30"}
{"type": "BEGIN", "txn_id": "aa0d97b6-0f84-45e3-88f6-3c0156f28090", "timestamp": "2026-04-14T14:55:53.315905+05:30"}
{"type": "INSERT", "txn_id": "aa0d97b6-0f84-45e3-88f6-3c0156f28090", "table": "products", "key": "TX_500_245", "before": null, "after": {"product_id": "TX_500_245", "name": "TX245", "stock": 10, "price": 5.0}, "timestamp": "2026-04-14T14:55:53.317537+05:30"}
{"type": "COMMIT", "txn_id": "aa0d97b6-0f84-45e3-88f6-3c0156f28090", "timestamp": "2026-04-14T14:55:53.318445+05:30"}
{"type": "BEGIN", "txn_id": "dc075d83-a41f-4a9e-ae54-7cce67293b11", "timestamp": "2026-04-14T14:55:53.322929+05:30"}
{"type": "INSERT", "txn_id": "dc075d83-a41f-4a9e-ae54-7cce67293b11", "table": "products", "key": "TX_500_246", "before": null, "after": {"product_id": "TX_500_246", "name": "TX246", "stock": 10, "price": 5.0}, "timestamp": "2026-04-14T14:55:53.324986+05:30"}
{"type": "COMMIT", "txn_id": "dc075d83-a41f-4a9e-ae54-7cce67293b11", "timestamp": "2026-04-14T14:55:53.326055+05:30"}
{"type": "BEGIN", "txn_id": "440349e0-541a-4236-8c78-6c12652149f7", "timestamp": "2026-04-14T14:55:53.331162+05:30"}
{"type": "INSERT", "txn_id": "440349e0-541a-4236-8c78-6c12652149f7", "table": "products", "key": "TX_500_247", "before": null, "after": {"product_id": "TX_500_247", "name": "TX247", "stock": 10, "price": 5.0}, "timestamp": "2026-04-14T14:55:53.333093+05:30"}
{"type": "COMMIT", "txn_id": "440349e0-541a-4236-8c78-6c12652149f7", "timestamp": "2026-04-14T14:55:53.334058+05:30"}
{"type": "BEGIN", "txn_id": "9d2bef0d-7b4b-4a8b-bb48-8249a16b1518", "timestamp": "2026-04-14T14:55:53.338661+05:30"}
{"type": "INSERT", "txn_id": "9d2bef0d-7b4b-4a8b-bb48-8249a16b1518", "table": "products", "key": "TX_500_248", "before": null, "after": {"product_id": "TX_500_248", "name": "TX248", "stock": 10, "price": 5.0}, "timestamp": "2026-04-14T14:55:53.340509+05:30"}
{"type": "COMMIT", "txn_id": "9d2bef0d-7b4b-4a8b-bb48-8249a16b1518", "timestamp": "2026-04-14T14:55:53.341601+05:30"}
{"type": "BEGIN", "txn_id": "6d5f2fce-5895-43f0-b011-94011a8c388a", "timestamp": "2026-04-14T14:55:53.347034+05:30"}
{"type": "INSERT", "txn_id": "6d5f2fce-5895-43f0-b011-94011a8c388a", "table": "products", "key": "TX_500_249", "before": null, "after": {"product_id": "TX_500_249", "name": "TX249", "stock": 10, "price": 5.0}, "timestamp": "2026-04-14T14:55:53.348770+05:30"}
{"type": "COMMIT", "txn_id": "6d5f2fce-5895-43f0-b011-94011a8c388a", "timestamp": "2026-04-14T14:55:53.349680+05:30"}
{"type": "BEGIN", "txn_id": "b9ae272f-157b-4df8-89a2-594dea24b75c", "timestamp": "2026-04-14T14:55:53.354320+05:30"}
{"type": "INSERT", "txn_id": "b9ae272f-157b-4df8-89a2-594dea24b75c", "table": "products", "key": "TX_500_250", "before": null, "after": {"product_id": "TX_500_250", "name": "TX250", "stock": 10, "price": 5.0}, "timestamp": "2026-04-14T14:55:53.356337+05:30"}
{"type": "COMMIT", "txn_id": "b9ae272f-157b-4df8-89a2-594dea24b75c", "timestamp": "2026-04-14T14:55:53.357586+05:30"}
{"type": "BEGIN", "txn_id": "0dc66e95-a703-473b-bc93-20cbf010f502", "timestamp": "2026-04-14T14:55:53.363530+05:30"}
{"type": "INSERT", "txn_id": "0dc66e95-a703-473b-bc93-20cbf010f502", "table": "products", "key": "TX_500_251", "before": null, "after": {"product_id": "TX_500_251", "name": "TX251", "stock": 10, "price": 5.0}, "timestamp": "2026-04-14T14:55:53.365479+05:30"}
{"type": "COMMIT", "txn_id": "0dc66e95-a703-473b-bc93-20cbf010f502", "timestamp": "2026-04-14T14:55:53.366439+05:30"}
{"type": "BEGIN", "txn_id": "80c571b3-546e-41f7-be82-fea8846d5b62", "timestamp": "2026-04-14T14:55:53.371190+05:30"}
{"type": "INSERT", "txn_id": "80c571b3-546e-41f7-be82-fea8846d5b62", "table": "products", "key": "TX_500_252", "before": null, "after": {"product_id": "TX_500_252", "name": "TX252", "stock": 10, "price": 5.0}, "timestamp": "2026-04-14T14:55:53.372920+05:30"}
{"type": "COMMIT", "txn_id": "80c571b3-546e-41f7-be82-fea8846d5b62", "timestamp": "2026-04-14T14:55:53.373865+05:30"}
{"type": "BEGIN", "txn_id": "abbe15b6-97a2-45d8-a46e-fdd31eb25112", "timestamp": "2026-04-14T14:55:53.379275+05:30"}
{"type": "INSERT", "txn_id": "abbe15b6-97a2-45d8-a46e-fdd31eb25112", "table": "products", "key": "TX_500_253", "before": null, "after": {"product_id": "TX_500_253", "name": "TX253", "stock": 10, "price": 5.0}, "timestamp": "2026-04-14T14:55:53.381165+05:30"}
{"type": "COMMIT", "txn_id": "abbe15b6-97a2-45d8-a46e-fdd31eb25112", "timestamp": "2026-04-14T14:55:53.382313+05:30"}
{"type": "BEGIN", "txn_id": "c1fe4a1c-1ff9-4273-a04b-82ab085aeee1", "timestamp": "2026-04-14T14:55:53.387435+05:30"}
{"type": "INSERT", "txn_id": "c1fe4a1c-1ff9-4273-a04b-82ab085aeee1", "table": "products", "key": "TX_500_254", "before": null, "after": {"product_id": "TX_500_254", "name": "TX254", "stock": 10, "price": 5.0}, "timestamp": "2026-04-14T14:55:53.389591+05:30"}
{"type": "COMMIT", "txn_id": "c1fe4a1c-1ff9-4273-a04b-82ab085aeee1", "timestamp": "2026-04-14T14:55:53.390668+05:30"}
{"type": "BEGIN", "txn_id": "e5762eab-5872-46a3-8bc8-e3425d236990", "timestamp": "2026-04-14T14:55:53.396458+05:30"}
{"type": "INSERT", "txn_id": "e5762eab-5872-46a3-8bc8-e3425d236990", "table": "products", "key": "TX_500_255", "before": null, "after": {"product_id": "TX_500_255", "name": "TX255", "stock": 10, "price": 5.0}, "timestamp": "2026-04-14T14:55:53.398409+05:30"}
{"type": "COMMIT", "txn_id": "e5762eab-5872-46a3-8bc8-e3425d236990", "timestamp": "2026-04-14T14:55:53.399399+05:30"}
{"type": "BEGIN", "txn_id": "c8ca45a0-7db2-4af7-a159-8d7e69762e8a", "timestamp": "2026-04-14T14:55:53.403809+05:30"}
{"type": "INSERT", "txn_id": "c8ca45a0-7db2-4af7-a159-8d7e69762e8a", "table": "products", "key": "TX_500_256", "before": null, "after": {"product_id": "TX_500_256", "name": "TX256", "stock": 10, "price": 5.0}, "timestamp": "2026-04-14T14:55:53.406347+05:30"}
{"type": "COMMIT", "txn_id": "c8ca45a0-7db2-4af7-a159-8d7e69762e8a", "timestamp": "2026-04-14T14:55:53.411999+05:30"}
{"type": "BEGIN", "txn_id": "7015e61a-5789-4b7f-91d0-d259797bbf65", "timestamp": "2026-04-14T14:55:53.434978+05:30"}
{"type": "INSERT", "txn_id": "7015e61a-5789-4b7f-91d0-d259797bbf65", "table": "products", "key": "TX_500_257", "before": null, "after": {"product_id": "TX_500_257", "name": "TX257", "stock": 10, "price": 5.0}, "timestamp": "2026-04-14T14:55:53.440891+05:30"}
{"type": "COMMIT", "txn_id": "7015e61a-5789-4b7f-91d0-d259797bbf65", "timestamp": "2026-04-14T14:55:53.447377+05:30"}
{"type": "BEGIN", "txn_id": "a48b9714-cf4d-499e-90f7-96d6d47fc82c", "timestamp": "2026-04-14T14:55:53.467780+05:30"}
{"type": "INSERT", "txn_id": "a48b9714-cf4d-499e-90f7-96d6d47fc82c", "table": "products", "key": "TX_500_258", "before": null, "after": {"product_id": "TX_500_258", "name": "TX258", "stock": 10, "price": 5.0}, "timestamp": "2026-04-14T14:55:53.470978+05:30"}
{"type": "COMMIT", "txn_id": "a48b9714-cf4d-499e-90f7-96d6d47fc82c", "timestamp": "2026-04-14T14:55:53.472527+05:30"}
{"type": "BEGIN", "txn_id": "41e0939f-0186-479e-a2d9-7fd2cec312f8", "timestamp": "2026-04-14T14:55:53.480026+05:30"}
{"type": "INSERT", "txn_id": "41e0939f-0186-479e-a2d9-7fd2cec312f8", "table": "products", "key": "TX_500_259", "before": null, "after": {"product_id": "TX_500_259", "name": "TX259", "stock": 10, "price": 5.0}, "timestamp": "2026-04-14T14:55:53.482425+05:30"}
{"type": "COMMIT", "txn_id": "41e0939f-0186-479e-a2d9-7fd2cec312f8", "timestamp": "2026-04-14T14:55:53.483716+05:30"}
{"type": "BEGIN", "txn_id": "20bbabf9-0d92-4152-99cc-0a5e0580543d", "timestamp": "2026-04-14T14:55:53.488715+05:30"}
{"type": "INSERT", "txn_id": "20bbabf9-0d92-4152-99cc-0a5e0580543d", "table": "products", "key": "TX_500_260", "before": null, "after": {"product_id": "TX_500_260", "name": "TX260", "stock": 10, "price": 5.0}, "timestamp": "2026-04-14T14:55:53.490974+05:30"}
{"type": "COMMIT", "txn_id": "20bbabf9-0d92-4152-99cc-0a5e0580543d", "timestamp": "2026-04-14T14:55:53.492260+05:30"}
{"type": "BEGIN", "txn_id": "00be8c38-174a-4fc6-9223-cf2147bd0209", "timestamp": "2026-04-14T14:55:53.498579+05:30"}
{"type": "INSERT", "txn_id": "00be8c38-174a-4fc6-9223-cf2147bd0209", "table": "products", "key": "TX_500_261", "before": null, "after": {"product_id": "TX_500_261", "name": "TX261", "stock": 10, "price": 5.0}, "timestamp": "2026-04-14T14:55:53.500668+05:30"}
{"type": "COMMIT", "txn_id": "00be8c38-174a-4fc6-9223-cf2147bd0209", "timestamp": "2026-04-14T14:55:53.501938+05:30"}
{"type": "BEGIN", "txn_id": "cb2f87dd-c18a-43f2-83b7-dc9bcd4cf42b", "timestamp": "2026-04-14T14:55:53.507194+05:30"}
{"type": "INSERT", "txn_id": "cb2f87dd-c18a-43f2-83b7-dc9bcd4cf42b", "table": "products", "key": "TX_500_262", "before": null, "after": {"product_id": "TX_500_262", "name": "TX262", "stock": 10, "price": 5.0}, "timestamp": "2026-04-14T14:55:53.509912+05:30"}
{"type": "COMMIT", "txn_id": "cb2f87dd-c18a-43f2-83b7-dc9bcd4cf42b", "timestamp": "2026-04-14T14:55:53.511678+05:30"}
{"type": "BEGIN", "txn_id": "8a505db8-e99b-42a0-b129-1bd135dbcc7c", "timestamp": "2026-04-14T14:55:53.516626+05:30"}
{"type": "INSERT", "txn_id": "8a505db8-e99b-42a0-b129-1bd135dbcc7c", "table": "products", "key": "TX_500_263", "before": null, "after": {"product_id": "TX_500_263", "name": "TX263", "stock": 10, "price": 5.0}, "timestamp": "2026-04-14T14:55:53.518612+05:30"}
{"type": "COMMIT", "txn_id": "8a505db8-e99b-42a0-b129-1bd135dbcc7c", "timestamp": "2026-04-14T14:55:53.519626+05:30"}
{"type": "BEGIN", "txn_id": "86f63fcb-4ce9-422a-b787-de71a980c978", "timestamp": "2026-04-14T14:55:53.524699+05:30"}
{"type": "INSERT", "txn_id": "86f63fcb-4ce9-422a-b787-de71a980c978", "table": "products", "key": "TX_500_264", "before": null, "after": {"product_id": "TX_500_264", "name": "TX264", "stock": 10, "price": 5.0}, "timestamp": "2026-04-14T14:55:53.527302+05:30"}
{"type": "COMMIT", "txn_id": "86f63fcb-4ce9-422a-b787-de71a980c978", "timestamp": "2026-04-14T14:55:53.528881+05:30"}
{"type": "BEGIN", "txn_id": "19f86ca8-d2ea-48c2-a1bb-d746b2b30172", "timestamp": "2026-04-14T14:55:53.533795+05:30"}
{"type": "INSERT", "txn_id": "19f86ca8-d2ea-48c2-a1bb-d746b2b30172", "table": "products", "key": "TX_500_265", "before": null, "after": {"product_id": "TX_500_265", "name": "TX265", "stock": 10, "price": 5.0}, "timestamp": "2026-04-14T14:55:53.535787+05:30"}
{"type": "COMMIT", "txn_id": "19f86ca8-d2ea-48c2-a1bb-d746b2b30172", "timestamp": "2026-04-14T14:55:53.536819+05:30"}
{"type": "BEGIN", "txn_id": "cc122835-7ae6-4e72-b225-d14cc83474d8", "timestamp": "2026-04-14T14:55:53.543075+05:30"}
{"type": "INSERT", "txn_id": "cc122835-7ae6-4e72-b225-d14cc83474d8", "table": "products", "key": "TX_500_266", "before": null, "after": {"product_id": "TX_500_266", "name": "TX266", "stock": 10, "price": 5.0}, "timestamp": "2026-04-14T14:55:53.546410+05:30"}
{"type": "COMMIT", "txn_id": "cc122835-7ae6-4e72-b225-d14cc83474d8", "timestamp": "2026-04-14T14:55:53.548040+05:30"}
{"type": "BEGIN", "txn_id": "80963768-190c-4c5a-9225-87be43ea09c5", "timestamp": "2026-04-14T14:55:53.553026+05:30"}
{"type": "INSERT", "txn_id": "80963768-190c-4c5a-9225-87be43ea09c5", "table": "products", "key": "TX_500_267", "before": null, "after": {"product_id": "TX_500_267", "name": "TX267", "stock": 10, "price": 5.0}, "timestamp": "2026-04-14T14:55:53.555027+05:30"}
{"type": "COMMIT", "txn_id": "80963768-190c-4c5a-9225-87be43ea09c5", "timestamp": "2026-04-14T14:55:53.556056+05:30"}
{"type": "BEGIN", "txn_id": "fda7e8cb-ba7f-484b-80ba-7181b96d4eac", "timestamp": "2026-04-14T14:55:53.561804+05:30"}
{"type": "INSERT", "txn_id": "fda7e8cb-ba7f-484b-80ba-7181b96d4eac", "table": "products", "key": "TX_500_268", "before": null, "after": {"product_id": "TX_500_268", "name": "TX268", "stock": 10, "price": 5.0}, "timestamp": "2026-04-14T14:55:53.563927+05:30"}
{"type": "COMMIT", "txn_id": "fda7e8cb-ba7f-484b-80ba-7181b96d4eac", "timestamp": "2026-04-14T14:55:53.565010+05:30"}
{"type": "BEGIN", "txn_id": "06ad2df9-58ed-4c53-844e-42a9d7432609", "timestamp": "2026-04-14T14:55:53.569722+05:30"}
{"type": "INSERT", "txn_id": "06ad2df9-58ed-4c53-844e-42a9d7432609", "table": "products", "key": "TX_500_269", "before": null, "after": {"product_id": "TX_500_269", "name": "TX269", "stock": 10, "price": 5.0}, "timestamp": "2026-04-14T14:55:53.571706+05:30"}
{"type": "COMMIT", "txn_id": "06ad2df9-58ed-4c53-844e-42a9d7432609", "timestamp": "2026-04-14T14:55:53.572681+05:30"}
{"type": "BEGIN", "txn_id": "9b965f76-10c1-4544-a393-f1d398184448", "timestamp": "2026-04-14T14:55:53.579042+05:30"}
{"type": "INSERT", "txn_id": "9b965f76-10c1-4544-a393-f1d398184448", "table": "products", "key": "TX_500_270", "before": null, "after": {"product_id": "TX_500_270", "name": "TX270", "stock": 10, "price": 5.0}, "timestamp": "2026-04-14T14:55:53.581356+05:30"}
{"type": "COMMIT", "txn_id": "9b965f76-10c1-4544-a393-f1d398184448", "timestamp": "2026-04-14T14:55:53.582581+05:30"}
{"type": "BEGIN", "txn_id": "58ebee20-a6ce-4cb8-bd09-1ba7f721c76f", "timestamp": "2026-04-14T14:55:53.587403+05:30"}
{"type": "INSERT", "txn_id": "58ebee20-a6ce-4cb8-bd09-1ba7f721c76f", "table": "products", "key": "TX_500_271", "before": null, "after": {"product_id": "TX_500_271", "name": "TX271", "stock": 10, "price": 5.0}, "timestamp": "2026-04-14T14:55:53.589367+05:30"}
{"type": "COMMIT", "txn_id": "58ebee20-a6ce-4cb8-bd09-1ba7f721c76f", "timestamp": "2026-04-14T14:55:53.590394+05:30"}
{"type": "BEGIN", "txn_id": "15c2532e-b120-4806-a1cc-48f5f4336641", "timestamp": "2026-04-14T14:55:53.596487+05:30"}
{"type": "INSERT", "txn_id": "15c2532e-b120-4806-a1cc-48f5f4336641", "table": "products", "key": "TX_500_272", "before": null, "after": {"product_id": "TX_500_272", "name": "TX272", "stock": 10, "price": 5.0}, "timestamp": "2026-04-14T14:55:53.598566+05:30"}
{"type": "COMMIT", "txn_id": "15c2532e-b120-4806-a1cc-48f5f4336641", "timestamp": "2026-04-14T14:55:53.599611+05:30"}
{"type": "BEGIN", "txn_id": "7087dfe0-3af8-48ab-9a5f-8b27355fd915", "timestamp": "2026-04-14T14:55:53.604358+05:30"}
{"type": "INSERT", "txn_id": "7087dfe0-3af8-48ab-9a5f-8b27355fd915", "table": "products", "key": "TX_500_273", "before": null, "after": {"product_id": "TX_500_273", "name": "TX273", "stock": 10, "price": 5.0}, "timestamp": "2026-04-14T14:55:53.606299+05:30"}
{"type": "COMMIT", "txn_id": "7087dfe0-3af8-48ab-9a5f-8b27355fd915", "timestamp": "2026-04-14T14:55:53.607337+05:30"}
{"type": "BEGIN", "txn_id": "9ddd1239-ecfb-4355-8bf9-81441bc73b8a", "timestamp": "2026-04-14T14:55:53.613947+05:30"}
{"type": "INSERT", "txn_id": "9ddd1239-ecfb-4355-8bf9-81441bc73b8a", "table": "products", "key": "TX_500_274", "before": null, "after": {"product_id": "TX_500_274", "name": "TX274", "stock": 10, "price": 5.0}, "timestamp": "2026-04-14T14:55:53.616054+05:30"}
{"type": "COMMIT", "txn_id": "9ddd1239-ecfb-4355-8bf9-81441bc73b8a", "timestamp": "2026-04-14T14:55:53.617123+05:30"}
{"type": "BEGIN", "txn_id": "cc158be4-eca2-4ac8-8308-0530381521e2", "timestamp": "2026-04-14T14:55:53.621867+05:30"}
{"type": "INSERT", "txn_id": "cc158be4-eca2-4ac8-8308-0530381521e2", "table": "products", "key": "TX_500_275", "before": null, "after": {"product_id": "TX_500_275", "name": "TX275", "stock": 10, "price": 5.0}, "timestamp": "2026-04-14T14:55:53.623838+05:30"}
{"type": "COMMIT", "txn_id": "cc158be4-eca2-4ac8-8308-0530381521e2", "timestamp": "2026-04-14T14:55:53.624851+05:30"}
{"type": "BEGIN", "txn_id": "9f0301b0-f8bf-4cc7-8ae4-3662acd7ffa2", "timestamp": "2026-04-14T14:55:53.632841+05:30"}
{"type": "INSERT", "txn_id": "9f0301b0-f8bf-4cc7-8ae4-3662acd7ffa2", "table": "products", "key": "TX_500_276", "before": null, "after": {"product_id": "TX_500_276", "name": "TX276", "stock": 10, "price": 5.0}, "timestamp": "2026-04-14T14:55:53.635201+05:30"}
{"type": "COMMIT", "txn_id": "9f0301b0-f8bf-4cc7-8ae4-3662acd7ffa2", "timestamp": "2026-04-14T14:55:53.636524+05:30"}
{"type": "BEGIN", "txn_id": "ff0b7a58-8145-472a-b691-6522d7fa86a3", "timestamp": "2026-04-14T14:55:53.649525+05:30"}
{"type": "INSERT", "txn_id": "ff0b7a58-8145-472a-b691-6522d7fa86a3", "table": "products", "key": "TX_500_277", "before": null, "after": {"product_id": "TX_500_277", "name": "TX277", "stock": 10, "price": 5.0}, "timestamp": "2026-04-14T14:55:53.672785+05:30"}
{"type": "COMMIT", "txn_id": "ff0b7a58-8145-472a-b691-6522d7fa86a3", "timestamp": "2026-04-14T14:55:53.683797+05:30"}
{"type": "BEGIN", "txn_id": "1d933cfa-9f03-4f85-acd2-c1e49977eda3", "timestamp": "2026-04-14T14:55:53.706303+05:30"}
{"type": "INSERT", "txn_id": "1d933cfa-9f03-4f85-acd2-c1e49977eda3", "table": "products", "key": "TX_500_278", "before": null, "after": {"product_id": "TX_500_278", "name": "TX278", "stock": 10, "price": 5.0}, "timestamp": "2026-04-14T14:55:53.710967+05:30"}
{"type": "COMMIT", "txn_id": "1d933cfa-9f03-4f85-acd2-c1e49977eda3", "timestamp": "2026-04-14T14:55:53.713431+05:30"}
{"type": "BEGIN", "txn_id": "2ce0683d-0af0-4e46-848c-42386f14eea6", "timestamp": "2026-04-14T14:55:53.720557+05:30"}
{"type": "INSERT", "txn_id": "2ce0683d-0af0-4e46-848c-42386f14eea6", "table": "products", "key": "TX_500_279", "before": null, "after": {"product_id": "TX_500_279", "name": "TX279", "stock": 10, "price": 5.0}, "timestamp": "2026-04-14T14:55:53.723107+05:30"}
{"type": "COMMIT", "txn_id": "2ce0683d-0af0-4e46-848c-42386f14eea6", "timestamp": "2026-04-14T14:55:53.724659+05:30"}
{"type": "BEGIN", "txn_id": "618a5ce0-e53a-4163-b99c-58de2f51eaf6", "timestamp": "2026-04-14T14:55:53.732153+05:30"}
{"type": "INSERT", "txn_id": "618a5ce0-e53a-4163-b99c-58de2f51eaf6", "table": "products", "key": "TX_500_280", "before": null, "after": {"product_id": "TX_500_280", "name": "TX280", "stock": 10, "price": 5.0}, "timestamp": "2026-04-14T14:55:53.734678+05:30"}
{"type": "COMMIT", "txn_id": "618a5ce0-e53a-4163-b99c-58de2f51eaf6", "timestamp": "2026-04-14T14:55:53.736167+05:30"}
{"type": "BEGIN", "txn_id": "3847db11-3a2a-4cd1-b9eb-03ed7442de37", "timestamp": "2026-04-14T14:55:53.747430+05:30"}
{"type": "INSERT", "txn_id": "3847db11-3a2a-4cd1-b9eb-03ed7442de37", "table": "products", "key": "TX_500_281", "before": null, "after": {"product_id": "TX_500_281", "name": "TX281", "stock": 10, "price": 5.0}, "timestamp": "2026-04-14T14:55:53.749966+05:30"}
{"type": "COMMIT", "txn_id": "3847db11-3a2a-4cd1-b9eb-03ed7442de37", "timestamp": "2026-04-14T14:55:53.751307+05:30"}
{"type": "BEGIN", "txn_id": "e776194a-10d0-4864-a5dd-e3d1f073b148", "timestamp": "2026-04-14T14:55:53.756965+05:30"}
{"type": "INSERT", "txn_id": "e776194a-10d0-4864-a5dd-e3d1f073b148", "table": "products", "key": "TX_500_282", "before": null, "after": {"product_id": "TX_500_282", "name": "TX282", "stock": 10, "price": 5.0}, "timestamp": "2026-04-14T14:55:53.759518+05:30"}
{"type": "COMMIT", "txn_id": "e776194a-10d0-4864-a5dd-e3d1f073b148", "timestamp": "2026-04-14T14:55:53.761073+05:30"}
{"type": "BEGIN", "txn_id": "2bd11079-d622-48bc-aa63-4c1b98f444b9", "timestamp": "2026-04-14T14:55:53.767072+05:30"}
{"type": "INSERT", "txn_id": "2bd11079-d622-48bc-aa63-4c1b98f444b9", "table": "products", "key": "TX_500_283", "before": null, "after": {"product_id": "TX_500_283", "name": "TX283", "stock": 10, "price": 5.0}, "timestamp": "2026-04-14T14:55:53.769927+05:30"}
{"type": "COMMIT", "txn_id": "2bd11079-d622-48bc-aa63-4c1b98f444b9", "timestamp": "2026-04-14T14:55:53.773042+05:30"}
{"type": "BEGIN", "txn_id": "fed50340-3db3-415d-8f05-fd07d405c0c2", "timestamp": "2026-04-14T14:55:53.781588+05:30"}
{"type": "INSERT", "txn_id": "fed50340-3db3-415d-8f05-fd07d405c0c2", "table": "products", "key": "TX_500_284", "before": null, "after": {"product_id": "TX_500_284", "name": "TX284", "stock": 10, "price": 5.0}, "timestamp": "2026-04-14T14:55:53.785483+05:30"}
{"type": "COMMIT", "txn_id": "fed50340-3db3-415d-8f05-fd07d405c0c2", "timestamp": "2026-04-14T14:55:53.787292+05:30"}
{"type": "BEGIN", "txn_id": "2d2a7c91-cd16-4807-919a-e46d4b771202", "timestamp": "2026-04-14T14:55:53.794733+05:30"}
{"type": "INSERT", "txn_id": "2d2a7c91-cd16-4807-919a-e46d4b771202", "table": "products", "key": "TX_500_285", "before": null, "after": {"product_id": "TX_500_285", "name": "TX285", "stock": 10, "price": 5.0}, "timestamp": "2026-04-14T14:55:53.798061+05:30"}
{"type": "COMMIT", "txn_id": "2d2a7c91-cd16-4807-919a-e46d4b771202", "timestamp": "2026-04-14T14:55:53.799585+05:30"}
{"type": "BEGIN", "txn_id": "4bd370c7-9607-4f97-8435-e2518443bf1f", "timestamp": "2026-04-14T14:55:53.807482+05:30"}
{"type": "INSERT", "txn_id": "4bd370c7-9607-4f97-8435-e2518443bf1f", "table": "products", "key": "TX_500_286", "before": null, "after": {"product_id": "TX_500_286", "name": "TX286", "stock": 10, "price": 5.0}, "timestamp": "2026-04-14T14:55:53.810552+05:30"}
{"type": "COMMIT", "txn_id": "4bd370c7-9607-4f97-8435-e2518443bf1f", "timestamp": "2026-04-14T14:55:53.812426+05:30"}
{"type": "BEGIN", "txn_id": "a6294977-2055-4258-a739-1dd7ceefb485", "timestamp": "2026-04-14T14:55:53.818037+05:30"}
{"type": "INSERT", "txn_id": "a6294977-2055-4258-a739-1dd7ceefb485", "table": "products", "key": "TX_500_287", "before": null, "after": {"product_id": "TX_500_287", "name": "TX287", "stock": 10, "price": 5.0}, "timestamp": "2026-04-14T14:55:53.820118+05:30"}
{"type": "COMMIT", "txn_id": "a6294977-2055-4258-a739-1dd7ceefb485", "timestamp": "2026-04-14T14:55:53.821575+05:30"}
{"type": "BEGIN", "txn_id": "93313c0b-5ca8-4c37-9e2a-08426a73eb48", "timestamp": "2026-04-14T14:55:53.828504+05:30"}
{"type": "INSERT", "txn_id": "93313c0b-5ca8-4c37-9e2a-08426a73eb48", "table": "products", "key": "TX_500_288", "before": null, "after": {"product_id": "TX_500_288", "name": "TX288", "stock": 10, "price": 5.0}, "timestamp": "2026-04-14T14:55:53.831115+05:30"}
{"type": "COMMIT", "txn_id": "93313c0b-5ca8-4c37-9e2a-08426a73eb48", "timestamp": "2026-04-14T14:55:53.832529+05:30"}
{"type": "BEGIN", "txn_id": "3c77678c-5f9e-43db-9f13-8f0c29f2130b", "timestamp": "2026-04-14T14:55:53.837783+05:30"}
{"type": "INSERT", "txn_id": "3c77678c-5f9e-43db-9f13-8f0c29f2130b", "table": "products", "key": "TX_500_289", "before": null, "after": {"product_id": "TX_500_289", "name": "TX289", "stock": 10, "price": 5.0}, "timestamp": "2026-04-14T14:55:53.839904+05:30"}
{"type": "COMMIT", "txn_id": "3c77678c-5f9e-43db-9f13-8f0c29f2130b", "timestamp": "2026-04-14T14:55:53.841308+05:30"}
{"type": "BEGIN", "txn_id": "b64f651b-14fe-44ec-a380-0edcc2b9ec1d", "timestamp": "2026-04-14T14:55:53.848198+05:30"}
{"type": "INSERT", "txn_id": "b64f651b-14fe-44ec-a380-0edcc2b9ec1d", "table": "products", "key": "TX_500_290", "before": null, "after": {"product_id": "TX_500_290", "name": "TX290", "stock": 10, "price": 5.0}, "timestamp": "2026-04-14T14:55:53.850376+05:30"}
{"type": "COMMIT", "txn_id": "b64f651b-14fe-44ec-a380-0edcc2b9ec1d", "timestamp": "2026-04-14T14:55:53.851667+05:30"}
{"type": "BEGIN", "txn_id": "bf32e254-00ee-4c20-983a-31bc9a0eaac1", "timestamp": "2026-04-14T14:55:53.857188+05:30"}
{"type": "INSERT", "txn_id": "bf32e254-00ee-4c20-983a-31bc9a0eaac1", "table": "products", "key": "TX_500_291", "before": null, "after": {"product_id": "TX_500_291", "name": "TX291", "stock": 10, "price": 5.0}, "timestamp": "2026-04-14T14:55:53.860171+05:30"}
{"type": "COMMIT", "txn_id": "bf32e254-00ee-4c20-983a-31bc9a0eaac1", "timestamp": "2026-04-14T14:55:53.862828+05:30"}
{"type": "BEGIN", "txn_id": "c43063b2-c3d0-4532-8e3b-9d44618a58d7", "timestamp": "2026-04-14T14:55:53.868912+05:30"}
{"type": "INSERT", "txn_id": "c43063b2-c3d0-4532-8e3b-9d44618a58d7", "table": "products", "key": "TX_500_292", "before": null, "after": {"product_id": "TX_500_292", "name": "TX292", "stock": 10, "price": 5.0}, "timestamp": "2026-04-14T14:55:53.871080+05:30"}
{"type": "COMMIT", "txn_id": "c43063b2-c3d0-4532-8e3b-9d44618a58d7", "timestamp": "2026-04-14T14:55:53.872621+05:30"}
{"type": "BEGIN", "txn_id": "5d8a255d-d4f2-4ba2-9299-f8dd7370f928", "timestamp": "2026-04-14T14:55:53.882200+05:30"}
{"type": "INSERT", "txn_id": "5d8a255d-d4f2-4ba2-9299-f8dd7370f928", "table": "products", "key": "TX_500_293", "before": null, "after": {"product_id": "TX_500_293", "name": "TX293", "stock": 10, "price": 5.0}, "timestamp": "2026-04-14T14:55:53.885148+05:30"}
{"type": "COMMIT", "txn_id": "5d8a255d-d4f2-4ba2-9299-f8dd7370f928", "timestamp": "2026-04-14T14:55:53.887591+05:30"}
{"type": "BEGIN", "txn_id": "6c53e0ee-31f1-4010-af7f-defdf9b34b61", "timestamp": "2026-04-14T14:55:53.896092+05:30"}
{"type": "INSERT", "txn_id": "6c53e0ee-31f1-4010-af7f-defdf9b34b61", "table": "products", "key": "TX_500_294", "before": null, "after": {"product_id": "TX_500_294", "name": "TX294", "stock": 10, "price": 5.0}, "timestamp": "2026-04-14T14:55:53.898572+05:30"}
{"type": "COMMIT", "txn_id": "6c53e0ee-31f1-4010-af7f-defdf9b34b61", "timestamp": "2026-04-14T14:55:53.899827+05:30"}
{"type": "BEGIN", "txn_id": "602c6c86-543d-425b-8236-ed2cd3e6f9c8", "timestamp": "2026-04-14T14:55:53.906911+05:30"}
{"type": "INSERT", "txn_id": "602c6c86-543d-425b-8236-ed2cd3e6f9c8", "table": "products", "key": "TX_500_295", "before": null, "after": {"product_id": "TX_500_295", "name": "TX295", "stock": 10, "price": 5.0}, "timestamp": "2026-04-14T14:55:53.909829+05:30"}
{"type": "COMMIT", "txn_id": "602c6c86-543d-425b-8236-ed2cd3e6f9c8", "timestamp": "2026-04-14T14:55:53.912111+05:30"}
{"type": "BEGIN", "txn_id": "377c149d-2836-40d0-b4df-3414edce35c9", "timestamp": "2026-04-14T14:55:53.918852+05:30"}
{"type": "INSERT", "txn_id": "377c149d-2836-40d0-b4df-3414edce35c9", "table": "products", "key": "TX_500_296", "before": null, "after": {"product_id": "TX_500_296", "name": "TX296", "stock": 10, "price": 5.0}, "timestamp": "2026-04-14T14:55:53.921864+05:30"}
{"type": "COMMIT", "txn_id": "377c149d-2836-40d0-b4df-3414edce35c9", "timestamp": "2026-04-14T14:55:53.923419+05:30"}
{"type": "BEGIN", "txn_id": "d45a4203-bc26-45da-b843-a48e942eec4c", "timestamp": "2026-04-14T14:55:53.930437+05:30"}
{"type": "INSERT", "txn_id": "d45a4203-bc26-45da-b843-a48e942eec4c", "table": "products", "key": "TX_500_297", "before": null, "after": {"product_id": "TX_500_297", "name": "TX297", "stock": 10, "price": 5.0}, "timestamp": "2026-04-14T14:55:53.932821+05:30"}
{"type": "COMMIT", "txn_id": "d45a4203-bc26-45da-b843-a48e942eec4c", "timestamp": "2026-04-14T14:55:53.934501+05:30"}
{"type": "BEGIN", "txn_id": "9dedd308-c756-4595-8cd2-6abe02b6e103", "timestamp": "2026-04-14T14:55:53.940528+05:30"}
{"type": "INSERT", "txn_id": "9dedd308-c756-4595-8cd2-6abe02b6e103", "table": "products", "key": "TX_500_298", "before": null, "after": {"product_id": "TX_500_298", "name": "TX298", "stock": 10, "price": 5.0}, "timestamp": "2026-04-14T14:55:53.943716+05:30"}
{"type": "COMMIT", "txn_id": "9dedd308-c756-4595-8cd2-6abe02b6e103", "timestamp": "2026-04-14T14:55:53.945340+05:30"}
{"type": "BEGIN", "txn_id": "8f78d30c-135b-47d2-8e3f-8ab19adf3e7e", "timestamp": "2026-04-14T14:55:53.950762+05:30"}
{"type": "INSERT", "txn_id": "8f78d30c-135b-47d2-8e3f-8ab19adf3e7e", "table": "products", "key": "TX_500_299", "before": null, "after": {"product_id": "TX_500_299", "name": "TX299", "stock": 10, "price": 5.0}, "timestamp": "2026-04-14T14:55:53.953153+05:30"}
{"type": "COMMIT", "txn_id": "8f78d30c-135b-47d2-8e3f-8ab19adf3e7e", "timestamp": "2026-04-14T14:55:53.954438+05:30"}
{"type": "BEGIN", "txn_id": "b2195cbe-4006-428f-8fe6-7623e98cb38f", "timestamp": "2026-04-14T14:55:53.960872+05:30"}
{"type": "INSERT", "txn_id": "b2195cbe-4006-428f-8fe6-7623e98cb38f", "table": "products", "key": "TX_500_300", "before": null, "after": {"product_id": "TX_500_300", "name": "TX300", "stock": 10, "price": 5.0}, "timestamp": "2026-04-14T14:55:53.963085+05:30"}
{"type": "COMMIT", "txn_id": "b2195cbe-4006-428f-8fe6-7623e98cb38f", "timestamp": "2026-04-14T14:55:53.964275+05:30"}
{"type": "BEGIN", "txn_id": "fc70f27b-185f-4504-8922-9819123692a9", "timestamp": "2026-04-14T14:55:53.969659+05:30"}
{"type": "INSERT", "txn_id": "fc70f27b-185f-4504-8922-9819123692a9", "table": "products", "key": "TX_500_301", "before": null, "after": {"product_id": "TX_500_301", "name": "TX301", "stock": 10, "price": 5.0}, "timestamp": "2026-04-14T14:55:53.971676+05:30"}
{"type": "COMMIT", "txn_id": "fc70f27b-185f-4504-8922-9819123692a9", "timestamp": "2026-04-14T14:55:53.972820+05:30"}
{"type": "BEGIN", "txn_id": "6f41c05c-ec7d-49b6-a18e-4dbd0854bbe9", "timestamp": "2026-04-14T14:55:53.979513+05:30"}
{"type": "INSERT", "txn_id": "6f41c05c-ec7d-49b6-a18e-4dbd0854bbe9", "table": "products", "key": "TX_500_302", "before": null, "after": {"product_id": "TX_500_302", "name": "TX302", "stock": 10, "price": 5.0}, "timestamp": "2026-04-14T14:55:53.981750+05:30"}
{"type": "COMMIT", "txn_id": "6f41c05c-ec7d-49b6-a18e-4dbd0854bbe9", "timestamp": "2026-04-14T14:55:53.982901+05:30"}
{"type": "BEGIN", "txn_id": "560b3b26-0e19-4e52-8772-e4e15222d3d6", "timestamp": "2026-04-14T14:55:53.988151+05:30"}
{"type": "INSERT", "txn_id": "560b3b26-0e19-4e52-8772-e4e15222d3d6", "table": "products", "key": "TX_500_303", "before": null, "after": {"product_id": "TX_500_303", "name": "TX303", "stock": 10, "price": 5.0}, "timestamp": "2026-04-14T14:55:53.990122+05:30"}
{"type": "COMMIT", "txn_id": "560b3b26-0e19-4e52-8772-e4e15222d3d6", "timestamp": "2026-04-14T14:55:53.991126+05:30"}
{"type": "BEGIN", "txn_id": "cf5563ed-1a01-466b-bb8c-924a7edf028c", "timestamp": "2026-04-14T14:55:53.996636+05:30"}
{"type": "INSERT", "txn_id": "cf5563ed-1a01-466b-bb8c-924a7edf028c", "table": "products", "key": "TX_500_304", "before": null, "after": {"product_id": "TX_500_304", "name": "TX304", "stock": 10, "price": 5.0}, "timestamp": "2026-04-14T14:55:53.998803+05:30"}
{"type": "COMMIT", "txn_id": "cf5563ed-1a01-466b-bb8c-924a7edf028c", "timestamp": "2026-04-14T14:55:53.999892+05:30"}
{"type": "BEGIN", "txn_id": "d09e87be-74e7-4545-aadd-e9fa54d88f9d", "timestamp": "2026-04-14T14:55:54.004593+05:30"}
{"type": "INSERT", "txn_id": "d09e87be-74e7-4545-aadd-e9fa54d88f9d", "table": "products", "key": "TX_500_305", "before": null, "after": {"product_id": "TX_500_305", "name": "TX305", "stock": 10, "price": 5.0}, "timestamp": "2026-04-14T14:55:54.006584+05:30"}
{"type": "COMMIT", "txn_id": "d09e87be-74e7-4545-aadd-e9fa54d88f9d", "timestamp": "2026-04-14T14:55:54.008191+05:30"}
{"type": "BEGIN", "txn_id": "2287692f-3e7d-405f-8eb6-8d3be81ead09", "timestamp": "2026-04-14T14:55:54.014291+05:30"}
{"type": "INSERT", "txn_id": "2287692f-3e7d-405f-8eb6-8d3be81ead09", "table": "products", "key": "TX_500_306", "before": null, "after": {"product_id": "TX_500_306", "name": "TX306", "stock": 10, "price": 5.0}, "timestamp": "2026-04-14T14:55:54.016389+05:30"}
{"type": "COMMIT", "txn_id": "2287692f-3e7d-405f-8eb6-8d3be81ead09", "timestamp": "2026-04-14T14:55:54.017531+05:30"}
{"type": "BEGIN", "txn_id": "633adf82-401d-4fcc-b205-a8af5429cc8a", "timestamp": "2026-04-14T14:55:54.022427+05:30"}
{"type": "INSERT", "txn_id": "633adf82-401d-4fcc-b205-a8af5429cc8a", "table": "products", "key": "TX_500_307", "before": null, "after": {"product_id": "TX_500_307", "name": "TX307", "stock": 10, "price": 5.0}, "timestamp": "2026-04-14T14:55:54.025520+05:30"}
{"type": "COMMIT", "txn_id": "633adf82-401d-4fcc-b205-a8af5429cc8a", "timestamp": "2026-04-14T14:55:54.028254+05:30"}
{"type": "BEGIN", "txn_id": "0b9968a4-aa48-4ccf-9a5a-dcca4232f656", "timestamp": "2026-04-14T14:55:54.033457+05:30"}
{"type": "INSERT", "txn_id": "0b9968a4-aa48-4ccf-9a5a-dcca4232f656", "table": "products", "key": "TX_500_308", "before": null, "after": {"product_id": "TX_500_308", "name": "TX308", "stock": 10, "price": 5.0}, "timestamp": "2026-04-14T14:55:54.035510+05:30"}
{"type": "COMMIT", "txn_id": "0b9968a4-aa48-4ccf-9a5a-dcca4232f656", "timestamp": "2026-04-14T14:55:54.036490+05:30"}
{"type": "BEGIN", "txn_id": "e5a790ba-9c4d-4b09-a64f-3580151f6384", "timestamp": "2026-04-14T14:55:54.041640+05:30"}
{"type": "INSERT", "txn_id": "e5a790ba-9c4d-4b09-a64f-3580151f6384", "table": "products", "key": "TX_500_309", "before": null, "after": {"product_id": "TX_500_309", "name": "TX309", "stock": 10, "price": 5.0}, "timestamp": "2026-04-14T14:55:54.043927+05:30"}
{"type": "COMMIT", "txn_id": "e5a790ba-9c4d-4b09-a64f-3580151f6384", "timestamp": "2026-04-14T14:55:54.045239+05:30"}
{"type": "BEGIN", "txn_id": "594b2958-9e8c-4b52-8f0c-63a5952c1667", "timestamp": "2026-04-14T14:55:54.050382+05:30"}
{"type": "INSERT", "txn_id": "594b2958-9e8c-4b52-8f0c-63a5952c1667", "table": "products", "key": "TX_500_310", "before": null, "after": {"product_id": "TX_500_310", "name": "TX310", "stock": 10, "price": 5.0}, "timestamp": "2026-04-14T14:55:54.052484+05:30"}
{"type": "COMMIT", "txn_id": "594b2958-9e8c-4b52-8f0c-63a5952c1667", "timestamp": "2026-04-14T14:55:54.053646+05:30"}
{"type": "BEGIN", "txn_id": "c16961b7-3a16-4f04-a142-67d8c62d4b9c", "timestamp": "2026-04-14T14:55:54.058445+05:30"}
{"type": "INSERT", "txn_id": "c16961b7-3a16-4f04-a142-67d8c62d4b9c", "table": "products", "key": "TX_500_311", "before": null, "after": {"product_id": "TX_500_311", "name": "TX311", "stock": 10, "price": 5.0}, "timestamp": "2026-04-14T14:55:54.060862+05:30"}
{"type": "COMMIT", "txn_id": "c16961b7-3a16-4f04-a142-67d8c62d4b9c", "timestamp": "2026-04-14T14:55:54.062135+05:30"}
{"type": "BEGIN", "txn_id": "c1026271-6ad7-4249-8df1-f8eae156c5ce", "timestamp": "2026-04-14T14:55:54.069080+05:30"}
{"type": "INSERT", "txn_id": "c1026271-6ad7-4249-8df1-f8eae156c5ce", "table": "products", "key": "TX_500_312", "before": null, "after": {"product_id": "TX_500_312", "name": "TX312", "stock": 10, "price": 5.0}, "timestamp": "2026-04-14T14:55:54.071333+05:30"}
{"type": "COMMIT", "txn_id": "c1026271-6ad7-4249-8df1-f8eae156c5ce", "timestamp": "2026-04-14T14:55:54.072499+05:30"}
{"type": "BEGIN", "txn_id": "e504d7b8-0d0d-4e56-9db7-f9e456504d02", "timestamp": "2026-04-14T14:55:54.078839+05:30"}
{"type": "INSERT", "txn_id": "e504d7b8-0d0d-4e56-9db7-f9e456504d02", "table": "products", "key": "TX_500_313", "before": null, "after": {"product_id": "TX_500_313", "name": "TX313", "stock": 10, "price": 5.0}, "timestamp": "2026-04-14T14:55:54.081188+05:30"}
{"type": "COMMIT", "txn_id": "e504d7b8-0d0d-4e56-9db7-f9e456504d02", "timestamp": "2026-04-14T14:55:54.082525+05:30"}
{"type": "BEGIN", "txn_id": "18dee5fa-e421-4632-bc4b-40de0d95dae8", "timestamp": "2026-04-14T14:55:54.087481+05:30"}
{"type": "INSERT", "txn_id": "18dee5fa-e421-4632-bc4b-40de0d95dae8", "table": "products", "key": "TX_500_314", "before": null, "after": {"product_id": "TX_500_314", "name": "TX314", "stock": 10, "price": 5.0}, "timestamp": "2026-04-14T14:55:54.089617+05:30"}
{"type": "COMMIT", "txn_id": "18dee5fa-e421-4632-bc4b-40de0d95dae8", "timestamp": "2026-04-14T14:55:54.090761+05:30"}
{"type": "BEGIN", "txn_id": "d7f5c731-5c07-40d3-bc44-af5ea0e80f20", "timestamp": "2026-04-14T14:55:54.097210+05:30"}
{"type": "INSERT", "txn_id": "d7f5c731-5c07-40d3-bc44-af5ea0e80f20", "table": "products", "key": "TX_500_315", "before": null, "after": {"product_id": "TX_500_315", "name": "TX315", "stock": 10, "price": 5.0}, "timestamp": "2026-04-14T14:55:54.099648+05:30"}
{"type": "COMMIT", "txn_id": "d7f5c731-5c07-40d3-bc44-af5ea0e80f20", "timestamp": "2026-04-14T14:55:54.100801+05:30"}
{"type": "BEGIN", "txn_id": "4baee6be-1a05-43c3-9cc2-be1e63c3bee1", "timestamp": "2026-04-14T14:55:54.105793+05:30"}
{"type": "INSERT", "txn_id": "4baee6be-1a05-43c3-9cc2-be1e63c3bee1", "table": "products", "key": "TX_500_316", "before": null, "after": {"product_id": "TX_500_316", "name": "TX316", "stock": 10, "price": 5.0}, "timestamp": "2026-04-14T14:55:54.107901+05:30"}
{"type": "COMMIT", "txn_id": "4baee6be-1a05-43c3-9cc2-be1e63c3bee1", "timestamp": "2026-04-14T14:55:54.109326+05:30"}
{"type": "BEGIN", "txn_id": "bd23dbb9-db31-4e1a-9c60-aed52dfac412", "timestamp": "2026-04-14T14:55:54.115983+05:30"}
{"type": "INSERT", "txn_id": "bd23dbb9-db31-4e1a-9c60-aed52dfac412", "table": "products", "key": "TX_500_317", "before": null, "after": {"product_id": "TX_500_317", "name": "TX317", "stock": 10, "price": 5.0}, "timestamp": "2026-04-14T14:55:54.118273+05:30"}
{"type": "COMMIT", "txn_id": "bd23dbb9-db31-4e1a-9c60-aed52dfac412", "timestamp": "2026-04-14T14:55:54.119522+05:30"}
{"type": "BEGIN", "txn_id": "aedf7740-eeac-495f-8b7f-8af1bae130de", "timestamp": "2026-04-14T14:55:54.125508+05:30"}
{"type": "INSERT", "txn_id": "aedf7740-eeac-495f-8b7f-8af1bae130de", "table": "products", "key": "TX_500_318", "before": null, "after": {"product_id": "TX_500_318", "name": "TX318", "stock": 10, "price": 5.0}, "timestamp": "2026-04-14T14:55:54.128860+05:30"}
{"type": "COMMIT", "txn_id": "aedf7740-eeac-495f-8b7f-8af1bae130de", "timestamp": "2026-04-14T14:55:54.130404+05:30"}
{"type": "BEGIN", "txn_id": "4eae4204-5ba9-480d-ac31-c7b58f4c95e6", "timestamp": "2026-04-14T14:55:54.136303+05:30"}
{"type": "INSERT", "txn_id": "4eae4204-5ba9-480d-ac31-c7b58f4c95e6", "table": "products", "key": "TX_500_319", "before": null, "after": {"product_id": "TX_500_319", "name": "TX319", "stock": 10, "price": 5.0}, "timestamp": "2026-04-14T14:55:54.138593+05:30"}
{"type": "COMMIT", "txn_id": "4eae4204-5ba9-480d-ac31-c7b58f4c95e6", "timestamp": "2026-04-14T14:55:54.140147+05:30"}
{"type": "BEGIN", "txn_id": "9d30b059-a510-4d6a-bc1f-287945dc8d15", "timestamp": "2026-04-14T14:55:54.146662+05:30"}
{"type": "INSERT", "txn_id": "9d30b059-a510-4d6a-bc1f-287945dc8d15", "table": "products", "key": "TX_500_320", "before": null, "after": {"product_id": "TX_500_320", "name": "TX320", "stock": 10, "price": 5.0}, "timestamp": "2026-04-14T14:55:54.149239+05:30"}
{"type": "COMMIT", "txn_id": "9d30b059-a510-4d6a-bc1f-287945dc8d15", "timestamp": "2026-04-14T14:55:54.150476+05:30"}
{"type": "BEGIN", "txn_id": "33ad7611-0a9b-4399-b1fa-62bf88bc3497", "timestamp": "2026-04-14T14:55:54.155849+05:30"}
{"type": "INSERT", "txn_id": "33ad7611-0a9b-4399-b1fa-62bf88bc3497", "table": "products", "key": "TX_500_321", "before": null, "after": {"product_id": "TX_500_321", "name": "TX321", "stock": 10, "price": 5.0}, "timestamp": "2026-04-14T14:55:54.158159+05:30"}
{"type": "COMMIT", "txn_id": "33ad7611-0a9b-4399-b1fa-62bf88bc3497", "timestamp": "2026-04-14T14:55:54.159386+05:30"}
{"type": "BEGIN", "txn_id": "5c92796e-2d88-41b6-a610-422514dae6c4", "timestamp": "2026-04-14T14:55:54.164283+05:30"}
{"type": "INSERT", "txn_id": "5c92796e-2d88-41b6-a610-422514dae6c4", "table": "products", "key": "TX_500_322", "before": null, "after": {"product_id": "TX_500_322", "name": "TX322", "stock": 10, "price": 5.0}, "timestamp": "2026-04-14T14:55:54.166051+05:30"}
{"type": "COMMIT", "txn_id": "5c92796e-2d88-41b6-a610-422514dae6c4", "timestamp": "2026-04-14T14:55:54.166983+05:30"}
{"type": "BEGIN", "txn_id": "abc7586d-1d5c-4288-9fbf-c4af3311736a", "timestamp": "2026-04-14T14:55:54.172554+05:30"}
{"type": "INSERT", "txn_id": "abc7586d-1d5c-4288-9fbf-c4af3311736a", "table": "products", "key": "TX_500_323", "before": null, "after": {"product_id": "TX_500_323", "name": "TX323", "stock": 10, "price": 5.0}, "timestamp": "2026-04-14T14:55:54.174565+05:30"}
{"type": "COMMIT", "txn_id": "abc7586d-1d5c-4288-9fbf-c4af3311736a", "timestamp": "2026-04-14T14:55:54.175593+05:30"}
{"type": "BEGIN", "txn_id": "d69e82a4-3d38-45d4-bb3c-b20c46b786a5", "timestamp": "2026-04-14T14:55:54.182058+05:30"}
{"type": "INSERT", "txn_id": "d69e82a4-3d38-45d4-bb3c-b20c46b786a5", "table": "products", "key": "TX_500_324", "before": null, "after": {"product_id": "TX_500_324", "name": "TX324", "stock": 10, "price": 5.0}, "timestamp": "2026-04-14T14:55:54.184067+05:30"}
{"type": "COMMIT", "txn_id": "d69e82a4-3d38-45d4-bb3c-b20c46b786a5", "timestamp": "2026-04-14T14:55:54.185235+05:30"}
{"type": "BEGIN", "txn_id": "6459f55c-a36d-45a0-965e-c7ab38a47e42", "timestamp": "2026-04-14T14:55:54.190657+05:30"}
{"type": "INSERT", "txn_id": "6459f55c-a36d-45a0-965e-c7ab38a47e42", "table": "products", "key": "TX_500_325", "before": null, "after": {"product_id": "TX_500_325", "name": "TX325", "stock": 10, "price": 5.0}, "timestamp": "2026-04-14T14:55:54.192979+05:30"}
{"type": "COMMIT", "txn_id": "6459f55c-a36d-45a0-965e-c7ab38a47e42", "timestamp": "2026-04-14T14:55:54.194808+05:30"}
{"type": "BEGIN", "txn_id": "e6e07ad4-a633-4fbd-9a2f-a5fd02805f8e", "timestamp": "2026-04-14T14:55:54.199829+05:30"}
{"type": "INSERT", "txn_id": "e6e07ad4-a633-4fbd-9a2f-a5fd02805f8e", "table": "products", "key": "TX_500_326", "before": null, "after": {"product_id": "TX_500_326", "name": "TX326", "stock": 10, "price": 5.0}, "timestamp": "2026-04-14T14:55:54.201925+05:30"}
{"type": "COMMIT", "txn_id": "e6e07ad4-a633-4fbd-9a2f-a5fd02805f8e", "timestamp": "2026-04-14T14:55:54.203419+05:30"}
{"type": "BEGIN", "txn_id": "acc5c64a-6a93-4104-bac5-61fa67a04020", "timestamp": "2026-04-14T14:55:54.210037+05:30"}
{"type": "INSERT", "txn_id": "acc5c64a-6a93-4104-bac5-61fa67a04020", "table": "products", "key": "TX_500_327", "before": null, "after": {"product_id": "TX_500_327", "name": "TX327", "stock": 10, "price": 5.0}, "timestamp": "2026-04-14T14:55:54.213665+05:30"}
{"type": "COMMIT", "txn_id": "acc5c64a-6a93-4104-bac5-61fa67a04020", "timestamp": "2026-04-14T14:55:54.215326+05:30"}
{"type": "BEGIN", "txn_id": "bda815db-4942-478e-84a3-ecd798b524a5", "timestamp": "2026-04-14T14:55:54.223592+05:30"}
{"type": "INSERT", "txn_id": "bda815db-4942-478e-84a3-ecd798b524a5", "table": "products", "key": "TX_500_328", "before": null, "after": {"product_id": "TX_500_328", "name": "TX328", "stock": 10, "price": 5.0}, "timestamp": "2026-04-14T14:55:54.226739+05:30"}
{"type": "COMMIT", "txn_id": "bda815db-4942-478e-84a3-ecd798b524a5", "timestamp": "2026-04-14T14:55:54.228673+05:30"}
{"type": "BEGIN", "txn_id": "9675f83b-bae7-457d-8d5e-40774f57b902", "timestamp": "2026-04-14T14:55:54.233644+05:30"}
{"type": "INSERT", "txn_id": "9675f83b-bae7-457d-8d5e-40774f57b902", "table": "products", "key": "TX_500_329", "before": null, "after": {"product_id": "TX_500_329", "name": "TX329", "stock": 10, "price": 5.0}, "timestamp": "2026-04-14T14:55:54.235733+05:30"}
{"type": "COMMIT", "txn_id": "9675f83b-bae7-457d-8d5e-40774f57b902", "timestamp": "2026-04-14T14:55:54.236798+05:30"}
{"type": "BEGIN", "txn_id": "b30d886a-3478-4fd6-ab36-06969ae1f84f", "timestamp": "2026-04-14T14:55:54.241780+05:30"}
{"type": "INSERT", "txn_id": "b30d886a-3478-4fd6-ab36-06969ae1f84f", "table": "products", "key": "TX_500_330", "before": null, "after": {"product_id": "TX_500_330", "name": "TX330", "stock": 10, "price": 5.0}, "timestamp": "2026-04-14T14:55:54.244593+05:30"}
{"type": "COMMIT", "txn_id": "b30d886a-3478-4fd6-ab36-06969ae1f84f", "timestamp": "2026-04-14T14:55:54.246223+05:30"}
{"type": "BEGIN", "txn_id": "db9462a1-4227-4493-b9cf-441a758103ea", "timestamp": "2026-04-14T14:55:54.252087+05:30"}
{"type": "INSERT", "txn_id": "db9462a1-4227-4493-b9cf-441a758103ea", "table": "products", "key": "TX_500_331", "before": null, "after": {"product_id": "TX_500_331", "name": "TX331", "stock": 10, "price": 5.0}, "timestamp": "2026-04-14T14:55:54.254405+05:30"}
{"type": "COMMIT", "txn_id": "db9462a1-4227-4493-b9cf-441a758103ea", "timestamp": "2026-04-14T14:55:54.255648+05:30"}
{"type": "BEGIN", "txn_id": "ed2c3bd4-2d6b-4d7f-b6d5-573092eb1ef9", "timestamp": "2026-04-14T14:55:54.263721+05:30"}
{"type": "INSERT", "txn_id": "ed2c3bd4-2d6b-4d7f-b6d5-573092eb1ef9", "table": "products", "key": "TX_500_332", "before": null, "after": {"product_id": "TX_500_332", "name": "TX332", "stock": 10, "price": 5.0}, "timestamp": "2026-04-14T14:55:54.266168+05:30"}
{"type": "COMMIT", "txn_id": "ed2c3bd4-2d6b-4d7f-b6d5-573092eb1ef9", "timestamp": "2026-04-14T14:55:54.267444+05:30"}
{"type": "BEGIN", "txn_id": "c24441bd-ea44-41ec-96c9-fadbd266cf81", "timestamp": "2026-04-14T14:55:54.272810+05:30"}
{"type": "INSERT", "txn_id": "c24441bd-ea44-41ec-96c9-fadbd266cf81", "table": "products", "key": "TX_500_333", "before": null, "after": {"product_id": "TX_500_333", "name": "TX333", "stock": 10, "price": 5.0}, "timestamp": "2026-04-14T14:55:54.274880+05:30"}
{"type": "COMMIT", "txn_id": "c24441bd-ea44-41ec-96c9-fadbd266cf81", "timestamp": "2026-04-14T14:55:54.282831+05:30"}
{"type": "BEGIN", "txn_id": "321d6d7e-9b39-44e3-a404-3b853786de94", "timestamp": "2026-04-14T14:55:54.290562+05:30"}
{"type": "INSERT", "txn_id": "321d6d7e-9b39-44e3-a404-3b853786de94", "table": "products", "key": "TX_500_334", "before": null, "after": {"product_id": "TX_500_334", "name": "TX334", "stock": 10, "price": 5.0}, "timestamp": "2026-04-14T14:55:54.294437+05:30"}
{"type": "COMMIT", "txn_id": "321d6d7e-9b39-44e3-a404-3b853786de94", "timestamp": "2026-04-14T14:55:54.297081+05:30"}
{"type": "BEGIN", "txn_id": "f0ec2c79-6613-478d-9f46-9da98a0cd5b0", "timestamp": "2026-04-14T14:55:54.303034+05:30"}
{"type": "INSERT", "txn_id": "f0ec2c79-6613-478d-9f46-9da98a0cd5b0", "table": "products", "key": "TX_500_335", "before": null, "after": {"product_id": "TX_500_335", "name": "TX335", "stock": 10, "price": 5.0}, "timestamp": "2026-04-14T14:55:54.305172+05:30"}
{"type": "COMMIT", "txn_id": "f0ec2c79-6613-478d-9f46-9da98a0cd5b0", "timestamp": "2026-04-14T14:55:54.306200+05:30"}
{"type": "BEGIN", "txn_id": "fd7cf69d-a9d5-40e2-8ea4-a1fff929b680", "timestamp": "2026-04-14T14:55:54.313348+05:30"}
{"type": "INSERT", "txn_id": "fd7cf69d-a9d5-40e2-8ea4-a1fff929b680", "table": "products", "key": "TX_500_336", "before": null, "after": {"product_id": "TX_500_336", "name": "TX336", "stock": 10, "price": 5.0}, "timestamp": "2026-04-14T14:55:54.315640+05:30"}
{"type": "COMMIT", "txn_id": "fd7cf69d-a9d5-40e2-8ea4-a1fff929b680", "timestamp": "2026-04-14T14:55:54.316774+05:30"}
{"type": "BEGIN", "txn_id": "750b4578-b315-497f-aafa-cbfa3b8844a4", "timestamp": "2026-04-14T14:55:54.322864+05:30"}
{"type": "INSERT", "txn_id": "750b4578-b315-497f-aafa-cbfa3b8844a4", "table": "products", "key": "TX_500_337", "before": null, "after": {"product_id": "TX_500_337", "name": "TX337", "stock": 10, "price": 5.0}, "timestamp": "2026-04-14T14:55:54.326078+05:30"}
{"type": "COMMIT", "txn_id": "750b4578-b315-497f-aafa-cbfa3b8844a4", "timestamp": "2026-04-14T14:55:54.327715+05:30"}
{"type": "BEGIN", "txn_id": "2913e5d1-e4c6-4842-88bb-f41c0e3513ea", "timestamp": "2026-04-14T14:55:54.334021+05:30"}
{"type": "INSERT", "txn_id": "2913e5d1-e4c6-4842-88bb-f41c0e3513ea", "table": "products", "key": "TX_500_338", "before": null, "after": {"product_id": "TX_500_338", "name": "TX338", "stock": 10, "price": 5.0}, "timestamp": "2026-04-14T14:55:54.336140+05:30"}
{"type": "COMMIT", "txn_id": "2913e5d1-e4c6-4842-88bb-f41c0e3513ea", "timestamp": "2026-04-14T14:55:54.337234+05:30"}
{"type": "BEGIN", "txn_id": "286936f1-c413-4950-a67f-d262dd0cf8f9", "timestamp": "2026-04-14T14:55:54.343244+05:30"}
{"type": "INSERT", "txn_id": "286936f1-c413-4950-a67f-d262dd0cf8f9", "table": "products", "key": "TX_500_339", "before": null, "after": {"product_id": "TX_500_339", "name": "TX339", "stock": 10, "price": 5.0}, "timestamp": "2026-04-14T14:55:54.346339+05:30"}
{"type": "COMMIT", "txn_id": "286936f1-c413-4950-a67f-d262dd0cf8f9", "timestamp": "2026-04-14T14:55:54.347811+05:30"}
{"type": "BEGIN", "txn_id": "82e40348-3701-4670-a5d0-b0194795381e", "timestamp": "2026-04-14T14:55:54.352931+05:30"}
{"type": "INSERT", "txn_id": "82e40348-3701-4670-a5d0-b0194795381e", "table": "products", "key": "TX_500_340", "before": null, "after": {"product_id": "TX_500_340", "name": "TX340", "stock": 10, "price": 5.0}, "timestamp": "2026-04-14T14:55:54.355283+05:30"}
{"type": "COMMIT", "txn_id": "82e40348-3701-4670-a5d0-b0194795381e", "timestamp": "2026-04-14T14:55:54.356389+05:30"}
{"type": "BEGIN", "txn_id": "fe7ec538-58e2-4b11-8578-2e0daaf3547e", "timestamp": "2026-04-14T14:55:54.362350+05:30"}
{"type": "INSERT", "txn_id": "fe7ec538-58e2-4b11-8578-2e0daaf3547e", "table": "products", "key": "TX_500_341", "before": null, "after": {"product_id": "TX_500_341", "name": "TX341", "stock": 10, "price": 5.0}, "timestamp": "2026-04-14T14:55:54.364860+05:30"}
{"type": "COMMIT", "txn_id": "fe7ec538-58e2-4b11-8578-2e0daaf3547e", "timestamp": "2026-04-14T14:55:54.365950+05:30"}
{"type": "BEGIN", "txn_id": "625b928c-4454-4689-b21c-5deb8b8a46f2", "timestamp": "2026-04-14T14:55:54.371186+05:30"}
{"type": "INSERT", "txn_id": "625b928c-4454-4689-b21c-5deb8b8a46f2", "table": "products", "key": "TX_500_342", "before": null, "after": {"product_id": "TX_500_342", "name": "TX342", "stock": 10, "price": 5.0}, "timestamp": "2026-04-14T14:55:54.373410+05:30"}
{"type": "COMMIT", "txn_id": "625b928c-4454-4689-b21c-5deb8b8a46f2", "timestamp": "2026-04-14T14:55:54.374506+05:30"}
{"type": "BEGIN", "txn_id": "1cdeb6e4-d5cd-4329-89c5-0837f5e6a879", "timestamp": "2026-04-14T14:55:54.381535+05:30"}
{"type": "INSERT", "txn_id": "1cdeb6e4-d5cd-4329-89c5-0837f5e6a879", "table": "products", "key": "TX_500_343", "before": null, "after": {"product_id": "TX_500_343", "name": "TX343", "stock": 10, "price": 5.0}, "timestamp": "2026-04-14T14:55:54.384936+05:30"}
{"type": "COMMIT", "txn_id": "1cdeb6e4-d5cd-4329-89c5-0837f5e6a879", "timestamp": "2026-04-14T14:55:54.386139+05:30"}
{"type": "BEGIN", "txn_id": "31453e23-48fd-4f32-a28d-492ef7e09888", "timestamp": "2026-04-14T14:55:54.391932+05:30"}
{"type": "INSERT", "txn_id": "31453e23-48fd-4f32-a28d-492ef7e09888", "table": "products", "key": "TX_500_344", "before": null, "after": {"product_id": "TX_500_344", "name": "TX344", "stock": 10, "price": 5.0}, "timestamp": "2026-04-14T14:55:54.394934+05:30"}
{"type": "COMMIT", "txn_id": "31453e23-48fd-4f32-a28d-492ef7e09888", "timestamp": "2026-04-14T14:55:54.396368+05:30"}
{"type": "BEGIN", "txn_id": "21b40527-ec6a-47a1-aa03-6b0fea5744b4", "timestamp": "2026-04-14T14:55:54.401817+05:30"}
{"type": "INSERT", "txn_id": "21b40527-ec6a-47a1-aa03-6b0fea5744b4", "table": "products", "key": "TX_500_345", "before": null, "after": {"product_id": "TX_500_345", "name": "TX345", "stock": 10, "price": 5.0}, "timestamp": "2026-04-14T14:55:54.403992+05:30"}
{"type": "COMMIT", "txn_id": "21b40527-ec6a-47a1-aa03-6b0fea5744b4", "timestamp": "2026-04-14T14:55:54.405233+05:30"}
{"type": "BEGIN", "txn_id": "77baeb85-8d4f-440f-b2ef-5add6c085804", "timestamp": "2026-04-14T14:55:54.410821+05:30"}
{"type": "INSERT", "txn_id": "77baeb85-8d4f-440f-b2ef-5add6c085804", "table": "products", "key": "TX_500_346", "before": null, "after": {"product_id": "TX_500_346", "name": "TX346", "stock": 10, "price": 5.0}, "timestamp": "2026-04-14T14:55:54.413320+05:30"}
{"type": "COMMIT", "txn_id": "77baeb85-8d4f-440f-b2ef-5add6c085804", "timestamp": "2026-04-14T14:55:54.414794+05:30"}
{"type": "BEGIN", "txn_id": "ffebfa71-2157-4768-bb51-d75382accff7", "timestamp": "2026-04-14T14:55:54.421383+05:30"}
{"type": "INSERT", "txn_id": "ffebfa71-2157-4768-bb51-d75382accff7", "table": "products", "key": "TX_500_347", "before": null, "after": {"product_id": "TX_500_347", "name": "TX347", "stock": 10, "price": 5.0}, "timestamp": "2026-04-14T14:55:54.423642+05:30"}
{"type": "COMMIT", "txn_id": "ffebfa71-2157-4768-bb51-d75382accff7", "timestamp": "2026-04-14T14:55:54.424700+05:30"}
{"type": "BEGIN", "txn_id": "a75a1a4a-8c06-4075-9f03-aa9676d8bcc3", "timestamp": "2026-04-14T14:55:54.431278+05:30"}
{"type": "INSERT", "txn_id": "a75a1a4a-8c06-4075-9f03-aa9676d8bcc3", "table": "products", "key": "TX_500_348", "before": null, "after": {"product_id": "TX_500_348", "name": "TX348", "stock": 10, "price": 5.0}, "timestamp": "2026-04-14T14:55:54.433942+05:30"}
{"type": "COMMIT", "txn_id": "a75a1a4a-8c06-4075-9f03-aa9676d8bcc3", "timestamp": "2026-04-14T14:55:54.435202+05:30"}
{"type": "BEGIN", "txn_id": "cbe0f012-c476-4e7d-8f2e-2b273ff2e5e9", "timestamp": "2026-04-14T14:55:54.440555+05:30"}
{"type": "INSERT", "txn_id": "cbe0f012-c476-4e7d-8f2e-2b273ff2e5e9", "table": "products", "key": "TX_500_349", "before": null, "after": {"product_id": "TX_500_349", "name": "TX349", "stock": 10, "price": 5.0}, "timestamp": "2026-04-14T14:55:54.442788+05:30"}
{"type": "COMMIT", "txn_id": "cbe0f012-c476-4e7d-8f2e-2b273ff2e5e9", "timestamp": "2026-04-14T14:55:54.444185+05:30"}
{"type": "BEGIN", "txn_id": "2c7d8413-0b30-4ef1-9baf-567ab8a62191", "timestamp": "2026-04-14T14:55:54.449464+05:30"}
{"type": "INSERT", "txn_id": "2c7d8413-0b30-4ef1-9baf-567ab8a62191", "table": "products", "key": "TX_500_350", "before": null, "after": {"product_id": "TX_500_350", "name": "TX350", "stock": 10, "price": 5.0}, "timestamp": "2026-04-14T14:55:54.451544+05:30"}
{"type": "COMMIT", "txn_id": "2c7d8413-0b30-4ef1-9baf-567ab8a62191", "timestamp": "2026-04-14T14:55:54.452610+05:30"}
{"type": "BEGIN", "txn_id": "2a883581-5dad-4319-a7c3-0ea92b52b764", "timestamp": "2026-04-14T14:55:54.457666+05:30"}
{"type": "INSERT", "txn_id": "2a883581-5dad-4319-a7c3-0ea92b52b764", "table": "products", "key": "TX_500_351", "before": null, "after": {"product_id": "TX_500_351", "name": "TX351", "stock": 10, "price": 5.0}, "timestamp": "2026-04-14T14:55:54.460006+05:30"}
{"type": "COMMIT", "txn_id": "2a883581-5dad-4319-a7c3-0ea92b52b764", "timestamp": "2026-04-14T14:55:54.462019+05:30"}
{"type": "BEGIN", "txn_id": "d6374d49-7e38-4b55-83a3-377e1abf2767", "timestamp": "2026-04-14T14:55:54.468375+05:30"}
{"type": "INSERT", "txn_id": "d6374d49-7e38-4b55-83a3-377e1abf2767", "table": "products", "key": "TX_500_352", "before": null, "after": {"product_id": "TX_500_352", "name": "TX352", "stock": 10, "price": 5.0}, "timestamp": "2026-04-14T14:55:54.470584+05:30"}
{"type": "COMMIT", "txn_id": "d6374d49-7e38-4b55-83a3-377e1abf2767", "timestamp": "2026-04-14T14:55:54.471832+05:30"}
{"type": "BEGIN", "txn_id": "68bd9025-c798-4313-818b-79cc81a4bc8e", "timestamp": "2026-04-14T14:55:54.478283+05:30"}
{"type": "INSERT", "txn_id": "68bd9025-c798-4313-818b-79cc81a4bc8e", "table": "products", "key": "TX_500_353", "before": null, "after": {"product_id": "TX_500_353", "name": "TX353", "stock": 10, "price": 5.0}, "timestamp": "2026-04-14T14:55:54.481060+05:30"}
{"type": "COMMIT", "txn_id": "68bd9025-c798-4313-818b-79cc81a4bc8e", "timestamp": "2026-04-14T14:55:54.482490+05:30"}
{"type": "BEGIN", "txn_id": "8494865d-3b8b-46fb-84e2-cdfdc975fd12", "timestamp": "2026-04-14T14:55:54.488124+05:30"}
{"type": "INSERT", "txn_id": "8494865d-3b8b-46fb-84e2-cdfdc975fd12", "table": "products", "key": "TX_500_354", "before": null, "after": {"product_id": "TX_500_354", "name": "TX354", "stock": 10, "price": 5.0}, "timestamp": "2026-04-14T14:55:54.490302+05:30"}
{"type": "COMMIT", "txn_id": "8494865d-3b8b-46fb-84e2-cdfdc975fd12", "timestamp": "2026-04-14T14:55:54.491371+05:30"}
{"type": "BEGIN", "txn_id": "921885ee-b91d-4c61-9fcd-3540af5ec4ea", "timestamp": "2026-04-14T14:55:54.497674+05:30"}
{"type": "INSERT", "txn_id": "921885ee-b91d-4c61-9fcd-3540af5ec4ea", "table": "products", "key": "TX_500_355", "before": null, "after": {"product_id": "TX_500_355", "name": "TX355", "stock": 10, "price": 5.0}, "timestamp": "2026-04-14T14:55:54.499726+05:30"}
{"type": "COMMIT", "txn_id": "921885ee-b91d-4c61-9fcd-3540af5ec4ea", "timestamp": "2026-04-14T14:55:54.501207+05:30"}
{"type": "BEGIN", "txn_id": "2f1b7541-fc7e-4183-8c71-466d2053836f", "timestamp": "2026-04-14T14:55:54.506664+05:30"}
{"type": "INSERT", "txn_id": "2f1b7541-fc7e-4183-8c71-466d2053836f", "table": "products", "key": "TX_500_356", "before": null, "after": {"product_id": "TX_500_356", "name": "TX356", "stock": 10, "price": 5.0}, "timestamp": "2026-04-14T14:55:54.508690+05:30"}
{"type": "COMMIT", "txn_id": "2f1b7541-fc7e-4183-8c71-466d2053836f", "timestamp": "2026-04-14T14:55:54.510905+05:30"}
{"type": "BEGIN", "txn_id": "359a0904-c093-4fbd-8f29-15f8cba4d7bd", "timestamp": "2026-04-14T14:55:54.518184+05:30"}
{"type": "INSERT", "txn_id": "359a0904-c093-4fbd-8f29-15f8cba4d7bd", "table": "products", "key": "TX_500_357", "before": null, "after": {"product_id": "TX_500_357", "name": "TX357", "stock": 10, "price": 5.0}, "timestamp": "2026-04-14T14:55:54.520416+05:30"}
{"type": "COMMIT", "txn_id": "359a0904-c093-4fbd-8f29-15f8cba4d7bd", "timestamp": "2026-04-14T14:55:54.521558+05:30"}
{"type": "BEGIN", "txn_id": "2278dca4-65d5-452b-8cf9-77a21e259c30", "timestamp": "2026-04-14T14:55:54.527937+05:30"}
{"type": "INSERT", "txn_id": "2278dca4-65d5-452b-8cf9-77a21e259c30", "table": "products", "key": "TX_500_358", "before": null, "after": {"product_id": "TX_500_358", "name": "TX358", "stock": 10, "price": 5.0}, "timestamp": "2026-04-14T14:55:54.530243+05:30"}
{"type": "COMMIT", "txn_id": "2278dca4-65d5-452b-8cf9-77a21e259c30", "timestamp": "2026-04-14T14:55:54.531355+05:30"}
{"type": "BEGIN", "txn_id": "90c2af2e-3639-4999-9106-2f39aeaa8f8b", "timestamp": "2026-04-14T14:55:54.536503+05:30"}
{"type": "INSERT", "txn_id": "90c2af2e-3639-4999-9106-2f39aeaa8f8b", "table": "products", "key": "TX_500_359", "before": null, "after": {"product_id": "TX_500_359", "name": "TX359", "stock": 10, "price": 5.0}, "timestamp": "2026-04-14T14:55:54.538616+05:30"}
{"type": "COMMIT", "txn_id": "90c2af2e-3639-4999-9106-2f39aeaa8f8b", "timestamp": "2026-04-14T14:55:54.539669+05:30"}
{"type": "BEGIN", "txn_id": "0b77b640-b3d6-4340-b559-19c1904dce0e", "timestamp": "2026-04-14T14:55:54.547715+05:30"}
{"type": "INSERT", "txn_id": "0b77b640-b3d6-4340-b559-19c1904dce0e", "table": "products", "key": "TX_500_360", "before": null, "after": {"product_id": "TX_500_360", "name": "TX360", "stock": 10, "price": 5.0}, "timestamp": "2026-04-14T14:55:54.550303+05:30"}
{"type": "COMMIT", "txn_id": "0b77b640-b3d6-4340-b559-19c1904dce0e", "timestamp": "2026-04-14T14:55:54.551401+05:30"}
{"type": "BEGIN", "txn_id": "fb39aa72-9844-4b9b-8e9b-c1c99404af8d", "timestamp": "2026-04-14T14:55:54.556659+05:30"}
{"type": "INSERT", "txn_id": "fb39aa72-9844-4b9b-8e9b-c1c99404af8d", "table": "products", "key": "TX_500_361", "before": null, "after": {"product_id": "TX_500_361", "name": "TX361", "stock": 10, "price": 5.0}, "timestamp": "2026-04-14T14:55:54.558914+05:30"}
{"type": "COMMIT", "txn_id": "fb39aa72-9844-4b9b-8e9b-c1c99404af8d", "timestamp": "2026-04-14T14:55:54.560608+05:30"}
{"type": "BEGIN", "txn_id": "e5eedcc0-2933-493a-aefa-a76573da35dd", "timestamp": "2026-04-14T14:55:54.566230+05:30"}
{"type": "INSERT", "txn_id": "e5eedcc0-2933-493a-aefa-a76573da35dd", "table": "products", "key": "TX_500_362", "before": null, "after": {"product_id": "TX_500_362", "name": "TX362", "stock": 10, "price": 5.0}, "timestamp": "2026-04-14T14:55:54.568544+05:30"}
{"type": "COMMIT", "txn_id": "e5eedcc0-2933-493a-aefa-a76573da35dd", "timestamp": "2026-04-14T14:55:54.569919+05:30"}
{"type": "BEGIN", "txn_id": "b8e4ae42-9dac-4d9b-ae19-f7ca4ed2fdbf", "timestamp": "2026-04-14T14:55:54.575186+05:30"}
{"type": "INSERT", "txn_id": "b8e4ae42-9dac-4d9b-ae19-f7ca4ed2fdbf", "table": "products", "key": "TX_500_363", "before": null, "after": {"product_id": "TX_500_363", "name": "TX363", "stock": 10, "price": 5.0}, "timestamp": "2026-04-14T14:55:54.578392+05:30"}
{"type": "COMMIT", "txn_id": "b8e4ae42-9dac-4d9b-ae19-f7ca4ed2fdbf", "timestamp": "2026-04-14T14:55:54.580378+05:30"}
{"type": "BEGIN", "txn_id": "05c5e321-b6c7-4762-bd3a-e6520cc596a4", "timestamp": "2026-04-14T14:55:54.586736+05:30"}
{"type": "INSERT", "txn_id": "05c5e321-b6c7-4762-bd3a-e6520cc596a4", "table": "products", "key": "TX_500_364", "before": null, "after": {"product_id": "TX_500_364", "name": "TX364", "stock": 10, "price": 5.0}, "timestamp": "2026-04-14T14:55:54.589068+05:30"}
{"type": "COMMIT", "txn_id": "05c5e321-b6c7-4762-bd3a-e6520cc596a4", "timestamp": "2026-04-14T14:55:54.590417+05:30"}
{"type": "BEGIN", "txn_id": "4585e9cc-6958-491c-9e16-33063bd1f9e9", "timestamp": "2026-04-14T14:55:54.596852+05:30"}
{"type": "INSERT", "txn_id": "4585e9cc-6958-491c-9e16-33063bd1f9e9", "table": "products", "key": "TX_500_365", "before": null, "after": {"product_id": "TX_500_365", "name": "TX365", "stock": 10, "price": 5.0}, "timestamp": "2026-04-14T14:55:54.599103+05:30"}
{"type": "COMMIT", "txn_id": "4585e9cc-6958-491c-9e16-33063bd1f9e9", "timestamp": "2026-04-14T14:55:54.600150+05:30"}
{"type": "BEGIN", "txn_id": "11285b51-b37a-4066-b2af-765e45eae6e2", "timestamp": "2026-04-14T14:55:54.605266+05:30"}
{"type": "INSERT", "txn_id": "11285b51-b37a-4066-b2af-765e45eae6e2", "table": "products", "key": "TX_500_366", "before": null, "after": {"product_id": "TX_500_366", "name": "TX366", "stock": 10, "price": 5.0}, "timestamp": "2026-04-14T14:55:54.607517+05:30"}
{"type": "COMMIT", "txn_id": "11285b51-b37a-4066-b2af-765e45eae6e2", "timestamp": "2026-04-14T14:55:54.608663+05:30"}
{"type": "BEGIN", "txn_id": "4a5c19c2-707f-4155-a96a-8ed824c4ffae", "timestamp": "2026-04-14T14:55:54.615048+05:30"}
{"type": "INSERT", "txn_id": "4a5c19c2-707f-4155-a96a-8ed824c4ffae", "table": "products", "key": "TX_500_367", "before": null, "after": {"product_id": "TX_500_367", "name": "TX367", "stock": 10, "price": 5.0}, "timestamp": "2026-04-14T14:55:54.617478+05:30"}
{"type": "COMMIT", "txn_id": "4a5c19c2-707f-4155-a96a-8ed824c4ffae", "timestamp": "2026-04-14T14:55:54.618653+05:30"}
{"type": "BEGIN", "txn_id": "ea3bfce0-b0fa-4753-9340-9b3fdbf61b0d", "timestamp": "2026-04-14T14:55:54.624595+05:30"}
{"type": "INSERT", "txn_id": "ea3bfce0-b0fa-4753-9340-9b3fdbf61b0d", "table": "products", "key": "TX_500_368", "before": null, "after": {"product_id": "TX_500_368", "name": "TX368", "stock": 10, "price": 5.0}, "timestamp": "2026-04-14T14:55:54.627310+05:30"}
{"type": "COMMIT", "txn_id": "ea3bfce0-b0fa-4753-9340-9b3fdbf61b0d", "timestamp": "2026-04-14T14:55:54.629373+05:30"}
{"type": "BEGIN", "txn_id": "86521665-c540-4c30-9844-4ab509a8724a", "timestamp": "2026-04-14T14:55:54.634604+05:30"}
{"type": "INSERT", "txn_id": "86521665-c540-4c30-9844-4ab509a8724a", "table": "products", "key": "TX_500_369", "before": null, "after": {"product_id": "TX_500_369", "name": "TX369", "stock": 10, "price": 5.0}, "timestamp": "2026-04-14T14:55:54.636790+05:30"}
{"type": "COMMIT", "txn_id": "86521665-c540-4c30-9844-4ab509a8724a", "timestamp": "2026-04-14T14:55:54.637804+05:30"}
{"type": "BEGIN", "txn_id": "1ab8a579-db7b-45bd-b299-1eeda0a98123", "timestamp": "2026-04-14T14:55:54.643541+05:30"}
{"type": "INSERT", "txn_id": "1ab8a579-db7b-45bd-b299-1eeda0a98123", "table": "products", "key": "TX_500_370", "before": null, "after": {"product_id": "TX_500_370", "name": "TX370", "stock": 10, "price": 5.0}, "timestamp": "2026-04-14T14:55:54.646448+05:30"}
{"type": "COMMIT", "txn_id": "1ab8a579-db7b-45bd-b299-1eeda0a98123", "timestamp": "2026-04-14T14:55:54.647684+05:30"}
{"type": "BEGIN", "txn_id": "a5d0543c-a211-4e15-a503-960f66658a48", "timestamp": "2026-04-14T14:55:54.653413+05:30"}
{"type": "INSERT", "txn_id": "a5d0543c-a211-4e15-a503-960f66658a48", "table": "products", "key": "TX_500_371", "before": null, "after": {"product_id": "TX_500_371", "name": "TX371", "stock": 10, "price": 5.0}, "timestamp": "2026-04-14T14:55:54.656177+05:30"}
{"type": "COMMIT", "txn_id": "a5d0543c-a211-4e15-a503-960f66658a48", "timestamp": "2026-04-14T14:55:54.657514+05:30"}
{"type": "BEGIN", "txn_id": "e0bc674e-d935-41cb-935b-54a04e927dfe", "timestamp": "2026-04-14T14:55:54.664076+05:30"}
{"type": "INSERT", "txn_id": "e0bc674e-d935-41cb-935b-54a04e927dfe", "table": "products", "key": "TX_500_372", "before": null, "after": {"product_id": "TX_500_372", "name": "TX372", "stock": 10, "price": 5.0}, "timestamp": "2026-04-14T14:55:54.666260+05:30"}
{"type": "COMMIT", "txn_id": "e0bc674e-d935-41cb-935b-54a04e927dfe", "timestamp": "2026-04-14T14:55:54.667383+05:30"}
{"type": "BEGIN", "txn_id": "91c00eb1-5f0f-416e-9fcc-bd87c403b7f3", "timestamp": "2026-04-14T14:55:54.672824+05:30"}
{"type": "INSERT", "txn_id": "91c00eb1-5f0f-416e-9fcc-bd87c403b7f3", "table": "products", "key": "TX_500_373", "before": null, "after": {"product_id": "TX_500_373", "name": "TX373", "stock": 10, "price": 5.0}, "timestamp": "2026-04-14T14:55:54.674938+05:30"}
{"type": "COMMIT", "txn_id": "91c00eb1-5f0f-416e-9fcc-bd87c403b7f3", "timestamp": "2026-04-14T14:55:54.676857+05:30"}
{"type": "BEGIN", "txn_id": "b02899a9-6632-4ada-b56d-c6d8db78e0e7", "timestamp": "2026-04-14T14:55:54.684933+05:30"}
{"type": "INSERT", "txn_id": "b02899a9-6632-4ada-b56d-c6d8db78e0e7", "table": "products", "key": "TX_500_374", "before": null, "after": {"product_id": "TX_500_374", "name": "TX374", "stock": 10, "price": 5.0}, "timestamp": "2026-04-14T14:55:54.687765+05:30"}
{"type": "COMMIT", "txn_id": "b02899a9-6632-4ada-b56d-c6d8db78e0e7", "timestamp": "2026-04-14T14:55:54.689229+05:30"}
{"type": "BEGIN", "txn_id": "2843adca-8b51-485c-95b1-5de3e35dad38", "timestamp": "2026-04-14T14:55:54.696712+05:30"}
{"type": "INSERT", "txn_id": "2843adca-8b51-485c-95b1-5de3e35dad38", "table": "products", "key": "TX_500_375", "before": null, "after": {"product_id": "TX_500_375", "name": "TX375", "stock": 10, "price": 5.0}, "timestamp": "2026-04-14T14:55:54.698898+05:30"}
{"type": "COMMIT", "txn_id": "2843adca-8b51-485c-95b1-5de3e35dad38", "timestamp": "2026-04-14T14:55:54.700114+05:30"}
{"type": "BEGIN", "txn_id": "42695925-1c0e-457d-a19f-70cfea88a0f8", "timestamp": "2026-04-14T14:55:54.705414+05:30"}
{"type": "INSERT", "txn_id": "42695925-1c0e-457d-a19f-70cfea88a0f8", "table": "products", "key": "TX_500_376", "before": null, "after": {"product_id": "TX_500_376", "name": "TX376", "stock": 10, "price": 5.0}, "timestamp": "2026-04-14T14:55:54.707614+05:30"}
{"type": "COMMIT", "txn_id": "42695925-1c0e-457d-a19f-70cfea88a0f8", "timestamp": "2026-04-14T14:55:54.708761+05:30"}
{"type": "BEGIN", "txn_id": "3510871a-7890-4e95-9cd2-6f2939fbee39", "timestamp": "2026-04-14T14:55:54.718297+05:30"}
{"type": "INSERT", "txn_id": "3510871a-7890-4e95-9cd2-6f2939fbee39", "table": "products", "key": "TX_500_377", "before": null, "after": {"product_id": "TX_500_377", "name": "TX377", "stock": 10, "price": 5.0}, "timestamp": "2026-04-14T14:55:54.720766+05:30"}
{"type": "COMMIT", "txn_id": "3510871a-7890-4e95-9cd2-6f2939fbee39", "timestamp": "2026-04-14T14:55:54.722136+05:30"}
{"type": "BEGIN", "txn_id": "68b82dd7-5ec7-4cc0-8c99-c87902758725", "timestamp": "2026-04-14T14:55:54.729001+05:30"}
{"type": "INSERT", "txn_id": "68b82dd7-5ec7-4cc0-8c99-c87902758725", "table": "products", "key": "TX_500_378", "before": null, "after": {"product_id": "TX_500_378", "name": "TX378", "stock": 10, "price": 5.0}, "timestamp": "2026-04-14T14:55:54.731802+05:30"}
{"type": "COMMIT", "txn_id": "68b82dd7-5ec7-4cc0-8c99-c87902758725", "timestamp": "2026-04-14T14:55:54.733281+05:30"}
{"type": "BEGIN", "txn_id": "05303aa8-6c2d-4946-8ef1-763df315a4a4", "timestamp": "2026-04-14T14:55:54.738831+05:30"}
{"type": "INSERT", "txn_id": "05303aa8-6c2d-4946-8ef1-763df315a4a4", "table": "products", "key": "TX_500_379", "before": null, "after": {"product_id": "TX_500_379", "name": "TX379", "stock": 10, "price": 5.0}, "timestamp": "2026-04-14T14:55:54.740954+05:30"}
{"type": "COMMIT", "txn_id": "05303aa8-6c2d-4946-8ef1-763df315a4a4", "timestamp": "2026-04-14T14:55:54.742207+05:30"}
{"type": "BEGIN", "txn_id": "75feac1d-3bcd-4014-bd1c-114f464ea61b", "timestamp": "2026-04-14T14:55:54.750757+05:30"}
{"type": "INSERT", "txn_id": "75feac1d-3bcd-4014-bd1c-114f464ea61b", "table": "products", "key": "TX_500_380", "before": null, "after": {"product_id": "TX_500_380", "name": "TX380", "stock": 10, "price": 5.0}, "timestamp": "2026-04-14T14:55:54.753131+05:30"}
{"type": "COMMIT", "txn_id": "75feac1d-3bcd-4014-bd1c-114f464ea61b", "timestamp": "2026-04-14T14:55:54.754249+05:30"}
{"type": "BEGIN", "txn_id": "2311cae0-815c-472c-bc39-a002e159ca97", "timestamp": "2026-04-14T14:55:54.760648+05:30"}
{"type": "INSERT", "txn_id": "2311cae0-815c-472c-bc39-a002e159ca97", "table": "products", "key": "TX_500_381", "before": null, "after": {"product_id": "TX_500_381", "name": "TX381", "stock": 10, "price": 5.0}, "timestamp": "2026-04-14T14:55:54.763151+05:30"}
{"type": "COMMIT", "txn_id": "2311cae0-815c-472c-bc39-a002e159ca97", "timestamp": "2026-04-14T14:55:54.764445+05:30"}
{"type": "BEGIN", "txn_id": "6dddb5a3-4b56-4909-8e1c-8fad766b702d", "timestamp": "2026-04-14T14:55:54.769722+05:30"}
{"type": "INSERT", "txn_id": "6dddb5a3-4b56-4909-8e1c-8fad766b702d", "table": "products", "key": "TX_500_382", "before": null, "after": {"product_id": "TX_500_382", "name": "TX382", "stock": 10, "price": 5.0}, "timestamp": "2026-04-14T14:55:54.771894+05:30"}
{"type": "COMMIT", "txn_id": "6dddb5a3-4b56-4909-8e1c-8fad766b702d", "timestamp": "2026-04-14T14:55:54.772905+05:30"}
{"type": "BEGIN", "txn_id": "6809c472-e0fe-4047-b4f3-e36606ed3448", "timestamp": "2026-04-14T14:55:54.780317+05:30"}
{"type": "INSERT", "txn_id": "6809c472-e0fe-4047-b4f3-e36606ed3448", "table": "products", "key": "TX_500_383", "before": null, "after": {"product_id": "TX_500_383", "name": "TX383", "stock": 10, "price": 5.0}, "timestamp": "2026-04-14T14:55:54.782735+05:30"}
{"type": "COMMIT", "txn_id": "6809c472-e0fe-4047-b4f3-e36606ed3448", "timestamp": "2026-04-14T14:55:54.784128+05:30"}
{"type": "BEGIN", "txn_id": "3c9af43c-1009-4fc1-b879-21ea8105599d", "timestamp": "2026-04-14T14:55:54.790517+05:30"}
{"type": "INSERT", "txn_id": "3c9af43c-1009-4fc1-b879-21ea8105599d", "table": "products", "key": "TX_500_384", "before": null, "after": {"product_id": "TX_500_384", "name": "TX384", "stock": 10, "price": 5.0}, "timestamp": "2026-04-14T14:55:54.794017+05:30"}
{"type": "COMMIT", "txn_id": "3c9af43c-1009-4fc1-b879-21ea8105599d", "timestamp": "2026-04-14T14:55:54.796210+05:30"}
{"type": "BEGIN", "txn_id": "c25d49b9-8320-41c3-b451-5a23fd327d30", "timestamp": "2026-04-14T14:55:54.802490+05:30"}
{"type": "INSERT", "txn_id": "c25d49b9-8320-41c3-b451-5a23fd327d30", "table": "products", "key": "TX_500_385", "before": null, "after": {"product_id": "TX_500_385", "name": "TX385", "stock": 10, "price": 5.0}, "timestamp": "2026-04-14T14:55:54.804632+05:30"}
{"type": "COMMIT", "txn_id": "c25d49b9-8320-41c3-b451-5a23fd327d30", "timestamp": "2026-04-14T14:55:54.805690+05:30"}
{"type": "BEGIN", "txn_id": "564388bf-9e46-4a8c-b23e-6455187419be", "timestamp": "2026-04-14T14:55:54.811946+05:30"}
{"type": "INSERT", "txn_id": "564388bf-9e46-4a8c-b23e-6455187419be", "table": "products", "key": "TX_500_386", "before": null, "after": {"product_id": "TX_500_386", "name": "TX386", "stock": 10, "price": 5.0}, "timestamp": "2026-04-14T14:55:54.814750+05:30"}
{"type": "COMMIT", "txn_id": "564388bf-9e46-4a8c-b23e-6455187419be", "timestamp": "2026-04-14T14:55:54.816238+05:30"}
{"type": "BEGIN", "txn_id": "3c9bacd2-4b24-4716-b91e-63c074d36b52", "timestamp": "2026-04-14T14:55:54.821605+05:30"}
{"type": "INSERT", "txn_id": "3c9bacd2-4b24-4716-b91e-63c074d36b52", "table": "products", "key": "TX_500_387", "before": null, "after": {"product_id": "TX_500_387", "name": "TX387", "stock": 10, "price": 5.0}, "timestamp": "2026-04-14T14:55:54.823758+05:30"}
{"type": "COMMIT", "txn_id": "3c9bacd2-4b24-4716-b91e-63c074d36b52", "timestamp": "2026-04-14T14:55:54.825105+05:30"}
{"type": "BEGIN", "txn_id": "55f64c85-a82b-478b-9a99-0c9985769453", "timestamp": "2026-04-14T14:55:54.831870+05:30"}
{"type": "INSERT", "txn_id": "55f64c85-a82b-478b-9a99-0c9985769453", "table": "products", "key": "TX_500_388", "before": null, "after": {"product_id": "TX_500_388", "name": "TX388", "stock": 10, "price": 5.0}, "timestamp": "2026-04-14T14:55:54.834157+05:30"}
{"type": "COMMIT", "txn_id": "55f64c85-a82b-478b-9a99-0c9985769453", "timestamp": "2026-04-14T14:55:54.835366+05:30"}
{"type": "BEGIN", "txn_id": "fca0ace4-637f-487c-8494-05917bf393ec", "timestamp": "2026-04-14T14:55:54.840600+05:30"}
{"type": "INSERT", "txn_id": "fca0ace4-637f-487c-8494-05917bf393ec", "table": "products", "key": "TX_500_389", "before": null, "after": {"product_id": "TX_500_389", "name": "TX389", "stock": 10, "price": 5.0}, "timestamp": "2026-04-14T14:55:54.843050+05:30"}
{"type": "COMMIT", "txn_id": "fca0ace4-637f-487c-8494-05917bf393ec", "timestamp": "2026-04-14T14:55:54.845475+05:30"}
{"type": "BEGIN", "txn_id": "be7b9a89-cb92-413c-a5be-f06e84e1a63d", "timestamp": "2026-04-14T14:55:54.851583+05:30"}
{"type": "INSERT", "txn_id": "be7b9a89-cb92-413c-a5be-f06e84e1a63d", "table": "products", "key": "TX_500_390", "before": null, "after": {"product_id": "TX_500_390", "name": "TX390", "stock": 10, "price": 5.0}, "timestamp": "2026-04-14T14:55:54.853850+05:30"}
{"type": "COMMIT", "txn_id": "be7b9a89-cb92-413c-a5be-f06e84e1a63d", "timestamp": "2026-04-14T14:55:54.855003+05:30"}
{"type": "BEGIN", "txn_id": "4492a125-ad61-4fde-81a0-911a4f56aabf", "timestamp": "2026-04-14T14:55:54.860607+05:30"}
{"type": "INSERT", "txn_id": "4492a125-ad61-4fde-81a0-911a4f56aabf", "table": "products", "key": "TX_500_391", "before": null, "after": {"product_id": "TX_500_391", "name": "TX391", "stock": 10, "price": 5.0}, "timestamp": "2026-04-14T14:55:54.863132+05:30"}
{"type": "COMMIT", "txn_id": "4492a125-ad61-4fde-81a0-911a4f56aabf", "timestamp": "2026-04-14T14:55:54.864244+05:30"}
{"type": "BEGIN", "txn_id": "d3f04a11-9933-4f55-b0cc-09838550ce27", "timestamp": "2026-04-14T14:55:54.869375+05:30"}
{"type": "INSERT", "txn_id": "d3f04a11-9933-4f55-b0cc-09838550ce27", "table": "products", "key": "TX_500_392", "before": null, "after": {"product_id": "TX_500_392", "name": "TX392", "stock": 10, "price": 5.0}, "timestamp": "2026-04-14T14:55:54.871552+05:30"}
{"type": "COMMIT", "txn_id": "d3f04a11-9933-4f55-b0cc-09838550ce27", "timestamp": "2026-04-14T14:55:54.873388+05:30"}
{"type": "BEGIN", "txn_id": "132e144d-69fa-44eb-9fd0-4f603487e4c1", "timestamp": "2026-04-14T14:55:54.880124+05:30"}
{"type": "INSERT", "txn_id": "132e144d-69fa-44eb-9fd0-4f603487e4c1", "table": "products", "key": "TX_500_393", "before": null, "after": {"product_id": "TX_500_393", "name": "TX393", "stock": 10, "price": 5.0}, "timestamp": "2026-04-14T14:55:54.882672+05:30"}
{"type": "COMMIT", "txn_id": "132e144d-69fa-44eb-9fd0-4f603487e4c1", "timestamp": "2026-04-14T14:55:54.884019+05:30"}
{"type": "BEGIN", "txn_id": "446423b6-f953-4db3-82f3-dbb70ae3b5f2", "timestamp": "2026-04-14T14:55:54.889781+05:30"}
{"type": "INSERT", "txn_id": "446423b6-f953-4db3-82f3-dbb70ae3b5f2", "table": "products", "key": "TX_500_394", "before": null, "after": {"product_id": "TX_500_394", "name": "TX394", "stock": 10, "price": 5.0}, "timestamp": "2026-04-14T14:55:54.892045+05:30"}
{"type": "COMMIT", "txn_id": "446423b6-f953-4db3-82f3-dbb70ae3b5f2", "timestamp": "2026-04-14T14:55:54.894030+05:30"}
{"type": "BEGIN", "txn_id": "b87d8c86-e6b1-4f97-80d3-dbefe089dd58", "timestamp": "2026-04-14T14:55:54.899660+05:30"}
{"type": "INSERT", "txn_id": "b87d8c86-e6b1-4f97-80d3-dbefe089dd58", "table": "products", "key": "TX_500_395", "before": null, "after": {"product_id": "TX_500_395", "name": "TX395", "stock": 10, "price": 5.0}, "timestamp": "2026-04-14T14:55:54.901812+05:30"}
{"type": "COMMIT", "txn_id": "b87d8c86-e6b1-4f97-80d3-dbefe089dd58", "timestamp": "2026-04-14T14:55:54.902843+05:30"}
{"type": "BEGIN", "txn_id": "da6a5be1-e48a-42f7-9cc5-8ac5a1fc7fb8", "timestamp": "2026-04-14T14:55:54.908881+05:30"}
{"type": "INSERT", "txn_id": "da6a5be1-e48a-42f7-9cc5-8ac5a1fc7fb8", "table": "products", "key": "TX_500_396", "before": null, "after": {"product_id": "TX_500_396", "name": "TX396", "stock": 10, "price": 5.0}, "timestamp": "2026-04-14T14:55:54.911876+05:30"}
{"type": "COMMIT", "txn_id": "da6a5be1-e48a-42f7-9cc5-8ac5a1fc7fb8", "timestamp": "2026-04-14T14:55:54.913193+05:30"}
{"type": "BEGIN", "txn_id": "24c2faed-36ee-4fa0-94e7-6ba04cb88321", "timestamp": "2026-04-14T14:55:54.918967+05:30"}
{"type": "INSERT", "txn_id": "24c2faed-36ee-4fa0-94e7-6ba04cb88321", "table": "products", "key": "TX_500_397", "before": null, "after": {"product_id": "TX_500_397", "name": "TX397", "stock": 10, "price": 5.0}, "timestamp": "2026-04-14T14:55:54.921584+05:30"}
{"type": "COMMIT", "txn_id": "24c2faed-36ee-4fa0-94e7-6ba04cb88321", "timestamp": "2026-04-14T14:55:54.923954+05:30"}
{"type": "BEGIN", "txn_id": "8a4fad17-9ae0-438b-acd3-cf1edb6dba1c", "timestamp": "2026-04-14T14:55:54.931596+05:30"}
{"type": "INSERT", "txn_id": "8a4fad17-9ae0-438b-acd3-cf1edb6dba1c", "table": "products", "key": "TX_500_398", "before": null, "after": {"product_id": "TX_500_398", "name": "TX398", "stock": 10, "price": 5.0}, "timestamp": "2026-04-14T14:55:54.933722+05:30"}
{"type": "COMMIT", "txn_id": "8a4fad17-9ae0-438b-acd3-cf1edb6dba1c", "timestamp": "2026-04-14T14:55:54.934839+05:30"}
{"type": "BEGIN", "txn_id": "8029ee17-6173-41a6-b39c-ae41db96e6fc", "timestamp": "2026-04-14T14:55:54.941389+05:30"}
{"type": "INSERT", "txn_id": "8029ee17-6173-41a6-b39c-ae41db96e6fc", "table": "products", "key": "TX_500_399", "before": null, "after": {"product_id": "TX_500_399", "name": "TX399", "stock": 10, "price": 5.0}, "timestamp": "2026-04-14T14:55:54.943896+05:30"}
{"type": "COMMIT", "txn_id": "8029ee17-6173-41a6-b39c-ae41db96e6fc", "timestamp": "2026-04-14T14:55:54.945161+05:30"}
{"type": "BEGIN", "txn_id": "4dae306b-e7b7-48a6-8d72-b8d893045b1c", "timestamp": "2026-04-14T14:55:54.950620+05:30"}
{"type": "INSERT", "txn_id": "4dae306b-e7b7-48a6-8d72-b8d893045b1c", "table": "products", "key": "TX_500_400", "before": null, "after": {"product_id": "TX_500_400", "name": "TX400", "stock": 10, "price": 5.0}, "timestamp": "2026-04-14T14:55:54.952692+05:30"}
{"type": "COMMIT", "txn_id": "4dae306b-e7b7-48a6-8d72-b8d893045b1c", "timestamp": "2026-04-14T14:55:54.953736+05:30"}
{"type": "BEGIN", "txn_id": "2bd55e38-b506-4bd2-84c9-c09efdff5868", "timestamp": "2026-04-14T14:55:54.960637+05:30"}
{"type": "INSERT", "txn_id": "2bd55e38-b506-4bd2-84c9-c09efdff5868", "table": "products", "key": "TX_500_401", "before": null, "after": {"product_id": "TX_500_401", "name": "TX401", "stock": 10, "price": 5.0}, "timestamp": "2026-04-14T14:55:54.963447+05:30"}
{"type": "COMMIT", "txn_id": "2bd55e38-b506-4bd2-84c9-c09efdff5868", "timestamp": "2026-04-14T14:55:54.964638+05:30"}
{"type": "BEGIN", "txn_id": "dfb3a8a3-e946-4f5a-8f7a-51524e4156a3", "timestamp": "2026-04-14T14:55:54.969902+05:30"}
{"type": "INSERT", "txn_id": "dfb3a8a3-e946-4f5a-8f7a-51524e4156a3", "table": "products", "key": "TX_500_402", "before": null, "after": {"product_id": "TX_500_402", "name": "TX402", "stock": 10, "price": 5.0}, "timestamp": "2026-04-14T14:55:54.971952+05:30"}
{"type": "COMMIT", "txn_id": "dfb3a8a3-e946-4f5a-8f7a-51524e4156a3", "timestamp": "2026-04-14T14:55:54.973204+05:30"}
{"type": "BEGIN", "txn_id": "f9a3932c-a8a9-456d-abd8-7ba96b988748", "timestamp": "2026-04-14T14:55:54.981509+05:30"}
{"type": "INSERT", "txn_id": "f9a3932c-a8a9-456d-abd8-7ba96b988748", "table": "products", "key": "TX_500_403", "before": null, "after": {"product_id": "TX_500_403", "name": "TX403", "stock": 10, "price": 5.0}, "timestamp": "2026-04-14T14:55:54.983850+05:30"}
{"type": "COMMIT", "txn_id": "f9a3932c-a8a9-456d-abd8-7ba96b988748", "timestamp": "2026-04-14T14:55:54.984986+05:30"}
{"type": "BEGIN", "txn_id": "b005a783-6a02-49fa-9fb7-b8f34f6d7d27", "timestamp": "2026-04-14T14:55:54.990197+05:30"}
{"type": "INSERT", "txn_id": "b005a783-6a02-49fa-9fb7-b8f34f6d7d27", "table": "products", "key": "TX_500_404", "before": null, "after": {"product_id": "TX_500_404", "name": "TX404", "stock": 10, "price": 5.0}, "timestamp": "2026-04-14T14:55:54.992203+05:30"}
{"type": "COMMIT", "txn_id": "b005a783-6a02-49fa-9fb7-b8f34f6d7d27", "timestamp": "2026-04-14T14:55:54.994216+05:30"}
{"type": "BEGIN", "txn_id": "956ddb5a-0ef7-4fcf-807c-da0957c04b1d", "timestamp": "2026-04-14T14:55:54.999754+05:30"}
{"type": "INSERT", "txn_id": "956ddb5a-0ef7-4fcf-807c-da0957c04b1d", "table": "products", "key": "TX_500_405", "before": null, "after": {"product_id": "TX_500_405", "name": "TX405", "stock": 10, "price": 5.0}, "timestamp": "2026-04-14T14:55:55.001829+05:30"}
{"type": "COMMIT", "txn_id": "956ddb5a-0ef7-4fcf-807c-da0957c04b1d", "timestamp": "2026-04-14T14:55:55.002912+05:30"}
{"type": "BEGIN", "txn_id": "73fd38be-e7ea-4701-8cae-f3228791915e", "timestamp": "2026-04-14T14:55:55.008270+05:30"}
{"type": "INSERT", "txn_id": "73fd38be-e7ea-4701-8cae-f3228791915e", "table": "products", "key": "TX_500_406", "before": null, "after": {"product_id": "TX_500_406", "name": "TX406", "stock": 10, "price": 5.0}, "timestamp": "2026-04-14T14:55:55.011251+05:30"}
{"type": "COMMIT", "txn_id": "73fd38be-e7ea-4701-8cae-f3228791915e", "timestamp": "2026-04-14T14:55:55.013159+05:30"}
{"type": "BEGIN", "txn_id": "cada9665-6675-4f79-b0b3-d3a0890cf8be", "timestamp": "2026-04-14T14:55:55.018409+05:30"}
{"type": "INSERT", "txn_id": "cada9665-6675-4f79-b0b3-d3a0890cf8be", "table": "products", "key": "TX_500_407", "before": null, "after": {"product_id": "TX_500_407", "name": "TX407", "stock": 10, "price": 5.0}, "timestamp": "2026-04-14T14:55:55.020578+05:30"}
{"type": "COMMIT", "txn_id": "cada9665-6675-4f79-b0b3-d3a0890cf8be", "timestamp": "2026-04-14T14:55:55.021813+05:30"}
{"type": "BEGIN", "txn_id": "1e7294e7-2030-4992-a056-0400dc4b6b9b", "timestamp": "2026-04-14T14:55:55.027627+05:30"}
{"type": "INSERT", "txn_id": "1e7294e7-2030-4992-a056-0400dc4b6b9b", "table": "products", "key": "TX_500_408", "before": null, "after": {"product_id": "TX_500_408", "name": "TX408", "stock": 10, "price": 5.0}, "timestamp": "2026-04-14T14:55:55.030126+05:30"}
{"type": "COMMIT", "txn_id": "1e7294e7-2030-4992-a056-0400dc4b6b9b", "timestamp": "2026-04-14T14:55:55.031202+05:30"}
{"type": "BEGIN", "txn_id": "58acee88-9e33-4eea-8c35-08f19239d4da", "timestamp": "2026-04-14T14:55:55.036375+05:30"}
{"type": "INSERT", "txn_id": "58acee88-9e33-4eea-8c35-08f19239d4da", "table": "products", "key": "TX_500_409", "before": null, "after": {"product_id": "TX_500_409", "name": "TX409", "stock": 10, "price": 5.0}, "timestamp": "2026-04-14T14:55:55.038433+05:30"}
{"type": "COMMIT", "txn_id": "58acee88-9e33-4eea-8c35-08f19239d4da", "timestamp": "2026-04-14T14:55:55.039430+05:30"}
{"type": "BEGIN", "txn_id": "411747b7-f102-4afe-9732-867c8991d13c", "timestamp": "2026-04-14T14:55:55.046658+05:30"}
{"type": "INSERT", "txn_id": "411747b7-f102-4afe-9732-867c8991d13c", "table": "products", "key": "TX_500_410", "before": null, "after": {"product_id": "TX_500_410", "name": "TX410", "stock": 10, "price": 5.0}, "timestamp": "2026-04-14T14:55:55.049562+05:30"}
{"type": "COMMIT", "txn_id": "411747b7-f102-4afe-9732-867c8991d13c", "timestamp": "2026-04-14T14:55:55.051092+05:30"}
{"type": "BEGIN", "txn_id": "635ac884-d35a-441a-858f-ef2703624762", "timestamp": "2026-04-14T14:55:55.056108+05:30"}
{"type": "INSERT", "txn_id": "635ac884-d35a-441a-858f-ef2703624762", "table": "products", "key": "TX_500_411", "before": null, "after": {"product_id": "TX_500_411", "name": "TX411", "stock": 10, "price": 5.0}, "timestamp": "2026-04-14T14:55:55.058138+05:30"}
{"type": "COMMIT", "txn_id": "635ac884-d35a-441a-858f-ef2703624762", "timestamp": "2026-04-14T14:55:55.059501+05:30"}
{"type": "BEGIN", "txn_id": "7c5ce1b8-1078-4631-bb84-e19816fe0654", "timestamp": "2026-04-14T14:55:55.065712+05:30"}
{"type": "INSERT", "txn_id": "7c5ce1b8-1078-4631-bb84-e19816fe0654", "table": "products", "key": "TX_500_412", "before": null, "after": {"product_id": "TX_500_412", "name": "TX412", "stock": 10, "price": 5.0}, "timestamp": "2026-04-14T14:55:55.067781+05:30"}
{"type": "COMMIT", "txn_id": "7c5ce1b8-1078-4631-bb84-e19816fe0654", "timestamp": "2026-04-14T14:55:55.068770+05:30"}
{"type": "BEGIN", "txn_id": "35ba1040-84b6-41d3-ab4e-87e54aaf22a7", "timestamp": "2026-04-14T14:55:55.073641+05:30"}
{"type": "INSERT", "txn_id": "35ba1040-84b6-41d3-ab4e-87e54aaf22a7", "table": "products", "key": "TX_500_413", "before": null, "after": {"product_id": "TX_500_413", "name": "TX413", "stock": 10, "price": 5.0}, "timestamp": "2026-04-14T14:55:55.075670+05:30"}
{"type": "COMMIT", "txn_id": "35ba1040-84b6-41d3-ab4e-87e54aaf22a7", "timestamp": "2026-04-14T14:55:55.077699+05:30"}
{"type": "BEGIN", "txn_id": "67ebb4dc-453c-4274-a7bf-4e39353e4b9f", "timestamp": "2026-04-14T14:55:55.083454+05:30"}
{"type": "INSERT", "txn_id": "67ebb4dc-453c-4274-a7bf-4e39353e4b9f", "table": "products", "key": "TX_500_414", "before": null, "after": {"product_id": "TX_500_414", "name": "TX414", "stock": 10, "price": 5.0}, "timestamp": "2026-04-14T14:55:55.085582+05:30"}
{"type": "COMMIT", "txn_id": "67ebb4dc-453c-4274-a7bf-4e39353e4b9f", "timestamp": "2026-04-14T14:55:55.086606+05:30"}
{"type": "BEGIN", "txn_id": "5c159001-5144-42e5-9fda-bd5983ea2d6f", "timestamp": "2026-04-14T14:55:55.091769+05:30"}
{"type": "INSERT", "txn_id": "5c159001-5144-42e5-9fda-bd5983ea2d6f", "table": "products", "key": "TX_500_415", "before": null, "after": {"product_id": "TX_500_415", "name": "TX415", "stock": 10, "price": 5.0}, "timestamp": "2026-04-14T14:55:55.095021+05:30"}
{"type": "COMMIT", "txn_id": "5c159001-5144-42e5-9fda-bd5983ea2d6f", "timestamp": "2026-04-14T14:55:55.096405+05:30"}
{"type": "BEGIN", "txn_id": "325c96d3-46f4-496b-9d9b-2e9c7eec14a7", "timestamp": "2026-04-14T14:55:55.101492+05:30"}
{"type": "INSERT", "txn_id": "325c96d3-46f4-496b-9d9b-2e9c7eec14a7", "table": "products", "key": "TX_500_416", "before": null, "after": {"product_id": "TX_500_416", "name": "TX416", "stock": 10, "price": 5.0}, "timestamp": "2026-04-14T14:55:55.103840+05:30"}
{"type": "COMMIT", "txn_id": "325c96d3-46f4-496b-9d9b-2e9c7eec14a7", "timestamp": "2026-04-14T14:55:55.105008+05:30"}
{"type": "BEGIN", "txn_id": "ec395437-4e2b-4be2-ac1e-aea36ac3fec7", "timestamp": "2026-04-14T14:55:55.111370+05:30"}
{"type": "INSERT", "txn_id": "ec395437-4e2b-4be2-ac1e-aea36ac3fec7", "table": "products", "key": "TX_500_417", "before": null, "after": {"product_id": "TX_500_417", "name": "TX417", "stock": 10, "price": 5.0}, "timestamp": "2026-04-14T14:55:55.114048+05:30"}
{"type": "COMMIT", "txn_id": "ec395437-4e2b-4be2-ac1e-aea36ac3fec7", "timestamp": "2026-04-14T14:55:55.115327+05:30"}
{"type": "BEGIN", "txn_id": "4cfddc6e-ba72-4500-97d8-9cca5130b40a", "timestamp": "2026-04-14T14:55:55.120637+05:30"}
{"type": "INSERT", "txn_id": "4cfddc6e-ba72-4500-97d8-9cca5130b40a", "table": "products", "key": "TX_500_418", "before": null, "after": {"product_id": "TX_500_418", "name": "TX418", "stock": 10, "price": 5.0}, "timestamp": "2026-04-14T14:55:55.122951+05:30"}
{"type": "COMMIT", "txn_id": "4cfddc6e-ba72-4500-97d8-9cca5130b40a", "timestamp": "2026-04-14T14:55:55.124479+05:30"}
{"type": "BEGIN", "txn_id": "e30ee462-55db-45b1-b720-a26702e52ed5", "timestamp": "2026-04-14T14:55:55.130988+05:30"}
{"type": "INSERT", "txn_id": "e30ee462-55db-45b1-b720-a26702e52ed5", "table": "products", "key": "TX_500_419", "before": null, "after": {"product_id": "TX_500_419", "name": "TX419", "stock": 10, "price": 5.0}, "timestamp": "2026-04-14T14:55:55.133699+05:30"}
{"type": "COMMIT", "txn_id": "e30ee462-55db-45b1-b720-a26702e52ed5", "timestamp": "2026-04-14T14:55:55.134919+05:30"}
{"type": "BEGIN", "txn_id": "2a14c9dd-2af2-4a0d-b64d-404958a218c5", "timestamp": "2026-04-14T14:55:55.141392+05:30"}
{"type": "INSERT", "txn_id": "2a14c9dd-2af2-4a0d-b64d-404958a218c5", "table": "products", "key": "TX_500_420", "before": null, "after": {"product_id": "TX_500_420", "name": "TX420", "stock": 10, "price": 5.0}, "timestamp": "2026-04-14T14:55:55.147155+05:30"}
{"type": "COMMIT", "txn_id": "2a14c9dd-2af2-4a0d-b64d-404958a218c5", "timestamp": "2026-04-14T14:55:55.148510+05:30"}
{"type": "BEGIN", "txn_id": "bf29f490-ad59-47e2-8b98-d57a4da619e1", "timestamp": "2026-04-14T14:55:55.153866+05:30"}
{"type": "INSERT", "txn_id": "bf29f490-ad59-47e2-8b98-d57a4da619e1", "table": "products", "key": "TX_500_421", "before": null, "after": {"product_id": "TX_500_421", "name": "TX421", "stock": 10, "price": 5.0}, "timestamp": "2026-04-14T14:55:55.156087+05:30"}
{"type": "COMMIT", "txn_id": "bf29f490-ad59-47e2-8b98-d57a4da619e1", "timestamp": "2026-04-14T14:55:55.158011+05:30"}
{"type": "BEGIN", "txn_id": "f3682618-93bb-4b0e-b641-2a2b5e9a4cf3", "timestamp": "2026-04-14T14:55:55.164860+05:30"}
{"type": "INSERT", "txn_id": "f3682618-93bb-4b0e-b641-2a2b5e9a4cf3", "table": "products", "key": "TX_500_422", "before": null, "after": {"product_id": "TX_500_422", "name": "TX422", "stock": 10, "price": 5.0}, "timestamp": "2026-04-14T14:55:55.167089+05:30"}
{"type": "COMMIT", "txn_id": "f3682618-93bb-4b0e-b641-2a2b5e9a4cf3", "timestamp": "2026-04-14T14:55:55.168342+05:30"}
{"type": "BEGIN", "txn_id": "2fdca3ef-716b-4d17-98f3-2df6152b760b", "timestamp": "2026-04-14T14:55:55.173429+05:30"}
{"type": "INSERT", "txn_id": "2fdca3ef-716b-4d17-98f3-2df6152b760b", "table": "products", "key": "TX_500_423", "before": null, "after": {"product_id": "TX_500_423", "name": "TX423", "stock": 10, "price": 5.0}, "timestamp": "2026-04-14T14:55:55.175596+05:30"}
{"type": "COMMIT", "txn_id": "2fdca3ef-716b-4d17-98f3-2df6152b760b", "timestamp": "2026-04-14T14:55:55.177675+05:30"}
{"type": "BEGIN", "txn_id": "59cdcc83-b79e-4c47-acd1-3ea37f1133f4", "timestamp": "2026-04-14T14:55:55.184129+05:30"}
{"type": "INSERT", "txn_id": "59cdcc83-b79e-4c47-acd1-3ea37f1133f4", "table": "products", "key": "TX_500_424", "before": null, "after": {"product_id": "TX_500_424", "name": "TX424", "stock": 10, "price": 5.0}, "timestamp": "2026-04-14T14:55:55.186260+05:30"}
{"type": "COMMIT", "txn_id": "59cdcc83-b79e-4c47-acd1-3ea37f1133f4", "timestamp": "2026-04-14T14:55:55.187335+05:30"}
{"type": "BEGIN", "txn_id": "80c99831-e247-480a-aa99-2db06ec499ca", "timestamp": "2026-04-14T14:55:55.194924+05:30"}
{"type": "INSERT", "txn_id": "80c99831-e247-480a-aa99-2db06ec499ca", "table": "products", "key": "TX_500_425", "before": null, "after": {"product_id": "TX_500_425", "name": "TX425", "stock": 10, "price": 5.0}, "timestamp": "2026-04-14T14:55:55.197636+05:30"}
{"type": "COMMIT", "txn_id": "80c99831-e247-480a-aa99-2db06ec499ca", "timestamp": "2026-04-14T14:55:55.198834+05:30"}
{"type": "BEGIN", "txn_id": "81eaa8e9-e4ae-4acc-924b-180a019d6305", "timestamp": "2026-04-14T14:55:55.204392+05:30"}
{"type": "INSERT", "txn_id": "81eaa8e9-e4ae-4acc-924b-180a019d6305", "table": "products", "key": "TX_500_426", "before": null, "after": {"product_id": "TX_500_426", "name": "TX426", "stock": 10, "price": 5.0}, "timestamp": "2026-04-14T14:55:55.207021+05:30"}
{"type": "COMMIT", "txn_id": "81eaa8e9-e4ae-4acc-924b-180a019d6305", "timestamp": "2026-04-14T14:55:55.208299+05:30"}
{"type": "BEGIN", "txn_id": "0cd24d7b-21d1-4944-a6cb-bed828a6d368", "timestamp": "2026-04-14T14:55:55.214725+05:30"}
{"type": "INSERT", "txn_id": "0cd24d7b-21d1-4944-a6cb-bed828a6d368", "table": "products", "key": "TX_500_427", "before": null, "after": {"product_id": "TX_500_427", "name": "TX427", "stock": 10, "price": 5.0}, "timestamp": "2026-04-14T14:55:55.216816+05:30"}
{"type": "COMMIT", "txn_id": "0cd24d7b-21d1-4944-a6cb-bed828a6d368", "timestamp": "2026-04-14T14:55:55.218325+05:30"}
{"type": "BEGIN", "txn_id": "f1dde35b-ca38-4808-8511-2721f6ed1f59", "timestamp": "2026-04-14T14:55:55.224262+05:30"}
{"type": "INSERT", "txn_id": "f1dde35b-ca38-4808-8511-2721f6ed1f59", "table": "products", "key": "TX_500_428", "before": null, "after": {"product_id": "TX_500_428", "name": "TX428", "stock": 10, "price": 5.0}, "timestamp": "2026-04-14T14:55:55.227616+05:30"}
{"type": "COMMIT", "txn_id": "f1dde35b-ca38-4808-8511-2721f6ed1f59", "timestamp": "2026-04-14T14:55:55.229312+05:30"}
{"type": "BEGIN", "txn_id": "db697aaa-4d90-4b8a-994e-6ca0d58a067e", "timestamp": "2026-04-14T14:55:55.234965+05:30"}
{"type": "INSERT", "txn_id": "db697aaa-4d90-4b8a-994e-6ca0d58a067e", "table": "products", "key": "TX_500_429", "before": null, "after": {"product_id": "TX_500_429", "name": "TX429", "stock": 10, "price": 5.0}, "timestamp": "2026-04-14T14:55:55.237372+05:30"}
{"type": "COMMIT", "txn_id": "db697aaa-4d90-4b8a-994e-6ca0d58a067e", "timestamp": "2026-04-14T14:55:55.239214+05:30"}
{"type": "BEGIN", "txn_id": "e73ec4ed-96d7-4fa1-9193-b86dddd35d46", "timestamp": "2026-04-14T14:55:55.245315+05:30"}
{"type": "INSERT", "txn_id": "e73ec4ed-96d7-4fa1-9193-b86dddd35d46", "table": "products", "key": "TX_500_430", "before": null, "after": {"product_id": "TX_500_430", "name": "TX430", "stock": 10, "price": 5.0}, "timestamp": "2026-04-14T14:55:55.247839+05:30"}
{"type": "COMMIT", "txn_id": "e73ec4ed-96d7-4fa1-9193-b86dddd35d46", "timestamp": "2026-04-14T14:55:55.248982+05:30"}
{"type": "BEGIN", "txn_id": "7cf0e8d2-a132-42d0-b39f-236a68c98796", "timestamp": "2026-04-14T14:55:55.254794+05:30"}
{"type": "INSERT", "txn_id": "7cf0e8d2-a132-42d0-b39f-236a68c98796", "table": "products", "key": "TX_500_431", "before": null, "after": {"product_id": "TX_500_431", "name": "TX431", "stock": 10, "price": 5.0}, "timestamp": "2026-04-14T14:55:55.256871+05:30"}
{"type": "COMMIT", "txn_id": "7cf0e8d2-a132-42d0-b39f-236a68c98796", "timestamp": "2026-04-14T14:55:55.257925+05:30"}
{"type": "BEGIN", "txn_id": "59c13ba6-64fa-4d3b-8dbc-7d661a53ff82", "timestamp": "2026-04-14T14:55:55.264441+05:30"}
{"type": "INSERT", "txn_id": "59c13ba6-64fa-4d3b-8dbc-7d661a53ff82", "table": "products", "key": "TX_500_432", "before": null, "after": {"product_id": "TX_500_432", "name": "TX432", "stock": 10, "price": 5.0}, "timestamp": "2026-04-14T14:55:55.266598+05:30"}
{"type": "COMMIT", "txn_id": "59c13ba6-64fa-4d3b-8dbc-7d661a53ff82", "timestamp": "2026-04-14T14:55:55.267993+05:30"}
{"type": "BEGIN", "txn_id": "a0b635e0-08a5-46d0-9f4b-ce72c56c7ccb", "timestamp": "2026-04-14T14:55:55.273262+05:30"}
{"type": "INSERT", "txn_id": "a0b635e0-08a5-46d0-9f4b-ce72c56c7ccb", "table": "products", "key": "TX_500_433", "before": null, "after": {"product_id": "TX_500_433", "name": "TX433", "stock": 10, "price": 5.0}, "timestamp": "2026-04-14T14:55:55.275541+05:30"}
{"type": "COMMIT", "txn_id": "a0b635e0-08a5-46d0-9f4b-ce72c56c7ccb", "timestamp": "2026-04-14T14:55:55.277611+05:30"}
{"type": "BEGIN", "txn_id": "7c214a6a-2f26-4455-9a00-1d4cd4bdf4ee", "timestamp": "2026-04-14T14:55:55.283147+05:30"}
{"type": "INSERT", "txn_id": "7c214a6a-2f26-4455-9a00-1d4cd4bdf4ee", "table": "products", "key": "TX_500_434", "before": null, "after": {"product_id": "TX_500_434", "name": "TX434", "stock": 10, "price": 5.0}, "timestamp": "2026-04-14T14:55:55.285421+05:30"}
{"type": "COMMIT", "txn_id": "7c214a6a-2f26-4455-9a00-1d4cd4bdf4ee", "timestamp": "2026-04-14T14:55:55.286913+05:30"}
{"type": "BEGIN", "txn_id": "efa5389c-b6f9-48de-82e3-2e7307cf0105", "timestamp": "2026-04-14T14:55:55.294208+05:30"}
{"type": "INSERT", "txn_id": "efa5389c-b6f9-48de-82e3-2e7307cf0105", "table": "products", "key": "TX_500_435", "before": null, "after": {"product_id": "TX_500_435", "name": "TX435", "stock": 10, "price": 5.0}, "timestamp": "2026-04-14T14:55:55.296696+05:30"}
{"type": "COMMIT", "txn_id": "efa5389c-b6f9-48de-82e3-2e7307cf0105", "timestamp": "2026-04-14T14:55:55.297772+05:30"}
{"type": "BEGIN", "txn_id": "fccc2e7b-dd04-4066-8409-678499838ef9", "timestamp": "2026-04-14T14:55:55.303251+05:30"}
{"type": "INSERT", "txn_id": "fccc2e7b-dd04-4066-8409-678499838ef9", "table": "products", "key": "TX_500_436", "before": null, "after": {"product_id": "TX_500_436", "name": "TX436", "stock": 10, "price": 5.0}, "timestamp": "2026-04-14T14:55:55.305557+05:30"}
{"type": "COMMIT", "txn_id": "fccc2e7b-dd04-4066-8409-678499838ef9", "timestamp": "2026-04-14T14:55:55.306781+05:30"}
{"type": "BEGIN", "txn_id": "72a5c53b-bdef-4fd0-b9f8-ffa087e0232a", "timestamp": "2026-04-14T14:55:55.313853+05:30"}
{"type": "INSERT", "txn_id": "72a5c53b-bdef-4fd0-b9f8-ffa087e0232a", "table": "products", "key": "TX_500_437", "before": null, "after": {"product_id": "TX_500_437", "name": "TX437", "stock": 10, "price": 5.0}, "timestamp": "2026-04-14T14:55:55.316685+05:30"}
{"type": "COMMIT", "txn_id": "72a5c53b-bdef-4fd0-b9f8-ffa087e0232a", "timestamp": "2026-04-14T14:55:55.318488+05:30"}
{"type": "BEGIN", "txn_id": "ec17ceec-42e9-475d-9d1d-a426e7b34b89", "timestamp": "2026-04-14T14:55:55.324555+05:30"}
{"type": "INSERT", "txn_id": "ec17ceec-42e9-475d-9d1d-a426e7b34b89", "table": "products", "key": "TX_500_438", "before": null, "after": {"product_id": "TX_500_438", "name": "TX438", "stock": 10, "price": 5.0}, "timestamp": "2026-04-14T14:55:55.328354+05:30"}
{"type": "COMMIT", "txn_id": "ec17ceec-42e9-475d-9d1d-a426e7b34b89", "timestamp": "2026-04-14T14:55:55.330260+05:30"}
{"type": "BEGIN", "txn_id": "17dd941b-92f6-417e-9874-83df9da9aa83", "timestamp": "2026-04-14T14:55:55.335837+05:30"}
{"type": "INSERT", "txn_id": "17dd941b-92f6-417e-9874-83df9da9aa83", "table": "products", "key": "TX_500_439", "before": null, "after": {"product_id": "TX_500_439", "name": "TX439", "stock": 10, "price": 5.0}, "timestamp": "2026-04-14T14:55:55.338133+05:30"}
{"type": "COMMIT", "txn_id": "17dd941b-92f6-417e-9874-83df9da9aa83", "timestamp": "2026-04-14T14:55:55.339312+05:30"}
{"type": "BEGIN", "txn_id": "f8fe0d41-c2b0-4cca-97c7-0c0be8b06930", "timestamp": "2026-04-14T14:55:55.346876+05:30"}
{"type": "INSERT", "txn_id": "f8fe0d41-c2b0-4cca-97c7-0c0be8b06930", "table": "products", "key": "TX_500_440", "before": null, "after": {"product_id": "TX_500_440", "name": "TX440", "stock": 10, "price": 5.0}, "timestamp": "2026-04-14T14:55:55.349879+05:30"}
{"type": "COMMIT", "txn_id": "f8fe0d41-c2b0-4cca-97c7-0c0be8b06930", "timestamp": "2026-04-14T14:55:55.351367+05:30"}
{"type": "BEGIN", "txn_id": "cfbf859a-b833-405c-9762-2f9054ffd54d", "timestamp": "2026-04-14T14:55:55.356629+05:30"}
{"type": "INSERT", "txn_id": "cfbf859a-b833-405c-9762-2f9054ffd54d", "table": "products", "key": "TX_500_441", "before": null, "after": {"product_id": "TX_500_441", "name": "TX441", "stock": 10, "price": 5.0}, "timestamp": "2026-04-14T14:55:55.358750+05:30"}
{"type": "COMMIT", "txn_id": "cfbf859a-b833-405c-9762-2f9054ffd54d", "timestamp": "2026-04-14T14:55:55.360773+05:30"}
{"type": "BEGIN", "txn_id": "81a50957-8a96-4a0c-bd6c-ef8ba14301bb", "timestamp": "2026-04-14T14:55:55.367119+05:30"}
{"type": "INSERT", "txn_id": "81a50957-8a96-4a0c-bd6c-ef8ba14301bb", "table": "products", "key": "TX_500_442", "before": null, "after": {"product_id": "TX_500_442", "name": "TX442", "stock": 10, "price": 5.0}, "timestamp": "2026-04-14T14:55:55.369571+05:30"}
{"type": "COMMIT", "txn_id": "81a50957-8a96-4a0c-bd6c-ef8ba14301bb", "timestamp": "2026-04-14T14:55:55.370696+05:30"}
{"type": "BEGIN", "txn_id": "8d2b7f6a-f22e-46a3-8ade-fa66f75e0b72", "timestamp": "2026-04-14T14:55:55.376585+05:30"}
{"type": "INSERT", "txn_id": "8d2b7f6a-f22e-46a3-8ade-fa66f75e0b72", "table": "products", "key": "TX_500_443", "before": null, "after": {"product_id": "TX_500_443", "name": "TX443", "stock": 10, "price": 5.0}, "timestamp": "2026-04-14T14:55:55.379775+05:30"}
{"type": "COMMIT", "txn_id": "8d2b7f6a-f22e-46a3-8ade-fa66f75e0b72", "timestamp": "2026-04-14T14:55:55.381085+05:30"}
{"type": "BEGIN", "txn_id": "65fe1a6d-cc28-4ac8-81ee-d549e698a9c8", "timestamp": "2026-04-14T14:55:55.387539+05:30"}
{"type": "INSERT", "txn_id": "65fe1a6d-cc28-4ac8-81ee-d549e698a9c8", "table": "products", "key": "TX_500_444", "before": null, "after": {"product_id": "TX_500_444", "name": "TX444", "stock": 10, "price": 5.0}, "timestamp": "2026-04-14T14:55:55.389891+05:30"}
{"type": "COMMIT", "txn_id": "65fe1a6d-cc28-4ac8-81ee-d549e698a9c8", "timestamp": "2026-04-14T14:55:55.391057+05:30"}
{"type": "BEGIN", "txn_id": "e58cf4b3-09b0-4b98-963f-ba52dca73403", "timestamp": "2026-04-14T14:55:55.397379+05:30"}
{"type": "INSERT", "txn_id": "e58cf4b3-09b0-4b98-963f-ba52dca73403", "table": "products", "key": "TX_500_445", "before": null, "after": {"product_id": "TX_500_445", "name": "TX445", "stock": 10, "price": 5.0}, "timestamp": "2026-04-14T14:55:55.399620+05:30"}
{"type": "COMMIT", "txn_id": "e58cf4b3-09b0-4b98-963f-ba52dca73403", "timestamp": "2026-04-14T14:55:55.400728+05:30"}
{"type": "BEGIN", "txn_id": "6c0838e1-080d-4d89-8163-f5570d569245", "timestamp": "2026-04-14T14:55:55.406130+05:30"}
{"type": "INSERT", "txn_id": "6c0838e1-080d-4d89-8163-f5570d569245", "table": "products", "key": "TX_500_446", "before": null, "after": {"product_id": "TX_500_446", "name": "TX446", "stock": 10, "price": 5.0}, "timestamp": "2026-04-14T14:55:55.408340+05:30"}
{"type": "COMMIT", "txn_id": "6c0838e1-080d-4d89-8163-f5570d569245", "timestamp": "2026-04-14T14:55:55.409923+05:30"}
{"type": "BEGIN", "txn_id": "20e2e0e2-3928-4909-b86f-5713c9fcfa59", "timestamp": "2026-04-14T14:55:55.416319+05:30"}
{"type": "INSERT", "txn_id": "20e2e0e2-3928-4909-b86f-5713c9fcfa59", "table": "products", "key": "TX_500_447", "before": null, "after": {"product_id": "TX_500_447", "name": "TX447", "stock": 10, "price": 5.0}, "timestamp": "2026-04-14T14:55:55.418198+05:30"}
{"type": "COMMIT", "txn_id": "20e2e0e2-3928-4909-b86f-5713c9fcfa59", "timestamp": "2026-04-14T14:55:55.419243+05:30"}
{"type": "BEGIN", "txn_id": "e2b9084a-5b4e-469a-9620-bdb9149e3a3a", "timestamp": "2026-04-14T14:55:55.424461+05:30"}
{"type": "INSERT", "txn_id": "e2b9084a-5b4e-469a-9620-bdb9149e3a3a", "table": "products", "key": "TX_500_448", "before": null, "after": {"product_id": "TX_500_448", "name": "TX448", "stock": 10, "price": 5.0}, "timestamp": "2026-04-14T14:55:55.426524+05:30"}
{"type": "COMMIT", "txn_id": "e2b9084a-5b4e-469a-9620-bdb9149e3a3a", "timestamp": "2026-04-14T14:55:55.428011+05:30"}
{"type": "BEGIN", "txn_id": "055905b2-5296-4c72-850f-516ed95cd20a", "timestamp": "2026-04-14T14:55:55.432935+05:30"}
{"type": "INSERT", "txn_id": "055905b2-5296-4c72-850f-516ed95cd20a", "table": "products", "key": "TX_500_449", "before": null, "after": {"product_id": "TX_500_449", "name": "TX449", "stock": 10, "price": 5.0}, "timestamp": "2026-04-14T14:55:55.434729+05:30"}
{"type": "COMMIT", "txn_id": "055905b2-5296-4c72-850f-516ed95cd20a", "timestamp": "2026-04-14T14:55:55.435683+05:30"}
{"type": "BEGIN", "txn_id": "f163b84b-3f9e-4f66-8621-d132026dec2c", "timestamp": "2026-04-14T14:55:55.441412+05:30"}
{"type": "INSERT", "txn_id": "f163b84b-3f9e-4f66-8621-d132026dec2c", "table": "products", "key": "TX_500_450", "before": null, "after": {"product_id": "TX_500_450", "name": "TX450", "stock": 10, "price": 5.0}, "timestamp": "2026-04-14T14:55:55.443888+05:30"}
{"type": "COMMIT", "txn_id": "f163b84b-3f9e-4f66-8621-d132026dec2c", "timestamp": "2026-04-14T14:55:55.445011+05:30"}
{"type": "BEGIN", "txn_id": "47271c9d-7fa2-4007-b45b-d5a22ca872f4", "timestamp": "2026-04-14T14:55:55.450492+05:30"}
{"type": "INSERT", "txn_id": "47271c9d-7fa2-4007-b45b-d5a22ca872f4", "table": "products", "key": "TX_500_451", "before": null, "after": {"product_id": "TX_500_451", "name": "TX451", "stock": 10, "price": 5.0}, "timestamp": "2026-04-14T14:55:55.452520+05:30"}
{"type": "COMMIT", "txn_id": "47271c9d-7fa2-4007-b45b-d5a22ca872f4", "timestamp": "2026-04-14T14:55:55.453530+05:30"}
{"type": "BEGIN", "txn_id": "3e0b95d8-68f0-45ce-b63c-c76672a66568", "timestamp": "2026-04-14T14:55:55.458796+05:30"}
{"type": "INSERT", "txn_id": "3e0b95d8-68f0-45ce-b63c-c76672a66568", "table": "products", "key": "TX_500_452", "before": null, "after": {"product_id": "TX_500_452", "name": "TX452", "stock": 10, "price": 5.0}, "timestamp": "2026-04-14T14:55:55.461915+05:30"}
{"type": "COMMIT", "txn_id": "3e0b95d8-68f0-45ce-b63c-c76672a66568", "timestamp": "2026-04-14T14:55:55.463158+05:30"}
{"type": "BEGIN", "txn_id": "3737afad-1769-4bd6-b99f-15eea04e35ad", "timestamp": "2026-04-14T14:55:55.468551+05:30"}
{"type": "INSERT", "txn_id": "3737afad-1769-4bd6-b99f-15eea04e35ad", "table": "products", "key": "TX_500_453", "before": null, "after": {"product_id": "TX_500_453", "name": "TX453", "stock": 10, "price": 5.0}, "timestamp": "2026-04-14T14:55:55.470662+05:30"}
{"type": "COMMIT", "txn_id": "3737afad-1769-4bd6-b99f-15eea04e35ad", "timestamp": "2026-04-14T14:55:55.471763+05:30"}
{"type": "BEGIN", "txn_id": "e30d072b-0f17-423c-a506-bdeea229b851", "timestamp": "2026-04-14T14:55:55.477465+05:30"}
{"type": "INSERT", "txn_id": "e30d072b-0f17-423c-a506-bdeea229b851", "table": "products", "key": "TX_500_454", "before": null, "after": {"product_id": "TX_500_454", "name": "TX454", "stock": 10, "price": 5.0}, "timestamp": "2026-04-14T14:55:55.480985+05:30"}
{"type": "COMMIT", "txn_id": "e30d072b-0f17-423c-a506-bdeea229b851", "timestamp": "2026-04-14T14:55:55.482188+05:30"}
{"type": "BEGIN", "txn_id": "2101cc6a-c561-47a7-8304-0caba938e6c8", "timestamp": "2026-04-14T14:55:55.487568+05:30"}
{"type": "INSERT", "txn_id": "2101cc6a-c561-47a7-8304-0caba938e6c8", "table": "products", "key": "TX_500_455", "before": null, "after": {"product_id": "TX_500_455", "name": "TX455", "stock": 10, "price": 5.0}, "timestamp": "2026-04-14T14:55:55.490272+05:30"}
{"type": "COMMIT", "txn_id": "2101cc6a-c561-47a7-8304-0caba938e6c8", "timestamp": "2026-04-14T14:55:55.491618+05:30"}
{"type": "BEGIN", "txn_id": "f865da2b-6522-4fa8-b9b8-ebff44da4300", "timestamp": "2026-04-14T14:55:55.498117+05:30"}
{"type": "INSERT", "txn_id": "f865da2b-6522-4fa8-b9b8-ebff44da4300", "table": "products", "key": "TX_500_456", "before": null, "after": {"product_id": "TX_500_456", "name": "TX456", "stock": 10, "price": 5.0}, "timestamp": "2026-04-14T14:55:55.500260+05:30"}
{"type": "COMMIT", "txn_id": "f865da2b-6522-4fa8-b9b8-ebff44da4300", "timestamp": "2026-04-14T14:55:55.501393+05:30"}
{"type": "BEGIN", "txn_id": "0a673465-385e-4e9e-b780-9865f802e527", "timestamp": "2026-04-14T14:55:55.506812+05:30"}
{"type": "INSERT", "txn_id": "0a673465-385e-4e9e-b780-9865f802e527", "table": "products", "key": "TX_500_457", "before": null, "after": {"product_id": "TX_500_457", "name": "TX457", "stock": 10, "price": 5.0}, "timestamp": "2026-04-14T14:55:55.508920+05:30"}
{"type": "COMMIT", "txn_id": "0a673465-385e-4e9e-b780-9865f802e527", "timestamp": "2026-04-14T14:55:55.510471+05:30"}
{"type": "BEGIN", "txn_id": "084a745f-41f8-46fa-a23f-0044b2e503fd", "timestamp": "2026-04-14T14:55:55.516765+05:30"}
{"type": "INSERT", "txn_id": "084a745f-41f8-46fa-a23f-0044b2e503fd", "table": "products", "key": "TX_500_458", "before": null, "after": {"product_id": "TX_500_458", "name": "TX458", "stock": 10, "price": 5.0}, "timestamp": "2026-04-14T14:55:55.519262+05:30"}
{"type": "COMMIT", "txn_id": "084a745f-41f8-46fa-a23f-0044b2e503fd", "timestamp": "2026-04-14T14:55:55.520415+05:30"}
{"type": "BEGIN", "txn_id": "52afc171-9fee-45a8-a31c-3e940a3a2272", "timestamp": "2026-04-14T14:55:55.526423+05:30"}
{"type": "INSERT", "txn_id": "52afc171-9fee-45a8-a31c-3e940a3a2272", "table": "products", "key": "TX_500_459", "before": null, "after": {"product_id": "TX_500_459", "name": "TX459", "stock": 10, "price": 5.0}, "timestamp": "2026-04-14T14:55:55.529209+05:30"}
{"type": "COMMIT", "txn_id": "52afc171-9fee-45a8-a31c-3e940a3a2272", "timestamp": "2026-04-14T14:55:55.530398+05:30"}
{"type": "BEGIN", "txn_id": "49f7ec91-e6ca-4bc7-a0c3-1176592f9f95", "timestamp": "2026-04-14T14:55:55.535818+05:30"}
{"type": "INSERT", "txn_id": "49f7ec91-e6ca-4bc7-a0c3-1176592f9f95", "table": "products", "key": "TX_500_460", "before": null, "after": {"product_id": "TX_500_460", "name": "TX460", "stock": 10, "price": 5.0}, "timestamp": "2026-04-14T14:55:55.537867+05:30"}
{"type": "COMMIT", "txn_id": "49f7ec91-e6ca-4bc7-a0c3-1176592f9f95", "timestamp": "2026-04-14T14:55:55.538896+05:30"}
{"type": "BEGIN", "txn_id": "ad6543c7-8c44-4d01-991a-e6b7a55d9f5a", "timestamp": "2026-04-14T14:55:55.546386+05:30"}
{"type": "INSERT", "txn_id": "ad6543c7-8c44-4d01-991a-e6b7a55d9f5a", "table": "products", "key": "TX_500_461", "before": null, "after": {"product_id": "TX_500_461", "name": "TX461", "stock": 10, "price": 5.0}, "timestamp": "2026-04-14T14:55:55.549463+05:30"}
{"type": "COMMIT", "txn_id": "ad6543c7-8c44-4d01-991a-e6b7a55d9f5a", "timestamp": "2026-04-14T14:55:55.551037+05:30"}
{"type": "BEGIN", "txn_id": "d862278d-9c76-4e4f-a999-321beab250c4", "timestamp": "2026-04-14T14:55:55.557844+05:30"}
{"type": "INSERT", "txn_id": "d862278d-9c76-4e4f-a999-321beab250c4", "table": "products", "key": "TX_500_462", "before": null, "after": {"product_id": "TX_500_462", "name": "TX462", "stock": 10, "price": 5.0}, "timestamp": "2026-04-14T14:55:55.561625+05:30"}
{"type": "COMMIT", "txn_id": "d862278d-9c76-4e4f-a999-321beab250c4", "timestamp": "2026-04-14T14:55:55.563602+05:30"}
{"type": "BEGIN", "txn_id": "4201cd76-a0ce-468c-99d1-3d71c00230d2", "timestamp": "2026-04-14T14:55:55.569773+05:30"}
{"type": "INSERT", "txn_id": "4201cd76-a0ce-468c-99d1-3d71c00230d2", "table": "products", "key": "TX_500_463", "before": null, "after": {"product_id": "TX_500_463", "name": "TX463", "stock": 10, "price": 5.0}, "timestamp": "2026-04-14T14:55:55.572291+05:30"}
{"type": "COMMIT", "txn_id": "4201cd76-a0ce-468c-99d1-3d71c00230d2", "timestamp": "2026-04-14T14:55:55.573569+05:30"}
{"type": "BEGIN", "txn_id": "0d7d01e5-1590-4402-91be-326031d9fb80", "timestamp": "2026-04-14T14:55:55.582789+05:30"}
{"type": "INSERT", "txn_id": "0d7d01e5-1590-4402-91be-326031d9fb80", "table": "products", "key": "TX_500_464", "before": null, "after": {"product_id": "TX_500_464", "name": "TX464", "stock": 10, "price": 5.0}, "timestamp": "2026-04-14T14:55:55.585124+05:30"}
{"type": "COMMIT", "txn_id": "0d7d01e5-1590-4402-91be-326031d9fb80", "timestamp": "2026-04-14T14:55:55.586254+05:30"}
{"type": "BEGIN", "txn_id": "156b9ce3-a628-4bfe-a8ab-9e4575df33bc", "timestamp": "2026-04-14T14:55:55.591958+05:30"}
{"type": "INSERT", "txn_id": "156b9ce3-a628-4bfe-a8ab-9e4575df33bc", "table": "products", "key": "TX_500_465", "before": null, "after": {"product_id": "TX_500_465", "name": "TX465", "stock": 10, "price": 5.0}, "timestamp": "2026-04-14T14:55:55.595227+05:30"}
{"type": "COMMIT", "txn_id": "156b9ce3-a628-4bfe-a8ab-9e4575df33bc", "timestamp": "2026-04-14T14:55:55.596620+05:30"}
{"type": "BEGIN", "txn_id": "2da878c7-15ae-4324-a0d7-5fbdb7f354bc", "timestamp": "2026-04-14T14:55:55.602289+05:30"}
{"type": "INSERT", "txn_id": "2da878c7-15ae-4324-a0d7-5fbdb7f354bc", "table": "products", "key": "TX_500_466", "before": null, "after": {"product_id": "TX_500_466", "name": "TX466", "stock": 10, "price": 5.0}, "timestamp": "2026-04-14T14:55:55.604593+05:30"}
{"type": "COMMIT", "txn_id": "2da878c7-15ae-4324-a0d7-5fbdb7f354bc", "timestamp": "2026-04-14T14:55:55.605848+05:30"}
{"type": "BEGIN", "txn_id": "cf050864-351e-4902-8273-6488975cc93a", "timestamp": "2026-04-14T14:55:55.613127+05:30"}
{"type": "INSERT", "txn_id": "cf050864-351e-4902-8273-6488975cc93a", "table": "products", "key": "TX_500_467", "before": null, "after": {"product_id": "TX_500_467", "name": "TX467", "stock": 10, "price": 5.0}, "timestamp": "2026-04-14T14:55:55.615716+05:30"}
{"type": "COMMIT", "txn_id": "cf050864-351e-4902-8273-6488975cc93a", "timestamp": "2026-04-14T14:55:55.617106+05:30"}
{"type": "BEGIN", "txn_id": "8e2cd47d-33bd-4878-8c04-dd124f38b987", "timestamp": "2026-04-14T14:55:55.623056+05:30"}
{"type": "INSERT", "txn_id": "8e2cd47d-33bd-4878-8c04-dd124f38b987", "table": "products", "key": "TX_500_468", "before": null, "after": {"product_id": "TX_500_468", "name": "TX468", "stock": 10, "price": 5.0}, "timestamp": "2026-04-14T14:55:55.625579+05:30"}
{"type": "COMMIT", "txn_id": "8e2cd47d-33bd-4878-8c04-dd124f38b987", "timestamp": "2026-04-14T14:55:55.627103+05:30"}
{"type": "BEGIN", "txn_id": "d72a67b8-cfa8-46e3-9fad-7390829665b1", "timestamp": "2026-04-14T14:55:55.634936+05:30"}
{"type": "INSERT", "txn_id": "d72a67b8-cfa8-46e3-9fad-7390829665b1", "table": "products", "key": "TX_500_469", "before": null, "after": {"product_id": "TX_500_469", "name": "TX469", "stock": 10, "price": 5.0}, "timestamp": "2026-04-14T14:55:55.637594+05:30"}
{"type": "COMMIT", "txn_id": "d72a67b8-cfa8-46e3-9fad-7390829665b1", "timestamp": "2026-04-14T14:55:55.638897+05:30"}
{"type": "BEGIN", "txn_id": "e418b13f-b768-48ce-b371-4313e6851489", "timestamp": "2026-04-14T14:55:55.655738+05:30"}
{"type": "INSERT", "txn_id": "e418b13f-b768-48ce-b371-4313e6851489", "table": "products", "key": "TX_500_470", "before": null, "after": {"product_id": "TX_500_470", "name": "TX470", "stock": 10, "price": 5.0}, "timestamp": "2026-04-14T14:55:55.659476+05:30"}
{"type": "COMMIT", "txn_id": "e418b13f-b768-48ce-b371-4313e6851489", "timestamp": "2026-04-14T14:55:55.661090+05:30"}
{"type": "BEGIN", "txn_id": "d1e78ad2-dd49-4235-a32f-58f2aabfb7a5", "timestamp": "2026-04-14T14:55:55.667652+05:30"}
{"type": "INSERT", "txn_id": "d1e78ad2-dd49-4235-a32f-58f2aabfb7a5", "table": "products", "key": "TX_500_471", "before": null, "after": {"product_id": "TX_500_471", "name": "TX471", "stock": 10, "price": 5.0}, "timestamp": "2026-04-14T14:55:55.669844+05:30"}
{"type": "COMMIT", "txn_id": "d1e78ad2-dd49-4235-a32f-58f2aabfb7a5", "timestamp": "2026-04-14T14:55:55.671287+05:30"}
{"type": "BEGIN", "txn_id": "56f30b13-da8e-4518-b496-cb05e72cae4f", "timestamp": "2026-04-14T14:55:55.677770+05:30"}
{"type": "INSERT", "txn_id": "56f30b13-da8e-4518-b496-cb05e72cae4f", "table": "products", "key": "TX_500_472", "before": null, "after": {"product_id": "TX_500_472", "name": "TX472", "stock": 10, "price": 5.0}, "timestamp": "2026-04-14T14:55:55.679930+05:30"}
{"type": "COMMIT", "txn_id": "56f30b13-da8e-4518-b496-cb05e72cae4f", "timestamp": "2026-04-14T14:55:55.681416+05:30"}
{"type": "BEGIN", "txn_id": "e1c38b04-dfb1-4b10-afe8-33e84ff6dc01", "timestamp": "2026-04-14T14:55:55.687145+05:30"}
{"type": "INSERT", "txn_id": "e1c38b04-dfb1-4b10-afe8-33e84ff6dc01", "table": "products", "key": "TX_500_473", "before": null, "after": {"product_id": "TX_500_473", "name": "TX473", "stock": 10, "price": 5.0}, "timestamp": "2026-04-14T14:55:55.689500+05:30"}
{"type": "COMMIT", "txn_id": "e1c38b04-dfb1-4b10-afe8-33e84ff6dc01", "timestamp": "2026-04-14T14:55:55.690625+05:30"}
{"type": "BEGIN", "txn_id": "6755055c-9b36-4ab8-b629-fb8ca3f02bc5", "timestamp": "2026-04-14T14:55:55.699117+05:30"}
{"type": "INSERT", "txn_id": "6755055c-9b36-4ab8-b629-fb8ca3f02bc5", "table": "products", "key": "TX_500_474", "before": null, "after": {"product_id": "TX_500_474", "name": "TX474", "stock": 10, "price": 5.0}, "timestamp": "2026-04-14T14:55:55.701579+05:30"}
{"type": "COMMIT", "txn_id": "6755055c-9b36-4ab8-b629-fb8ca3f02bc5", "timestamp": "2026-04-14T14:55:55.702923+05:30"}
{"type": "BEGIN", "txn_id": "382b5391-1cf2-44ad-a510-9775ec4d016b", "timestamp": "2026-04-14T14:55:55.708494+05:30"}
{"type": "INSERT", "txn_id": "382b5391-1cf2-44ad-a510-9775ec4d016b", "table": "products", "key": "TX_500_475", "before": null, "after": {"product_id": "TX_500_475", "name": "TX475", "stock": 10, "price": 5.0}, "timestamp": "2026-04-14T14:55:55.711725+05:30"}
{"type": "COMMIT", "txn_id": "382b5391-1cf2-44ad-a510-9775ec4d016b", "timestamp": "2026-04-14T14:55:55.713186+05:30"}
{"type": "BEGIN", "txn_id": "54ccc4a3-d3ef-44f0-8de0-a65efbb89743", "timestamp": "2026-04-14T14:55:55.719648+05:30"}
{"type": "INSERT", "txn_id": "54ccc4a3-d3ef-44f0-8de0-a65efbb89743", "table": "products", "key": "TX_500_476", "before": null, "after": {"product_id": "TX_500_476", "name": "TX476", "stock": 10, "price": 5.0}, "timestamp": "2026-04-14T14:55:55.722227+05:30"}
{"type": "COMMIT", "txn_id": "54ccc4a3-d3ef-44f0-8de0-a65efbb89743", "timestamp": "2026-04-14T14:55:55.723594+05:30"}
{"type": "BEGIN", "txn_id": "3076c0e4-88cd-4d5c-9b93-b84c820066ff", "timestamp": "2026-04-14T14:55:55.730481+05:30"}
{"type": "INSERT", "txn_id": "3076c0e4-88cd-4d5c-9b93-b84c820066ff", "table": "products", "key": "TX_500_477", "before": null, "after": {"product_id": "TX_500_477", "name": "TX477", "stock": 10, "price": 5.0}, "timestamp": "2026-04-14T14:55:55.733044+05:30"}
{"type": "COMMIT", "txn_id": "3076c0e4-88cd-4d5c-9b93-b84c820066ff", "timestamp": "2026-04-14T14:55:55.734428+05:30"}
{"type": "BEGIN", "txn_id": "aad8a5a4-21aa-41ba-a651-8e2104596550", "timestamp": "2026-04-14T14:55:55.740448+05:30"}
{"type": "INSERT", "txn_id": "aad8a5a4-21aa-41ba-a651-8e2104596550", "table": "products", "key": "TX_500_478", "before": null, "after": {"product_id": "TX_500_478", "name": "TX478", "stock": 10, "price": 5.0}, "timestamp": "2026-04-14T14:55:55.743408+05:30"}
{"type": "COMMIT", "txn_id": "aad8a5a4-21aa-41ba-a651-8e2104596550", "timestamp": "2026-04-14T14:55:55.744937+05:30"}
{"type": "BEGIN", "txn_id": "326dae50-2e77-4e57-b6d8-b2fad1e58ab6", "timestamp": "2026-04-14T14:55:55.751051+05:30"}
{"type": "INSERT", "txn_id": "326dae50-2e77-4e57-b6d8-b2fad1e58ab6", "table": "products", "key": "TX_500_479", "before": null, "after": {"product_id": "TX_500_479", "name": "TX479", "stock": 10, "price": 5.0}, "timestamp": "2026-04-14T14:55:55.753771+05:30"}
{"type": "COMMIT", "txn_id": "326dae50-2e77-4e57-b6d8-b2fad1e58ab6", "timestamp": "2026-04-14T14:55:55.755070+05:30"}
{"type": "BEGIN", "txn_id": "8cf87208-432f-495e-a7c2-8f10289986e3", "timestamp": "2026-04-14T14:55:55.762940+05:30"}
{"type": "INSERT", "txn_id": "8cf87208-432f-495e-a7c2-8f10289986e3", "table": "products", "key": "TX_500_480", "before": null, "after": {"product_id": "TX_500_480", "name": "TX480", "stock": 10, "price": 5.0}, "timestamp": "2026-04-14T14:55:55.765692+05:30"}
{"type": "COMMIT", "txn_id": "8cf87208-432f-495e-a7c2-8f10289986e3", "timestamp": "2026-04-14T14:55:55.767028+05:30"}
{"type": "BEGIN", "txn_id": "12c06733-63d2-4813-bc09-4e2af02e36fc", "timestamp": "2026-04-14T14:55:55.773993+05:30"}
{"type": "INSERT", "txn_id": "12c06733-63d2-4813-bc09-4e2af02e36fc", "table": "products", "key": "TX_500_481", "before": null, "after": {"product_id": "TX_500_481", "name": "TX481", "stock": 10, "price": 5.0}, "timestamp": "2026-04-14T14:55:55.777688+05:30"}
{"type": "COMMIT", "txn_id": "12c06733-63d2-4813-bc09-4e2af02e36fc", "timestamp": "2026-04-14T14:55:55.779822+05:30"}
{"type": "BEGIN", "txn_id": "a321d0b8-b972-42a0-a9d6-d058c7324c7d", "timestamp": "2026-04-14T14:55:55.786635+05:30"}
{"type": "INSERT", "txn_id": "a321d0b8-b972-42a0-a9d6-d058c7324c7d", "table": "products", "key": "TX_500_482", "before": null, "after": {"product_id": "TX_500_482", "name": "TX482", "stock": 10, "price": 5.0}, "timestamp": "2026-04-14T14:55:55.789415+05:30"}
{"type": "COMMIT", "txn_id": "a321d0b8-b972-42a0-a9d6-d058c7324c7d", "timestamp": "2026-04-14T14:55:55.790805+05:30"}
{"type": "BEGIN", "txn_id": "4924e4b5-6dc0-42a4-b52f-5720a41dc598", "timestamp": "2026-04-14T14:55:55.798128+05:30"}
{"type": "INSERT", "txn_id": "4924e4b5-6dc0-42a4-b52f-5720a41dc598", "table": "products", "key": "TX_500_483", "before": null, "after": {"product_id": "TX_500_483", "name": "TX483", "stock": 10, "price": 5.0}, "timestamp": "2026-04-14T14:55:55.801003+05:30"}
{"type": "COMMIT", "txn_id": "4924e4b5-6dc0-42a4-b52f-5720a41dc598", "timestamp": "2026-04-14T14:55:55.802193+05:30"}
{"type": "BEGIN", "txn_id": "d95fd5ee-de1b-4ade-a199-957b82866d97", "timestamp": "2026-04-14T14:55:55.808627+05:30"}
{"type": "INSERT", "txn_id": "d95fd5ee-de1b-4ade-a199-957b82866d97", "table": "products", "key": "TX_500_484", "before": null, "after": {"product_id": "TX_500_484", "name": "TX484", "stock": 10, "price": 5.0}, "timestamp": "2026-04-14T14:55:55.811166+05:30"}
{"type": "COMMIT", "txn_id": "d95fd5ee-de1b-4ade-a199-957b82866d97", "timestamp": "2026-04-14T14:55:55.812641+05:30"}
{"type": "BEGIN", "txn_id": "9b6ff1c1-cc41-4fad-ae33-da1c13cea6f0", "timestamp": "2026-04-14T14:55:55.819175+05:30"}
{"type": "INSERT", "txn_id": "9b6ff1c1-cc41-4fad-ae33-da1c13cea6f0", "table": "products", "key": "TX_500_485", "before": null, "after": {"product_id": "TX_500_485", "name": "TX485", "stock": 10, "price": 5.0}, "timestamp": "2026-04-14T14:55:55.821236+05:30"}
{"type": "COMMIT", "txn_id": "9b6ff1c1-cc41-4fad-ae33-da1c13cea6f0", "timestamp": "2026-04-14T14:55:55.822878+05:30"}
{"type": "BEGIN", "txn_id": "48a005b9-1a9f-43d8-b0c8-dc86652b62f0", "timestamp": "2026-04-14T14:55:55.830280+05:30"}
{"type": "INSERT", "txn_id": "48a005b9-1a9f-43d8-b0c8-dc86652b62f0", "table": "products", "key": "TX_500_486", "before": null, "after": {"product_id": "TX_500_486", "name": "TX486", "stock": 10, "price": 5.0}, "timestamp": "2026-04-14T14:55:55.832979+05:30"}
{"type": "COMMIT", "txn_id": "48a005b9-1a9f-43d8-b0c8-dc86652b62f0", "timestamp": "2026-04-14T14:55:55.834419+05:30"}
{"type": "BEGIN", "txn_id": "5d635275-5d88-4b25-b56e-1be0566eed1c", "timestamp": "2026-04-14T14:55:55.840220+05:30"}
{"type": "INSERT", "txn_id": "5d635275-5d88-4b25-b56e-1be0566eed1c", "table": "products", "key": "TX_500_487", "before": null, "after": {"product_id": "TX_500_487", "name": "TX487", "stock": 10, "price": 5.0}, "timestamp": "2026-04-14T14:55:55.843017+05:30"}
{"type": "COMMIT", "txn_id": "5d635275-5d88-4b25-b56e-1be0566eed1c", "timestamp": "2026-04-14T14:55:55.845390+05:30"}
{"type": "BEGIN", "txn_id": "02685f05-f2a7-43fe-bd42-5b8c15f416fd", "timestamp": "2026-04-14T14:55:55.852119+05:30"}
{"type": "INSERT", "txn_id": "02685f05-f2a7-43fe-bd42-5b8c15f416fd", "table": "products", "key": "TX_500_488", "before": null, "after": {"product_id": "TX_500_488", "name": "TX488", "stock": 10, "price": 5.0}, "timestamp": "2026-04-14T14:55:55.854869+05:30"}
{"type": "COMMIT", "txn_id": "02685f05-f2a7-43fe-bd42-5b8c15f416fd", "timestamp": "2026-04-14T14:55:55.856232+05:30"}
{"type": "BEGIN", "txn_id": "84d72530-c501-4a09-a1c7-1a4702d9e4b1", "timestamp": "2026-04-14T14:55:55.864741+05:30"}
{"type": "INSERT", "txn_id": "84d72530-c501-4a09-a1c7-1a4702d9e4b1", "table": "products", "key": "TX_500_489", "before": null, "after": {"product_id": "TX_500_489", "name": "TX489", "stock": 10, "price": 5.0}, "timestamp": "2026-04-14T14:55:55.867157+05:30"}
{"type": "COMMIT", "txn_id": "84d72530-c501-4a09-a1c7-1a4702d9e4b1", "timestamp": "2026-04-14T14:55:55.868696+05:30"}
{"type": "BEGIN", "txn_id": "3b815a5d-8da1-4dbd-9dd1-d904de0861eb", "timestamp": "2026-04-14T14:55:55.874825+05:30"}
{"type": "INSERT", "txn_id": "3b815a5d-8da1-4dbd-9dd1-d904de0861eb", "table": "products", "key": "TX_500_490", "before": null, "after": {"product_id": "TX_500_490", "name": "TX490", "stock": 10, "price": 5.0}, "timestamp": "2026-04-14T14:55:55.877622+05:30"}
{"type": "COMMIT", "txn_id": "3b815a5d-8da1-4dbd-9dd1-d904de0861eb", "timestamp": "2026-04-14T14:55:55.879788+05:30"}
{"type": "BEGIN", "txn_id": "8146a8e9-e7a3-4d54-ba7e-f59a7ceeaa5a", "timestamp": "2026-04-14T14:55:55.886864+05:30"}
{"type": "INSERT", "txn_id": "8146a8e9-e7a3-4d54-ba7e-f59a7ceeaa5a", "table": "products", "key": "TX_500_491", "before": null, "after": {"product_id": "TX_500_491", "name": "TX491", "stock": 10, "price": 5.0}, "timestamp": "2026-04-14T14:55:55.889369+05:30"}
{"type": "COMMIT", "txn_id": "8146a8e9-e7a3-4d54-ba7e-f59a7ceeaa5a", "timestamp": "2026-04-14T14:55:55.890728+05:30"}
{"type": "BEGIN", "txn_id": "d4e90306-ad65-4252-9a8c-6f6900ef5909", "timestamp": "2026-04-14T14:55:55.897704+05:30"}
{"type": "INSERT", "txn_id": "d4e90306-ad65-4252-9a8c-6f6900ef5909", "table": "products", "key": "TX_500_492", "before": null, "after": {"product_id": "TX_500_492", "name": "TX492", "stock": 10, "price": 5.0}, "timestamp": "2026-04-14T14:55:55.900377+05:30"}
{"type": "COMMIT", "txn_id": "d4e90306-ad65-4252-9a8c-6f6900ef5909", "timestamp": "2026-04-14T14:55:55.901556+05:30"}
{"type": "BEGIN", "txn_id": "476590dd-e6bf-4d2b-bc92-2058cb939440", "timestamp": "2026-04-14T14:55:55.907875+05:30"}
{"type": "INSERT", "txn_id": "476590dd-e6bf-4d2b-bc92-2058cb939440", "table": "products", "key": "TX_500_493", "before": null, "after": {"product_id": "TX_500_493", "name": "TX493", "stock": 10, "price": 5.0}, "timestamp": "2026-04-14T14:55:55.910821+05:30"}
{"type": "COMMIT", "txn_id": "476590dd-e6bf-4d2b-bc92-2058cb939440", "timestamp": "2026-04-14T14:55:55.912318+05:30"}
{"type": "BEGIN", "txn_id": "13aaad34-0efd-4bd1-ae4a-b9a68511662a", "timestamp": "2026-04-14T14:55:55.918606+05:30"}
{"type": "INSERT", "txn_id": "13aaad34-0efd-4bd1-ae4a-b9a68511662a", "table": "products", "key": "TX_500_494", "before": null, "after": {"product_id": "TX_500_494", "name": "TX494", "stock": 10, "price": 5.0}, "timestamp": "2026-04-14T14:55:55.921189+05:30"}
{"type": "COMMIT", "txn_id": "13aaad34-0efd-4bd1-ae4a-b9a68511662a", "timestamp": "2026-04-14T14:55:55.922535+05:30"}
{"type": "BEGIN", "txn_id": "7444b31b-9661-4bcf-8465-32c2f9fa8a2d", "timestamp": "2026-04-14T14:55:55.929378+05:30"}
{"type": "INSERT", "txn_id": "7444b31b-9661-4bcf-8465-32c2f9fa8a2d", "table": "products", "key": "TX_500_495", "before": null, "after": {"product_id": "TX_500_495", "name": "TX495", "stock": 10, "price": 5.0}, "timestamp": "2026-04-14T14:55:55.931663+05:30"}
{"type": "COMMIT", "txn_id": "7444b31b-9661-4bcf-8465-32c2f9fa8a2d", "timestamp": "2026-04-14T14:55:55.932923+05:30"}
{"type": "BEGIN", "txn_id": "b42688a1-08ea-4d87-a2c7-4f8e0321f228", "timestamp": "2026-04-14T14:55:55.939325+05:30"}
{"type": "INSERT", "txn_id": "b42688a1-08ea-4d87-a2c7-4f8e0321f228", "table": "products", "key": "TX_500_496", "before": null, "after": {"product_id": "TX_500_496", "name": "TX496", "stock": 10, "price": 5.0}, "timestamp": "2026-04-14T14:55:55.941707+05:30"}
{"type": "COMMIT", "txn_id": "b42688a1-08ea-4d87-a2c7-4f8e0321f228", "timestamp": "2026-04-14T14:55:55.942929+05:30"}
{"type": "BEGIN", "txn_id": "76c684a4-8a79-4e8e-a8a4-bd7b6665a2e7", "timestamp": "2026-04-14T14:55:55.951386+05:30"}
{"type": "INSERT", "txn_id": "76c684a4-8a79-4e8e-a8a4-bd7b6665a2e7", "table": "products", "key": "TX_500_497", "before": null, "after": {"product_id": "TX_500_497", "name": "TX497", "stock": 10, "price": 5.0}, "timestamp": "2026-04-14T14:55:55.954147+05:30"}
{"type": "COMMIT", "txn_id": "76c684a4-8a79-4e8e-a8a4-bd7b6665a2e7", "timestamp": "2026-04-14T14:55:55.955546+05:30"}
{"type": "BEGIN", "txn_id": "5b2f1608-b1dd-4687-beb5-414fa19f5090", "timestamp": "2026-04-14T14:55:55.962118+05:30"}
{"type": "INSERT", "txn_id": "5b2f1608-b1dd-4687-beb5-414fa19f5090", "table": "products", "key": "TX_500_498", "before": null, "after": {"product_id": "TX_500_498", "name": "TX498", "stock": 10, "price": 5.0}, "timestamp": "2026-04-14T14:55:55.964475+05:30"}
{"type": "COMMIT", "txn_id": "5b2f1608-b1dd-4687-beb5-414fa19f5090", "timestamp": "2026-04-14T14:55:55.966074+05:30"}
{"type": "BEGIN", "txn_id": "46d1307e-3e68-4efa-9ef8-bd310aacd1af", "timestamp": "2026-04-14T14:55:55.972449+05:30"}
{"type": "INSERT", "txn_id": "46d1307e-3e68-4efa-9ef8-bd310aacd1af", "table": "products", "key": "TX_500_499", "before": null, "after": {"product_id": "TX_500_499", "name": "TX499", "stock": 10, "price": 5.0}, "timestamp": "2026-04-14T14:55:55.974818+05:30"}
{"type": "COMMIT", "txn_id": "46d1307e-3e68-4efa-9ef8-bd310aacd1af", "timestamp": "2026-04-14T14:55:55.977349+05:30"}
