# ShopStop Audit Log – CS 432 Assignment 2 Module B
# Format: [timestamp] user=X role=Y action=Z table=T id=ID status=S
# This file is auto-populated by the Flask API on every data-modifying call.
# Direct DB modifications will NOT appear here – they are detectable as unauthorised.
[2026-03-18 15:27:20] user=admin role=admin action=LOGIN table=- id=- status=SUCCESS
[2026-03-18 15:40:27] user=admin role=admin action=LOGIN table=- id=- status=SUCCESS
[2026-03-18 15:50:26] user=admin role=admin action=UPDATE_STATUS_Confirmed table=PurchaseOrder id=ORD014 status=SUCCESS
[2026-03-18 15:52:47] user=admin role=admin action=LOGIN table=- id=- status=SUCCESS
[2026-03-18 15:56:39] user=admin role=admin action=INSERT table=Product id=PROD026 status=SUCCESS
[2026-03-18 16:01:35] user=admin role=admin action=DELETE table=Product id=PROD026 status=SUCCESS
[2026-03-18 16:01:52] user=admin role=admin action=LOGOUT table=- id=- status=SUCCESS
[2026-03-18 16:02:01] user=Rajesh role=unknown action=LOGIN table=- id=- status=FAILED
[2026-03-18 16:02:13] user=rajesh role=user action=LOGIN table=- id=- status=SUCCESS
[2026-03-18 16:06:41] user=rajesh role=user action=LOGOUT table=- id=- status=SUCCESS
[2026-03-18 16:06:58] user=admin role=admin action=LOGIN table=- id=- status=SUCCESS
[2026-03-18 22:55:45] user=admin role=admin action=LOGIN table=- id=- status=SUCCESS
[2026-03-18 23:03:02] user=admin role=admin action=UPDATE_STATUS_Delivered table=PurchaseOrder id=ORD007 status=SUCCESS
[2026-03-18 23:30:51] user=admin role=admin action=LOGOUT table=- id=- status=SUCCESS
[2026-03-18 23:31:29] user=admin role=admin action=LOGIN table=- id=- status=SUCCESS
[2026-03-18 23:47:54] user=admin role=admin action=LOGIN table=- id=- status=SUCCESS
[2026-03-18 23:53:30] user=admin role=admin action=LOGIN table=- id=- status=SUCCESS
[2026-03-18 23:54:47] user=admin role=admin action=LOGIN table=- id=- status=SUCCESS
[2026-03-18 23:59:59] user=admin role=admin action=LOGIN table=- id=- status=SUCCESS
[2026-03-19 00:13:57] user=admin role=admin action=LOGIN table=- id=- status=SUCCESS
[2026-03-19 12:00:25] user=admin role=admin action=LOGIN table=- id=- status=SUCCESS
[2026-03-19 12:02:49] user=admin role=admin action=LOGOUT table=- id=- status=SUCCESS
[2026-03-19 12:03:18] user=user role=unknown action=LOGIN table=- id=- status=FAILED
[2026-03-19 12:03:24] user=user role=unknown action=LOGIN table=- id=- status=FAILED
[2026-03-19 12:03:29] user=User role=unknown action=LOGIN table=- id=- status=FAILED
[2026-03-19 12:03:30] user=User role=unknown action=LOGIN table=- id=- status=FAILED
[2026-03-19 12:03:30] user=User role=unknown action=LOGIN table=- id=- status=FAILED
[2026-03-19 12:03:55] user=user role=unknown action=LOGIN table=- id=- status=FAILED
[2026-03-19 12:04:04] user=admin role=admin action=LOGIN table=- id=- status=SUCCESS
[2026-03-19 12:04:09] user=admin role=admin action=LOGOUT table=- id=- status=SUCCESS
[2026-03-19 12:04:25] user=rajesh role=user action=LOGIN table=- id=- status=SUCCESS
[2026-03-19 15:37:13] user=rajesh role=user action=LOGIN table=- id=- status=SUCCESS
[2026-03-19 15:54:56] user=rajesh role=user action=LOGIN table=- id=- status=SUCCESS
[2026-03-19 15:55:44] user=rajesh role=user action=LOGOUT table=- id=- status=SUCCESS
[2026-03-19 15:55:51] user=admin role=admin action=LOGIN table=- id=- status=SUCCESS
[2026-03-19 16:13:09] user=rajesh role=user action=LOGIN table=- id=- status=SUCCESS
[2026-03-19 16:17:34] user=admin role=admin action=LOGIN table=- id=- status=SUCCESS
[2026-03-19 16:20:31] user=admin role=admin action=LOGIN table=- id=- status=SUCCESS
[2026-03-19 16:23:41] user=admin role=admin action=LOGOUT table=- id=- status=SUCCESS
[2026-03-19 16:23:52] user=keerthana role=unknown action=LOGIN table=- id=- status=FAILED
[2026-03-19 16:24:00] user=rajesh role=user action=LOGIN table=- id=- status=SUCCESS
[2026-03-19 16:24:39] user=rajesh role=user action=LOGOUT table=- id=- status=SUCCESS
[2026-03-19 16:24:47] user=admin role=admin action=LOGIN table=- id=- status=SUCCESS
[2026-03-21 04:57:43] user=admin role=admin action=LOGIN table=- id=- status=SUCCESS
[2026-03-21 05:01:57] user=admin role=admin action=INSERT table=Product id=PROD026 status=SUCCESS
[2026-03-21 05:02:28] user=admin role=admin action=DELETE table=Product id=PROD026 status=SUCCESS
[2026-03-21 05:06:00] user=admin role=admin action=UPDATE_SALARY table=Employee id=EMP014 status=SUCCESS
[2026-03-21 05:06:14] user=admin role=admin action=UPDATE_SALARY table=Employee id=EMP014 status=SUCCESS
[2026-03-21 05:18:42] user=admin role=admin action=UPDATE_STATUS_Confirmed table=PurchaseOrder id=ORD014 status=SUCCESS
[2026-03-21 05:25:18] user=admin role=admin action=LOGOUT table=- id=- status=SUCCESS
[2026-03-21 05:25:55] user=rajesh role=user action=LOGIN table=- id=- status=SUCCESS
[2026-03-21 05:25:56] user=rajesh role=user action=LOGIN table=- id=- status=SUCCESS
[2026-03-21 06:13:29] user=rajesh role=user action=LOGOUT table=- id=- status=SUCCESS
[2026-03-21 06:13:39] user=admin role=admin action=LOGIN table=- id=- status=SUCCESS
[2026-03-21 06:27:08] user=admin role=admin action=LOGOUT table=- id=- status=SUCCESS
[2026-03-21 06:27:19] user=rajesh role=user action=LOGIN table=- id=- status=SUCCESS
[2026-03-21 06:28:16] user=rajesh role=user action=LOGOUT table=- id=- status=SUCCESS
[2026-03-21 06:28:28] user=admin role=admin action=LOGIN table=- id=- status=SUCCESS
[2026-03-21 06:47:58] user=admin role=admin action=LOGOUT table=- id=- status=SUCCESS
[2026-03-21 06:48:10] user=rajesh role=user action=LOGIN table=- id=- status=SUCCESS
[2026-03-21 09:25:39] user=rajesh role=user action=LOGIN table=- id=- status=SUCCESS
[2026-03-21 09:26:24] user=rajesh role=user action=LOGOUT table=- id=- status=SUCCESS
[2026-03-21 09:26:36] user=admin role=admin action=LOGIN table=- id=- status=SUCCESS
[2026-03-21 11:30:01] user=rajesh role=user action=LOGIN table=- id=- status=SUCCESS
[2026-03-21 12:01:48] user=rajesh role=user action=UPDATE table=Member id=MEM001 status=SUCCESS
[2026-03-21 12:19:07] user=rajesh role=user action=CHECKOUT table=Sale id=SAL021 status=SUCCESS
[2026-03-21 13:38:14] user=rajesh role=user action=LOGIN table=- id=- status=SUCCESS
[2026-03-21 19:44:36] user=admin role=admin action=LOGIN table=- id=- status=SUCCESS
[2026-03-21 19:45:34] user=admin role=admin action=LOGOUT table=- id=- status=SUCCESS
[2026-03-21 19:45:44] user=rajesh role=user action=LOGIN table=- id=- status=SUCCESS
[2026-03-21 19:47:12] user=rajesh role=user action=CHECKOUT table=Sale id=SAL021 status=SUCCESS
[2026-03-21 19:48:01] user=rajesh role=user action=CHECKOUT table=Sale id=SAL022 status=SUCCESS
[2026-03-21 19:48:13] user=rajesh role=user action=LOGOUT table=- id=- status=SUCCESS
[2026-03-21 19:48:20] user=admin role=admin action=LOGIN table=- id=- status=SUCCESS
[2026-03-21 21:39:57] user=admin role=admin action=LOGIN table=- id=- status=SUCCESS
[2026-03-21 21:40:25] user=admin role=admin action=LOGOUT table=- id=- status=SUCCESS
[2026-03-21 21:40:32] user=rajesh role=user action=LOGIN table=- id=- status=SUCCESS
[2026-03-21 21:41:01] user=rajesh role=user action=ONLINE_CHECKOUT table=Sale id=SAL023 status=SUCCESS
[2026-03-21 21:41:05] user=rajesh role=user action=LOGOUT table=- id=- status=SUCCESS
[2026-03-21 21:41:12] user=admin role=admin action=LOGIN table=- id=- status=SUCCESS
[2026-03-21 21:41:34] user=admin role=admin action=LOGOUT table=- id=- status=SUCCESS
[2026-03-21 21:41:41] user=admin role=admin action=LOGIN table=- id=- status=SUCCESS
[2026-03-22 00:33:49] user=system role=system action=INIT_PASSWORDS table=- id=- status=SUCCESS
[2026-03-22 00:34:07] user=admin role=admin action=LOGIN table=- id=- status=SUCCESS
[2026-03-22 00:34:21] user=admin role=admin action=LOGOUT table=- id=- status=SUCCESS
[2026-03-22 00:34:29] user=rajesh role=user action=LOGIN table=- id=- status=SUCCESS
[2026-03-22 00:39:02] user=system role=system action=INIT_PASSWORDS table=- id=- status=SUCCESS
[2026-03-22 00:39:16] user=rajesh role=unknown action=LOGIN table=- id=- status=FAILED
[2026-03-22 00:39:22] user=rajesh role=user action=LOGIN table=- id=- status=SUCCESS
[2026-03-22 00:39:39] user=rajesh role=user action=ONLINE_CHECKOUT table=Sale id=SAL021 status=SUCCESS
[2026-03-22 00:39:43] user=rajesh role=user action=LOGOUT table=- id=- status=SUCCESS
[2026-03-22 00:39:50] user=admin role=admin action=LOGIN table=- id=- status=SUCCESS
[2026-03-22 01:33:01] user=system role=system action=INIT_PASSWORDS table=- id=- status=SUCCESS
[2026-03-22 01:33:20] user=admin role=admin action=LOGIN table=- id=- status=SUCCESS
[2026-03-22 01:33:32] user=admin role=admin action=LOGOUT table=- id=- status=SUCCESS
[2026-03-22 01:33:41] user=rajesh role=user action=LOGIN table=- id=- status=SUCCESS
[2026-03-22 01:34:00] user=rajesh role=user action=ONLINE_CHECKOUT table=Sale id=SAL022 status=SUCCESS
[2026-03-22 01:34:08] user=rajesh role=user action=LOGOUT table=- id=- status=SUCCESS
[2026-03-22 01:34:21] user=admin role=admin action=LOGIN table=- id=- status=SUCCESS
[2026-03-22 01:56:16] user=system role=system action=INIT_PASSWORDS table=- id=- status=SUCCESS
[2026-03-22 01:59:00] user=system role=system action=INIT_PASSWORDS table=- id=- status=SUCCESS
[2026-03-22 02:00:06] user=rajesh role=user action=LOGIN table=- id=- status=SUCCESS
[2026-03-22 02:00:55] user=MEM003 role=unknown action=LOGIN table=- id=- status=FAILED
[2026-03-22 02:27:08] user=rajesh role=user action=LOGOUT table=- id=- status=SUCCESS
[2026-03-22 02:27:15] user=admin role=admin action=LOGIN table=- id=- status=SUCCESS
[2026-03-22 02:27:28] user=admin role=admin action=LOGOUT table=- id=- status=SUCCESS
[2026-03-22 02:28:17] user=admin role=admin action=LOGIN table=- id=- status=SUCCESS
[2026-03-22 02:30:50] user=admin role=admin action=INSERT table=Product id=PROD026 status=SUCCESS
[2026-03-22 04:15:40] user=admin role=admin action=LOGOUT table=- id=- status=SUCCESS
[2026-03-22 04:16:23] user=admin role=admin action=LOGIN table=- id=- status=SUCCESS
[2026-03-22 04:16:44] user=admin role=admin action=LOGOUT table=- id=- status=SUCCESS
[2026-03-22 04:16:56] user=priya role=user action=LOGIN table=- id=- status=SUCCESS
[2026-03-22 04:16:56] user=priya role=user action=FORBIDDEN table=Member id=MEM001 status=DENIED
[2026-03-22 04:20:32] user=admin role=admin action=LOGIN table=- id=- status=SUCCESS
[2026-03-22 04:37:15] user=system role=system action=INIT_PASSWORDS table=- id=- status=SUCCESS
[2026-03-22 04:37:35] user=priya role=user action=LOGIN table=- id=- status=SUCCESS
[2026-03-22 04:37:36] user=priya role=user action=FORBIDDEN table=Member id=MEM001 status=DENIED
[2026-03-22 04:37:49] user=priya role=user action=ONLINE_CHECKOUT table=Sale id=SAL021 status=SUCCESS
[2026-03-22 04:37:53] user=priya role=user action=LOGOUT table=- id=- status=SUCCESS
[2026-03-22 04:38:00] user=admin role=admin action=LOGIN table=- id=- status=SUCCESS
[2026-03-22 04:58:02] user=rajesh role=user action=LOGIN table=- id=- status=SUCCESS
[2026-03-22 04:58:42] user=rajesh role=user action=FORBIDDEN table=- id=/api/products status=DENIED
[2026-03-22 05:13:25] user=admin role=admin action=LOGOUT table=- id=- status=SUCCESS
[2026-03-22 05:14:03] user=vikram role=user action=LOGIN table=- id=- status=SUCCESS
[2026-03-22 05:14:03] user=vikram role=user action=FORBIDDEN table=Member id=MEM001 status=DENIED
[2026-03-22 05:14:04] user=vikram role=user action=FORBIDDEN table=Member id=MEM002 status=DENIED
[2026-03-22 05:14:04] user=vikram role=user action=FORBIDDEN table=Member id=MEM003 status=DENIED
[2026-03-22 05:14:04] user=vikram role=user action=FORBIDDEN table=Member id=MEM004 status=DENIED
[2026-03-22 05:17:18] user=vikram role=user action=FORBIDDEN table=Member id=MEM001 status=DENIED
[2026-03-22 05:17:18] user=vikram role=user action=FORBIDDEN table=Member id=MEM002 status=DENIED
[2026-03-22 05:17:18] user=vikram role=user action=FORBIDDEN table=Member id=MEM003 status=DENIED
[2026-03-22 05:17:18] user=vikram role=user action=FORBIDDEN table=Member id=MEM004 status=DENIED
[2026-03-22 13:05:07] user=admin role=admin action=LOGIN table=- id=- status=SUCCESS
[2026-03-22 13:06:47] user=admin role=admin action=INSERT table=Product id=PROD027 status=SUCCESS
[2026-03-22 13:22:38] user=admin role=admin action=LOGIN table=- id=- status=SUCCESS
[2026-03-22 13:22:40] user=admin role=admin action=LOGIN table=- id=- status=SUCCESS
[2026-03-22 13:24:00] user=admin role=admin action=INSERT table=Product id=PROD028 status=SUCCESS
[2026-03-22 13:28:52] user=admin role=admin action=LOGIN table=- id=- status=SUCCESS
[2026-03-22 13:30:17] user=admin role=admin action=INSERT table=Product id=PROD029 status=SUCCESS
[2026-03-22 13:30:32] user=admin role=admin action=DELETE table=Product id=PROD028 status=SUCCESS
[2026-03-22 13:32:34] user=admin role=admin action=UPDATE_STATUS_Delivered table=PurchaseOrder id=ORD015 status=SUCCESS
[2026-03-22 13:33:36] user=admin role=admin action=LOGOUT table=- id=- status=SUCCESS
[2026-03-22 13:33:44] user=rajeesh role=unknown action=LOGIN table=- id=- status=FAILED
[2026-03-22 13:33:49] user=rajesh role=user action=LOGIN table=- id=- status=SUCCESS
[2026-03-22 13:36:41] user=rajesh role=user action=ONLINE_CHECKOUT table=Sale id=SAL022 status=SUCCESS
[2026-03-22 13:39:07] user=rajesh role=user action=ONLINE_CHECKOUT table=Sale id=SAL023 status=SUCCESS
[2026-03-22 13:40:23] user=rajesh role=user action=ONLINE_CHECKOUT table=Sale id=SAL024 status=SUCCESS
[2026-03-22 13:45:45] user=rajesh role=user action=LOGIN table=- id=- status=SUCCESS
[2026-03-22 13:46:53] user=rajesh role=user action=LOGIN table=- id=- status=SUCCESS
[2026-03-22 13:47:18] user=rajesh role=user action=FORBIDDEN table=- id=/api/products status=DENIED
[2026-03-22 14:01:03] user=rajesh role=user action=LOGOUT table=- id=- status=SUCCESS
[2026-03-22 14:01:10] user=admin role=admin action=LOGIN table=- id=- status=SUCCESS
[2026-03-22 14:59:18] user=admin role=admin action=LOGIN table=- id=- status=SUCCESS
[2026-03-22 15:04:02] user=admin role=admin action=LOGIN table=- id=- status=SUCCESS
[2026-03-22 15:05:21] user=admin role=admin action=INSERT table=Product id=PROD030 status=SUCCESS
[2026-03-22 15:05:50] user=admin role=admin action=DELETE table=Product id=PROD030 status=SUCCESS
[2026-03-22 15:18:38] user=admin role=admin action=LOGIN table=- id=- status=SUCCESS
[2026-03-22 15:19:57] user=admin role=admin action=INSERT table=Product id=PROD031 status=SUCCESS
[2026-03-22 15:20:23] user=admin role=admin action=DELETE table=Product id=PROD031 status=SUCCESS
[2026-03-22 15:24:45] user=admin role=admin action=LOGOUT table=- id=- status=SUCCESS
[2026-03-22 15:24:54] user=rajesh role=user action=LOGIN table=- id=- status=SUCCESS
[2026-03-22 15:25:57] user=rajesh role=user action=ONLINE_CHECKOUT table=Sale id=SAL025 status=SUCCESS
[2026-03-22 15:27:55] user=rajesh role=user action=LOGIN table=- id=- status=SUCCESS
[2026-03-22 15:28:20] user=rajesh role=user action=FORBIDDEN table=- id=/api/products status=DENIED
[2026-03-22 16:00:23] user=admin role=admin action=LOGIN table=- id=- status=SUCCESS
[2026-03-22 16:01:47] user=admin role=admin action=INSERT table=Product id=PROD032 status=SUCCESS
[2026-03-22 16:02:01] user=admin role=admin action=DELETE table=Product id=PROD032 status=SUCCESS
[2026-03-22 16:07:57] user=admin role=admin action=LOGIN table=- id=- status=SUCCESS
[2026-03-22 16:09:07] user=admin role=admin action=INSERT table=Product id=PROD032 status=SUCCESS
[2026-03-22 16:09:18] user=admin role=admin action=DELETE table=Product id=PROD032 status=SUCCESS
[2026-03-22 16:12:07] user=admin role=admin action=LOGOUT table=- id=- status=SUCCESS
[2026-03-22 16:12:18] user=rajesh role=user action=LOGIN table=- id=- status=SUCCESS
[2026-03-22 16:13:26] user=rajesh role=user action=ONLINE_CHECKOUT table=Sale id=SAL026 status=SUCCESS
[2026-03-22 16:14:24] user=rajesh role=user action=LOGIN table=- id=- status=SUCCESS
[2026-03-22 16:15:00] user=rajesh role=user action=FORBIDDEN table=- id=/api/products status=DENIED
[2026-04-04 18:39:40] user=system role=system action=INIT_PASSWORDS table=- id=- status=SUCCESS
[2026-04-04 18:40:16] user=admin role=admin action=LOGIN table=- id=- status=SUCCESS
[2026-04-04 18:48:51] user=rajesh role=user action=LOGIN table=- id=- status=SUCCESS
[2026-04-04 18:48:51] user=amit role=user action=LOGIN table=- id=- status=SUCCESS
[2026-04-04 18:48:51] user=vikram role=user action=LOGIN table=- id=- status=SUCCESS
[2026-04-04 18:48:51] user=priya role=user action=LOGIN table=- id=- status=SUCCESS
[2026-04-04 18:48:51] user=sneha role=user action=LOGIN table=- id=- status=SUCCESS
[2026-04-04 18:48:51] user=sneha role=user action=FORBIDDEN table=- id=/api/products/PROD001 status=DENIED
[2026-04-04 18:48:51] user=amit role=user action=FORBIDDEN table=- id=/api/products/PROD001 status=DENIED
[2026-04-04 18:48:51] user=rajesh role=user action=FORBIDDEN table=- id=/api/products/PROD001 status=DENIED
[2026-04-04 18:48:51] user=priya role=user action=FORBIDDEN table=- id=/api/products/PROD001 status=DENIED
[2026-04-04 18:48:51] user=vikram role=user action=FORBIDDEN table=- id=/api/products/PROD001 status=DENIED
[2026-04-04 18:48:54] user=sneha role=user action=LOGIN table=- id=- status=SUCCESS
[2026-04-04 18:48:54] user=amit role=user action=LOGIN table=- id=- status=SUCCESS
[2026-04-04 18:48:54] user=amit role=user action=LOGIN table=- id=- status=SUCCESS
[2026-04-04 18:48:54] user=priya role=user action=LOGIN table=- id=- status=SUCCESS
[2026-04-04 18:48:54] user=priya role=user action=LOGIN table=- id=- status=SUCCESS
[2026-04-04 18:48:54] user=rajesh role=user action=LOGIN table=- id=- status=SUCCESS
[2026-04-04 18:48:54] user=vikram role=user action=LOGIN table=- id=- status=SUCCESS
[2026-04-04 18:48:54] user=rajesh role=user action=LOGIN table=- id=- status=SUCCESS
[2026-04-04 18:48:57] user=rajesh role=user action=LOGIN table=- id=- status=SUCCESS
[2026-04-04 18:49:00] user=rajesh role=user action=LOGIN table=- id=- status=SUCCESS
[2026-04-04 18:49:00] user=priya role=user action=LOGIN table=- id=- status=SUCCESS
[2026-04-04 18:49:00] user=amit role=user action=LOGIN table=- id=- status=SUCCESS
[2026-04-04 18:49:01] user=sneha role=user action=LOGIN table=- id=- status=SUCCESS
[2026-04-04 18:49:01] user=vikram role=user action=LOGIN table=- id=- status=SUCCESS
[2026-04-04 18:49:04] user=rajesh role=user action=LOGIN table=- id=- status=SUCCESS
[2026-04-04 18:52:51] user=priya role=user action=LOGIN table=- id=- status=SUCCESS
[2026-04-04 18:52:51] user=rajesh role=user action=LOGIN table=- id=- status=SUCCESS
[2026-04-04 18:52:51] user=sneha role=user action=LOGIN table=- id=- status=SUCCESS
[2026-04-04 18:52:51] user=vikram role=user action=LOGIN table=- id=- status=SUCCESS
[2026-04-04 18:52:51] user=amit role=user action=LOGIN table=- id=- status=SUCCESS
[2026-04-04 18:52:51] user=amit role=user action=FORBIDDEN table=- id=/api/products/PROD001 status=DENIED
[2026-04-04 18:52:51] user=vikram role=user action=FORBIDDEN table=- id=/api/products/PROD001 status=DENIED
[2026-04-04 18:52:51] user=rajesh role=user action=FORBIDDEN table=- id=/api/products/PROD001 status=DENIED
[2026-04-04 18:52:51] user=sneha role=user action=FORBIDDEN table=- id=/api/products/PROD001 status=DENIED
[2026-04-04 18:52:51] user=priya role=user action=FORBIDDEN table=- id=/api/products/PROD001 status=DENIED
[2026-04-04 18:52:54] user=amit role=user action=LOGIN table=- id=- status=SUCCESS
[2026-04-04 18:52:54] user=amit role=user action=LOGIN table=- id=- status=SUCCESS
[2026-04-04 18:52:54] user=rajesh role=user action=LOGIN table=- id=- status=SUCCESS
[2026-04-04 18:52:54] user=priya role=user action=LOGIN table=- id=- status=SUCCESS
[2026-04-04 18:52:54] user=priya role=user action=LOGIN table=- id=- status=SUCCESS
[2026-04-04 18:52:54] user=vikram role=user action=LOGIN table=- id=- status=SUCCESS
[2026-04-04 18:52:54] user=rajesh role=user action=LOGIN table=- id=- status=SUCCESS
[2026-04-04 18:52:54] user=sneha role=user action=LOGIN table=- id=- status=SUCCESS
[2026-04-04 18:52:58] user=rajesh role=user action=LOGIN table=- id=- status=SUCCESS
[2026-04-04 18:53:00] user=rajesh role=user action=LOGIN table=- id=- status=SUCCESS
[2026-04-04 18:53:00] user=priya role=user action=LOGIN table=- id=- status=SUCCESS
[2026-04-04 18:53:01] user=amit role=user action=LOGIN table=- id=- status=SUCCESS
[2026-04-04 18:53:01] user=sneha role=user action=LOGIN table=- id=- status=SUCCESS
[2026-04-04 18:53:01] user=vikram role=user action=LOGIN table=- id=- status=SUCCESS
[2026-04-04 18:53:04] user=rajesh role=user action=LOGIN table=- id=- status=SUCCESS
[2026-04-04 18:53:04] user=rajesh role=user action=LOGIN table=- id=- status=SUCCESS
[2026-04-04 18:53:04] user=rajesh role=user action=FORBIDDEN table=- id=/api/members status=DENIED
[2026-04-04 18:53:04] user=rajesh role=user action=FORBIDDEN table=Member id=MEM002 status=DENIED
[2026-04-04 18:53:05] user=rajesh role=user action=LOGIN table=- id=- status=SUCCESS
[2026-04-04 18:53:05] user=rajesh role=user action=LOGIN table=- id=- status=SUCCESS
[2026-04-04 18:53:05] user=rajesh role=user action=LOGIN table=- id=- status=SUCCESS
[2026-04-04 18:53:05] user=rajesh role=user action=LOGIN table=- id=- status=SUCCESS
[2026-04-04 18:53:05] user=rajesh role=user action=LOGIN table=- id=- status=SUCCESS
[2026-04-04 18:53:05] user=priya role=user action=LOGIN table=- id=- status=SUCCESS
[2026-04-04 19:05:02] user=rajesh role=user action=LOGIN table=- id=- status=SUCCESS
[2026-04-04 19:05:02] user=sneha role=user action=LOGIN table=- id=- status=SUCCESS
[2026-04-04 19:05:02] user=vikram role=user action=LOGIN table=- id=- status=SUCCESS
[2026-04-04 19:05:02] user=priya role=user action=LOGIN table=- id=- status=SUCCESS
[2026-04-04 19:05:02] user=amit role=user action=LOGIN table=- id=- status=SUCCESS
[2026-04-04 19:05:02] user=vikram role=user action=FORBIDDEN table=- id=/api/products/PROD001 status=DENIED
[2026-04-04 19:05:02] user=priya role=user action=FORBIDDEN table=- id=/api/products/PROD001 status=DENIED
[2026-04-04 19:05:02] user=rajesh role=user action=FORBIDDEN table=- id=/api/products/PROD001 status=DENIED
[2026-04-04 19:05:02] user=sneha role=user action=FORBIDDEN table=- id=/api/products/PROD001 status=DENIED
[2026-04-04 19:05:02] user=amit role=user action=FORBIDDEN table=- id=/api/products/PROD001 status=DENIED
[2026-04-04 19:05:05] user=vikram role=user action=LOGIN table=- id=- status=SUCCESS
[2026-04-04 19:05:05] user=priya role=user action=LOGIN table=- id=- status=SUCCESS
[2026-04-04 19:05:05] user=amit role=user action=LOGIN table=- id=- status=SUCCESS
[2026-04-04 19:05:05] user=amit role=user action=LOGIN table=- id=- status=SUCCESS
[2026-04-04 19:05:05] user=rajesh role=user action=LOGIN table=- id=- status=SUCCESS
[2026-04-04 19:05:05] user=sneha role=user action=LOGIN table=- id=- status=SUCCESS
[2026-04-04 19:05:05] user=priya role=user action=LOGIN table=- id=- status=SUCCESS
[2026-04-04 19:05:05] user=rajesh role=user action=LOGIN table=- id=- status=SUCCESS
[2026-04-04 19:05:08] user=rajesh role=user action=LOGIN table=- id=- status=SUCCESS
[2026-04-04 19:05:11] user=rajesh role=user action=LOGIN table=- id=- status=SUCCESS
[2026-04-04 19:05:11] user=priya role=user action=LOGIN table=- id=- status=SUCCESS
[2026-04-04 19:05:12] user=amit role=user action=LOGIN table=- id=- status=SUCCESS
[2026-04-04 19:05:12] user=sneha role=user action=LOGIN table=- id=- status=SUCCESS
[2026-04-04 19:05:12] user=vikram role=user action=LOGIN table=- id=- status=SUCCESS
[2026-04-04 19:05:15] user=rajesh role=user action=LOGIN table=- id=- status=SUCCESS
[2026-04-04 19:05:15] user=rajesh role=user action=LOGIN table=- id=- status=SUCCESS
[2026-04-04 19:05:15] user=rajesh role=user action=FORBIDDEN table=- id=/api/members status=DENIED
[2026-04-04 19:05:15] user=rajesh role=user action=FORBIDDEN table=Member id=MEM002 status=DENIED
[2026-04-04 19:05:16] user=rajesh role=user action=LOGIN table=- id=- status=SUCCESS
[2026-04-04 19:05:16] user=rajesh role=user action=LOGIN table=- id=- status=SUCCESS
[2026-04-04 19:05:16] user=rajesh role=user action=LOGIN table=- id=- status=SUCCESS
[2026-04-04 19:05:16] user=rajesh role=user action=LOGIN table=- id=- status=SUCCESS
[2026-04-04 19:05:16] user=rajesh role=user action=LOGIN table=- id=- status=SUCCESS
[2026-04-04 19:05:16] user=priya role=user action=LOGIN table=- id=- status=SUCCESS
[2026-04-04 19:40:49] user=sneha role=user action=LOGIN table=- id=- status=SUCCESS
[2026-04-04 19:40:49] user=priya role=user action=LOGIN table=- id=- status=SUCCESS
[2026-04-04 19:40:49] user=amit role=user action=LOGIN table=- id=- status=SUCCESS
[2026-04-04 19:40:49] user=vikram role=user action=LOGIN table=- id=- status=SUCCESS
[2026-04-04 19:40:49] user=rajesh role=user action=LOGIN table=- id=- status=SUCCESS
[2026-04-04 19:40:49] user=vikram role=user action=FORBIDDEN table=- id=/api/products/PROD001 status=DENIED
[2026-04-04 19:40:49] user=rajesh role=user action=FORBIDDEN table=- id=/api/products/PROD001 status=DENIED
[2026-04-04 19:40:49] user=sneha role=user action=FORBIDDEN table=- id=/api/products/PROD001 status=DENIED
[2026-04-04 19:40:49] user=amit role=user action=FORBIDDEN table=- id=/api/products/PROD001 status=DENIED
[2026-04-04 19:40:49] user=priya role=user action=FORBIDDEN table=- id=/api/products/PROD001 status=DENIED
[2026-04-04 19:40:52] user=priya role=user action=LOGIN table=- id=- status=SUCCESS
[2026-04-04 19:40:52] user=rajesh role=user action=LOGIN table=- id=- status=SUCCESS
[2026-04-04 19:40:52] user=priya role=user action=LOGIN table=- id=- status=SUCCESS
[2026-04-04 19:40:52] user=vikram role=user action=LOGIN table=- id=- status=SUCCESS
[2026-04-04 19:40:52] user=amit role=user action=LOGIN table=- id=- status=SUCCESS
[2026-04-04 19:40:52] user=rajesh role=user action=LOGIN table=- id=- status=SUCCESS
[2026-04-04 19:40:52] user=amit role=user action=LOGIN table=- id=- status=SUCCESS
[2026-04-04 19:40:52] user=sneha role=user action=LOGIN table=- id=- status=SUCCESS
[2026-04-04 19:40:55] user=rajesh role=user action=LOGIN table=- id=- status=SUCCESS
[2026-04-04 19:40:58] user=rajesh role=user action=LOGIN table=- id=- status=SUCCESS
[2026-04-04 19:40:58] user=priya role=user action=LOGIN table=- id=- status=SUCCESS
[2026-04-04 19:40:59] user=amit role=user action=LOGIN table=- id=- status=SUCCESS
[2026-04-04 19:40:59] user=sneha role=user action=LOGIN table=- id=- status=SUCCESS
[2026-04-04 19:40:59] user=vikram role=user action=LOGIN table=- id=- status=SUCCESS
[2026-04-04 19:41:02] user=rajesh role=user action=LOGIN table=- id=- status=SUCCESS
[2026-04-04 19:41:02] user=rajesh role=user action=LOGIN table=- id=- status=SUCCESS
[2026-04-04 19:41:02] user=rajesh role=user action=FORBIDDEN table=- id=/api/members status=DENIED
[2026-04-04 19:41:02] user=rajesh role=user action=FORBIDDEN table=Member id=MEM002 status=DENIED
[2026-04-04 19:41:03] user=rajesh role=user action=LOGIN table=- id=- status=SUCCESS
[2026-04-04 19:41:03] user=rajesh role=user action=LOGIN table=- id=- status=SUCCESS
[2026-04-04 19:41:03] user=rajesh role=user action=LOGIN table=- id=- status=SUCCESS
[2026-04-04 19:41:03] user=rajesh role=user action=LOGIN table=- id=- status=SUCCESS
[2026-04-04 19:41:03] user=rajesh role=user action=LOGIN table=- id=- status=SUCCESS
[2026-04-04 19:41:03] user=priya role=user action=LOGIN table=- id=- status=SUCCESS
[2026-04-04 22:08:00] user=system role=system action=INIT_PASSWORDS table=- id=- status=SUCCESS
[2026-04-04 22:08:21] user=admin role=admin action=LOGIN table=- id=- status=SUCCESS
[2026-04-04 22:09:14] user=amit role=user action=LOGIN table=- id=- status=SUCCESS
[2026-04-04 22:09:14] user=vikram role=user action=LOGIN table=- id=- status=SUCCESS
[2026-04-04 22:09:14] user=sneha role=user action=LOGIN table=- id=- status=SUCCESS
[2026-04-04 22:09:14] user=rajesh role=user action=LOGIN table=- id=- status=SUCCESS
[2026-04-04 22:09:14] user=priya role=user action=LOGIN table=- id=- status=SUCCESS
[2026-04-04 22:09:14] user=rajesh role=user action=FORBIDDEN table=- id=/api/products/PROD001 status=DENIED
[2026-04-04 22:09:15] user=amit role=user action=FORBIDDEN table=- id=/api/products/PROD001 status=DENIED
[2026-04-04 22:09:15] user=rajesh role=user action=ONLINE_CHECKOUT table=Sale id=SAL021 status=SUCCESS
[2026-04-04 22:09:15] user=sneha role=user action=FORBIDDEN table=- id=/api/products/PROD001 status=DENIED
[2026-04-04 22:09:15] user=amit role=user action=ONLINE_CHECKOUT table=Sale id=SAL022 status=SUCCESS
[2026-04-04 22:09:15] user=vikram role=user action=FORBIDDEN table=- id=/api/products/PROD001 status=DENIED
[2026-04-04 22:09:15] user=priya role=user action=FORBIDDEN table=- id=/api/products/PROD001 status=DENIED
[2026-04-04 22:09:15] user=sneha role=user action=ONLINE_CHECKOUT table=Sale id=SAL023 status=SUCCESS
[2026-04-04 22:09:15] user=vikram role=user action=ONLINE_CHECKOUT table=Sale id=SAL024 status=SUCCESS
[2026-04-04 22:09:15] user=priya role=user action=ONLINE_CHECKOUT table=Sale id=SAL025 status=SUCCESS
[2026-04-04 22:09:17] user=amit role=user action=LOGIN table=- id=- status=SUCCESS
[2026-04-04 22:09:17] user=rajesh role=user action=LOGIN table=- id=- status=SUCCESS
[2026-04-04 22:09:17] user=priya role=user action=LOGIN table=- id=- status=SUCCESS
[2026-04-04 22:09:17] user=sneha role=user action=LOGIN table=- id=- status=SUCCESS
[2026-04-04 22:09:17] user=vikram role=user action=LOGIN table=- id=- status=SUCCESS
[2026-04-04 22:09:17] user=amit role=user action=LOGIN table=- id=- status=SUCCESS
[2026-04-04 22:09:17] user=rajesh role=user action=LOGIN table=- id=- status=SUCCESS
[2026-04-04 22:09:17] user=priya role=user action=LOGIN table=- id=- status=SUCCESS
[2026-04-04 22:09:18] user=priya role=user action=ONLINE_CHECKOUT table=Sale id=SAL026 status=SUCCESS
[2026-04-04 22:09:21] user=rajesh role=user action=LOGIN table=- id=- status=SUCCESS
[2026-04-04 22:09:21] user=rajesh role=user action=ONLINE_CHECKOUT table=Sale id=SAL027 status=SUCCESS
[2026-04-04 22:09:24] user=rajesh role=user action=LOGIN table=- id=- status=SUCCESS
[2026-04-04 22:09:24] user=priya role=user action=LOGIN table=- id=- status=SUCCESS
[2026-04-04 22:09:24] user=amit role=user action=LOGIN table=- id=- status=SUCCESS
[2026-04-04 22:09:25] user=sneha role=user action=LOGIN table=- id=- status=SUCCESS
[2026-04-04 22:09:25] user=vikram role=user action=LOGIN table=- id=- status=SUCCESS
[2026-04-04 22:09:25] user=rajesh role=user action=ONLINE_CHECKOUT table=Sale id=SAL028 status=SUCCESS
[2026-04-04 22:09:25] user=rajesh role=user action=ONLINE_CHECKOUT table=Sale id=SAL029 status=SUCCESS
[2026-04-04 22:09:25] user=vikram role=user action=ONLINE_CHECKOUT table=Sale id=SAL030 status=SUCCESS
[2026-04-04 22:09:25] user=priya role=user action=ONLINE_CHECKOUT table=Sale id=SAL031 status=SUCCESS
[2026-04-04 22:09:25] user=amit role=user action=ONLINE_CHECKOUT table=Sale id=SAL032 status=SUCCESS
[2026-04-04 22:09:25] user=rajesh role=user action=ONLINE_CHECKOUT table=Sale id=SAL033 status=SUCCESS
[2026-04-04 22:09:25] user=rajesh role=user action=ONLINE_CHECKOUT table=Sale id=SAL034 status=SUCCESS
[2026-04-04 22:09:25] user=sneha role=user action=ONLINE_CHECKOUT table=Sale id=SAL035 status=SUCCESS
[2026-04-04 22:09:25] user=rajesh role=user action=ONLINE_CHECKOUT table=Sale id=SAL036 status=SUCCESS
[2026-04-04 22:09:25] user=vikram role=user action=ONLINE_CHECKOUT table=Sale id=SAL037 status=SUCCESS
[2026-04-04 22:09:25] user=vikram role=user action=ONLINE_CHECKOUT table=Sale id=SAL038 status=SUCCESS
[2026-04-04 22:09:25] user=amit role=user action=ONLINE_CHECKOUT table=Sale id=SAL039 status=SUCCESS
[2026-04-04 22:09:28] user=rajesh role=user action=LOGIN table=- id=- status=SUCCESS
[2026-04-04 22:09:28] user=rajesh role=user action=LOGIN table=- id=- status=SUCCESS
[2026-04-04 22:09:28] user=rajesh role=user action=FORBIDDEN table=- id=/api/members status=DENIED
[2026-04-04 22:09:28] user=rajesh role=user action=FORBIDDEN table=Member id=MEM002 status=DENIED
[2026-04-04 22:09:29] user=rajesh role=user action=LOGIN table=- id=- status=SUCCESS
[2026-04-04 22:09:29] user=rajesh role=user action=LOGIN table=- id=- status=SUCCESS
[2026-04-04 22:09:29] user=rajesh role=user action=LOGIN table=- id=- status=SUCCESS
[2026-04-04 22:09:29] user=rajesh role=user action=LOGIN table=- id=- status=SUCCESS
[2026-04-04 22:09:29] user=rajesh role=user action=ONLINE_CHECKOUT table=Sale id=SAL040 status=SUCCESS
[2026-04-04 22:09:29] user=rajesh role=user action=ONLINE_CHECKOUT table=Sale id=SAL041 status=SUCCESS
[2026-04-04 22:09:29] user=rajesh role=user action=LOGIN table=- id=- status=SUCCESS
[2026-04-04 22:09:29] user=priya role=user action=LOGIN table=- id=- status=SUCCESS
[2026-04-04 22:09:29] user=priya role=user action=ONLINE_CHECKOUT table=Sale id=SAL042 status=SUCCESS
[2026-04-05 01:04:47] user=vikram role=user action=LOGIN table=- id=- status=SUCCESS
[2026-04-05 01:04:47] user=priya role=user action=LOGIN table=- id=- status=SUCCESS
[2026-04-05 01:04:47] user=rajesh role=user action=LOGIN table=- id=- status=SUCCESS
[2026-04-05 01:04:47] user=sneha role=user action=LOGIN table=- id=- status=SUCCESS
[2026-04-05 01:04:47] user=amit role=user action=LOGIN table=- id=- status=SUCCESS
[2026-04-05 01:04:48] user=vikram role=user action=FORBIDDEN table=- id=/api/products/PROD001 status=DENIED
[2026-04-05 01:04:48] user=rajesh role=user action=FORBIDDEN table=- id=/api/products/PROD001 status=DENIED
[2026-04-05 01:04:48] user=vikram role=user action=ONLINE_CHECKOUT table=Sale id=SAL043 status=SUCCESS
[2026-04-05 01:04:48] user=amit role=user action=FORBIDDEN table=- id=/api/products/PROD001 status=DENIED
[2026-04-05 01:04:48] user=rajesh role=user action=ONLINE_CHECKOUT table=Sale id=SAL044 status=SUCCESS
[2026-04-05 01:04:48] user=sneha role=user action=FORBIDDEN table=- id=/api/products/PROD001 status=DENIED
[2026-04-05 01:04:48] user=priya role=user action=FORBIDDEN table=- id=/api/products/PROD001 status=DENIED
[2026-04-05 01:04:48] user=priya role=user action=ONLINE_CHECKOUT table=Sale id=SAL045 status=SUCCESS
[2026-04-05 01:04:48] user=sneha role=user action=ONLINE_CHECKOUT table=Sale id=SAL046 status=SUCCESS
[2026-04-05 01:04:50] user=rajesh role=user action=LOGIN table=- id=- status=SUCCESS
[2026-04-05 01:04:50] user=priya role=user action=LOGIN table=- id=- status=SUCCESS
[2026-04-05 01:04:50] user=amit role=user action=LOGIN table=- id=- status=SUCCESS
[2026-04-05 01:04:50] user=rajesh role=user action=LOGIN table=- id=- status=SUCCESS
[2026-04-05 01:04:50] user=priya role=user action=LOGIN table=- id=- status=SUCCESS
[2026-04-05 01:04:50] user=sneha role=user action=LOGIN table=- id=- status=SUCCESS
[2026-04-05 01:04:50] user=amit role=user action=LOGIN table=- id=- status=SUCCESS
[2026-04-05 01:04:50] user=vikram role=user action=LOGIN table=- id=- status=SUCCESS
[2026-04-05 01:04:51] user=rajesh role=user action=ONLINE_CHECKOUT table=Sale id=SAL047 status=SUCCESS
[2026-04-05 01:04:54] user=rajesh role=user action=LOGIN table=- id=- status=SUCCESS
[2026-04-05 01:04:54] user=rajesh role=user action=ONLINE_CHECKOUT table=Sale id=SAL048 status=SUCCESS
[2026-04-05 01:04:56] user=rajesh role=user action=LOGIN table=- id=- status=SUCCESS
[2026-04-05 01:04:57] user=priya role=user action=LOGIN table=- id=- status=SUCCESS
[2026-04-05 01:04:57] user=amit role=user action=LOGIN table=- id=- status=SUCCESS
[2026-04-05 01:04:57] user=sneha role=user action=LOGIN table=- id=- status=SUCCESS
[2026-04-05 01:04:57] user=vikram role=user action=LOGIN table=- id=- status=SUCCESS
[2026-04-05 01:04:57] user=sneha role=user action=ONLINE_CHECKOUT table=Sale id=SAL049 status=SUCCESS
[2026-04-05 01:04:57] user=vikram role=user action=ONLINE_CHECKOUT table=Sale id=SAL050 status=SUCCESS
[2026-04-05 01:04:57] user=vikram role=user action=ONLINE_CHECKOUT table=Sale id=SAL051 status=SUCCESS
[2026-04-05 01:04:57] user=priya role=user action=ONLINE_CHECKOUT table=Sale id=SAL052 status=SUCCESS
[2026-04-05 01:04:57] user=sneha role=user action=ONLINE_CHECKOUT table=Sale id=SAL053 status=SUCCESS
[2026-04-05 01:04:57] user=priya role=user action=ONLINE_CHECKOUT table=Sale id=SAL054 status=SUCCESS
[2026-04-05 01:04:57] user=priya role=user action=ONLINE_CHECKOUT table=Sale id=SAL055 status=SUCCESS
[2026-04-05 01:04:57] user=amit role=user action=ONLINE_CHECKOUT table=Sale id=SAL056 status=SUCCESS
[2026-04-05 01:04:57] user=priya role=user action=ONLINE_CHECKOUT table=Sale id=SAL057 status=SUCCESS
[2026-04-05 01:04:57] user=vikram role=user action=ONLINE_CHECKOUT table=Sale id=SAL058 status=SUCCESS
[2026-04-05 01:04:57] user=rajesh role=user action=ONLINE_CHECKOUT table=Sale id=SAL059 status=SUCCESS
[2026-04-05 01:04:57] user=sneha role=user action=ONLINE_CHECKOUT table=Sale id=SAL060 status=SUCCESS
[2026-04-05 01:04:57] user=amit role=user action=ONLINE_CHECKOUT table=Sale id=SAL061 status=SUCCESS
[2026-04-05 01:04:57] user=priya role=user action=ONLINE_CHECKOUT table=Sale id=SAL062 status=SUCCESS
[2026-04-05 01:04:57] user=sneha role=user action=ONLINE_CHECKOUT table=Sale id=SAL063 status=SUCCESS
[2026-04-05 01:05:00] user=rajesh role=user action=LOGIN table=- id=- status=SUCCESS
[2026-04-05 01:05:00] user=rajesh role=user action=LOGIN table=- id=- status=SUCCESS
[2026-04-05 01:05:00] user=rajesh role=user action=FORBIDDEN table=- id=/api/members status=DENIED
[2026-04-05 01:05:00] user=rajesh role=user action=FORBIDDEN table=Member id=MEM002 status=DENIED
[2026-04-05 01:05:00] user=rajesh role=user action=LOGIN table=- id=- status=SUCCESS
[2026-04-05 01:05:00] user=rajesh role=user action=LOGIN table=- id=- status=SUCCESS
[2026-04-05 01:05:00] user=rajesh role=user action=LOGIN table=- id=- status=SUCCESS
[2026-04-05 01:05:00] user=rajesh role=user action=LOGIN table=- id=- status=SUCCESS
[2026-04-05 01:05:00] user=rajesh role=user action=LOGIN table=- id=- status=SUCCESS
[2026-04-05 01:05:00] user=rajesh role=user action=ONLINE_CHECKOUT table=Sale id=SAL064 status=SUCCESS
[2026-04-05 01:05:00] user=priya role=user action=LOGIN table=- id=- status=SUCCESS
[2026-04-05 01:05:00] user=priya role=user action=ONLINE_CHECKOUT table=Sale id=SAL065 status=SUCCESS
[2026-04-05 01:09:42] user=rajesh role=user action=LOGIN table=- id=- status=SUCCESS
[2026-04-05 01:09:42] user=priya role=user action=LOGIN table=- id=- status=SUCCESS
[2026-04-05 01:09:42] user=rajesh role=user action=LOGIN table=- id=- status=SUCCESS
[2026-04-05 01:09:42] user=sneha role=user action=LOGIN table=- id=- status=SUCCESS
[2026-04-05 01:09:42] user=priya role=user action=LOGIN table=- id=- status=SUCCESS
[2026-04-05 01:09:43] user=amit role=user action=LOGIN table=- id=- status=SUCCESS
[2026-04-05 01:09:43] user=sneha role=user action=LOGIN table=- id=- status=SUCCESS
[2026-04-05 01:09:43] user=amit role=user action=LOGIN table=- id=- status=SUCCESS
[2026-04-05 01:09:43] user=sneha role=user action=LOGIN table=- id=- status=SUCCESS
[2026-04-05 01:09:43] user=vikram role=user action=LOGIN table=- id=- status=SUCCESS
[2026-04-05 01:09:43] user=vikram role=user action=ONLINE_CHECKOUT table=Sale id=SAL066 status=SUCCESS
[2026-04-05 01:09:44] user=amit role=user action=LOGIN table=- id=- status=SUCCESS
[2026-04-05 01:09:44] user=rajesh role=user action=LOGIN table=- id=- status=SUCCESS
[2026-04-05 01:09:44] user=amit role=user action=LOGIN table=- id=- status=SUCCESS
[2026-04-05 01:09:44] user=vikram role=user action=LOGIN table=- id=- status=SUCCESS
[2026-04-05 01:09:44] user=priya role=user action=LOGIN table=- id=- status=SUCCESS
[2026-04-05 01:09:44] user=amit role=user action=ONLINE_CHECKOUT table=Sale id=SAL067 status=SUCCESS
[2026-04-05 01:09:44] user=rajesh role=user action=ONLINE_CHECKOUT table=Sale id=SAL068 status=SUCCESS
[2026-04-05 01:09:44] user=rajesh role=user action=ONLINE_CHECKOUT table=Sale id=SAL069 status=SUCCESS
[2026-04-05 01:09:45] user=sneha role=user action=LOGIN table=- id=- status=SUCCESS
[2026-04-05 01:09:45] user=vikram role=user action=LOGIN table=- id=- status=SUCCESS
[2026-04-05 01:09:45] user=amit role=user action=LOGIN table=- id=- status=SUCCESS
[2026-04-05 01:09:45] user=sneha role=user action=LOGIN table=- id=- status=SUCCESS
[2026-04-05 01:09:45] user=rajesh role=user action=LOGIN table=- id=- status=SUCCESS
[2026-04-05 01:09:48] user=sneha role=user action=ONLINE_CHECKOUT table=Sale id=SAL070 status=SUCCESS
[2026-04-05 01:09:50] user=vikram role=user action=ONLINE_CHECKOUT table=Sale id=SAL071 status=SUCCESS
[2026-04-05 01:09:51] user=amit role=user action=ONLINE_CHECKOUT table=Sale id=SAL072 status=SUCCESS
[2026-04-05 01:09:54] user=priya role=user action=ONLINE_CHECKOUT table=Sale id=SAL073 status=SUCCESS
[2026-04-05 01:09:55] user=vikram role=user action=ONLINE_CHECKOUT table=Sale id=SAL074 status=SUCCESS
[2026-04-05 01:10:01] user=amit role=user action=ONLINE_CHECKOUT table=Sale id=SAL075 status=SUCCESS
[2026-04-05 01:10:01] user=sneha role=user action=ONLINE_CHECKOUT table=Sale id=SAL076 status=SUCCESS
[2026-04-05 01:10:02] user=sneha role=user action=ONLINE_CHECKOUT table=Sale id=SAL077 status=SUCCESS
[2026-04-05 01:10:05] user=amit role=user action=ONLINE_CHECKOUT table=Sale id=SAL078 status=SUCCESS
[2026-04-05 01:10:06] user=sneha role=user action=ONLINE_CHECKOUT table=Sale id=SAL079 status=SUCCESS
[2026-04-05 01:10:07] user=priya role=user action=ONLINE_CHECKOUT table=Sale id=SAL080 status=SUCCESS
[2026-04-05 01:10:08] user=sneha role=user action=ONLINE_CHECKOUT table=Sale id=SAL081 status=SUCCESS
[2026-04-05 01:10:08] user=rajesh role=user action=ONLINE_CHECKOUT table=Sale id=SAL082 status=SUCCESS
[2026-04-05 01:10:10] user=amit role=user action=ONLINE_CHECKOUT table=Sale id=SAL083 status=SUCCESS
[2026-04-05 01:10:14] user=sneha role=user action=ONLINE_CHECKOUT table=Sale id=SAL084 status=SUCCESS
[2026-04-05 01:10:15] user=amit role=user action=ONLINE_CHECKOUT table=Sale id=SAL085 status=SUCCESS
[2026-04-05 01:10:23] user=vikram role=user action=ONLINE_CHECKOUT table=Sale id=SAL086 status=SUCCESS
[2026-04-05 01:10:31] user=rajesh role=user action=ONLINE_CHECKOUT table=Sale id=SAL087 status=SUCCESS
[2026-04-05 01:10:32] user=amit role=user action=ONLINE_CHECKOUT table=Sale id=SAL088 status=SUCCESS
[2026-04-05 01:10:32] user=sneha role=user action=ONLINE_CHECKOUT table=Sale id=SAL089 status=SUCCESS
[2026-04-05 01:10:40] user=vikram role=user action=ONLINE_CHECKOUT table=Sale id=SAL090 status=SUCCESS
[2026-04-05 01:10:43] user=rajesh role=user action=ONLINE_CHECKOUT table=Sale id=SAL091 status=SUCCESS
[2026-04-05 01:10:44] user=sneha role=user action=ONLINE_CHECKOUT table=Sale id=SAL092 status=SUCCESS
[2026-04-05 01:10:45] user=vikram role=user action=ONLINE_CHECKOUT table=Sale id=SAL093 status=SUCCESS
[2026-04-05 01:10:45] user=rajesh role=user action=ONLINE_CHECKOUT table=Sale id=SAL094 status=SUCCESS
[2026-04-05 01:10:47] user=priya role=user action=ONLINE_CHECKOUT table=Sale id=SAL095 status=SUCCESS
[2026-04-05 01:10:47] user=vikram role=user action=ONLINE_CHECKOUT table=Sale id=SAL096 status=SUCCESS
[2026-04-05 01:10:48] user=rajesh role=user action=ONLINE_CHECKOUT table=Sale id=SAL097 status=SUCCESS
[2026-04-05 01:10:52] user=vikram role=user action=ONLINE_CHECKOUT table=Sale id=SAL098 status=SUCCESS
[2026-04-05 01:10:54] user=amit role=user action=ONLINE_CHECKOUT table=Sale id=SAL099 status=SUCCESS
[2026-04-05 01:10:57] user=sneha role=user action=ONLINE_CHECKOUT table=Sale id=SAL100 status=SUCCESS
[2026-04-05 01:10:59] user=vikram role=user action=ONLINE_CHECKOUT table=Sale id=SAL101 status=SUCCESS
[2026-04-05 01:10:59] user=amit role=user action=ONLINE_CHECKOUT table=Sale id=SAL102 status=SUCCESS
[2026-04-05 01:11:04] user=vikram role=user action=ONLINE_CHECKOUT table=Sale id=SAL103 status=SUCCESS
[2026-04-05 01:11:06] user=sneha role=user action=ONLINE_CHECKOUT table=Sale id=SAL104 status=SUCCESS
[2026-04-05 01:11:07] user=sneha role=user action=ONLINE_CHECKOUT table=Sale id=SAL105 status=SUCCESS
[2026-04-05 01:11:07] user=sneha role=user action=ONLINE_CHECKOUT table=Sale id=SAL106 status=SUCCESS
[2026-04-05 01:11:10] user=rajesh role=user action=ONLINE_CHECKOUT table=Sale id=SAL107 status=SUCCESS
[2026-04-05 01:11:11] user=rajesh role=user action=ONLINE_CHECKOUT table=Sale id=SAL108 status=SUCCESS
[2026-04-05 01:11:18] user=rajesh role=user action=ONLINE_CHECKOUT table=Sale id=SAL109 status=SUCCESS
[2026-04-05 01:11:24] user=rajesh role=user action=ONLINE_CHECKOUT table=Sale id=SAL110 status=SUCCESS
[2026-04-05 01:11:26] user=sneha role=user action=ONLINE_CHECKOUT table=Sale id=SAL111 status=SUCCESS
[2026-04-05 01:11:26] user=amit role=user action=ONLINE_CHECKOUT table=Sale id=SAL112 status=SUCCESS
[2026-04-05 01:11:31] user=amit role=user action=ONLINE_CHECKOUT table=Sale id=SAL113 status=SUCCESS
[2026-04-05 01:11:33] user=amit role=user action=ONLINE_CHECKOUT table=Sale id=SAL114 status=SUCCESS
[2026-04-05 01:11:38] user=sneha role=user action=ONLINE_CHECKOUT table=Sale id=SAL115 status=SUCCESS
[2026-04-05 01:11:39] user=rajesh role=user action=ONLINE_CHECKOUT table=Sale id=SAL116 status=SUCCESS
[2026-04-05 01:11:39] user=sneha role=user action=ONLINE_CHECKOUT table=Sale id=SAL117 status=SUCCESS
[2026-04-05 01:11:40] user=rajesh role=user action=ONLINE_CHECKOUT table=Sale id=SAL118 status=SUCCESS
[2026-04-05 01:11:41] user=amit role=user action=ONLINE_CHECKOUT table=Sale id=SAL119 status=SUCCESS
[2026-04-05 01:11:42] user=rajesh role=user action=ONLINE_CHECKOUT table=Sale id=SAL120 status=SUCCESS
[2026-04-05 01:11:49] user=vikram role=user action=ONLINE_CHECKOUT table=Sale id=SAL121 status=SUCCESS
[2026-04-05 01:11:50] user=sneha role=user action=ONLINE_CHECKOUT table=Sale id=SAL122 status=SUCCESS
[2026-04-05 01:11:52] user=amit role=user action=ONLINE_CHECKOUT table=Sale id=SAL123 status=SUCCESS
[2026-04-05 01:11:52] user=sneha role=user action=ONLINE_CHECKOUT table=Sale id=SAL124 status=SUCCESS
[2026-04-05 01:11:52] user=priya role=user action=ONLINE_CHECKOUT table=Sale id=SAL125 status=SUCCESS
[2026-04-05 01:11:58] user=priya role=user action=ONLINE_CHECKOUT table=Sale id=SAL126 status=SUCCESS
[2026-04-05 01:12:02] user=rajesh role=user action=ONLINE_CHECKOUT table=Sale id=SAL127 status=SUCCESS
[2026-04-05 01:12:02] user=vikram role=user action=ONLINE_CHECKOUT table=Sale id=SAL128 status=SUCCESS
[2026-04-05 01:12:03] user=vikram role=user action=ONLINE_CHECKOUT table=Sale id=SAL129 status=SUCCESS
[2026-04-05 01:12:05] user=amit role=user action=ONLINE_CHECKOUT table=Sale id=SAL130 status=SUCCESS
[2026-04-05 01:12:07] user=sneha role=user action=ONLINE_CHECKOUT table=Sale id=SAL131 status=SUCCESS
[2026-04-05 01:12:07] user=rajesh role=user action=ONLINE_CHECKOUT table=Sale id=SAL132 status=SUCCESS
[2026-04-05 01:12:09] user=rajesh role=user action=ONLINE_CHECKOUT table=Sale id=SAL133 status=SUCCESS
[2026-04-05 01:12:09] user=sneha role=user action=ONLINE_CHECKOUT table=Sale id=SAL134 status=SUCCESS
[2026-04-05 01:12:09] user=rajesh role=user action=ONLINE_CHECKOUT table=Sale id=SAL135 status=SUCCESS
[2026-04-05 01:12:10] user=vikram role=user action=ONLINE_CHECKOUT table=Sale id=SAL136 status=SUCCESS
[2026-04-05 01:12:11] user=sneha role=user action=ONLINE_CHECKOUT table=Sale id=SAL137 status=SUCCESS
[2026-04-05 01:12:11] user=amit role=user action=ONLINE_CHECKOUT table=Sale id=SAL138 status=SUCCESS
[2026-04-05 01:12:12] user=amit role=user action=ONLINE_CHECKOUT table=Sale id=SAL139 status=SUCCESS
[2026-04-05 01:12:12] user=priya role=user action=ONLINE_CHECKOUT table=Sale id=SAL140 status=SUCCESS
[2026-04-05 01:12:12] user=priya role=user action=ONLINE_CHECKOUT table=Sale id=SAL141 status=SUCCESS
[2026-04-05 01:12:13] user=rajesh role=user action=ONLINE_CHECKOUT table=Sale id=SAL142 status=SUCCESS
[2026-04-05 01:12:13] user=amit role=user action=ONLINE_CHECKOUT table=Sale id=SAL143 status=SUCCESS
[2026-04-05 01:12:17] user=priya role=user action=ONLINE_CHECKOUT table=Sale id=SAL144 status=SUCCESS
[2026-04-05 01:12:17] user=sneha role=user action=ONLINE_CHECKOUT table=Sale id=SAL145 status=SUCCESS
[2026-04-05 01:12:18] user=rajesh role=user action=ONLINE_CHECKOUT table=Sale id=SAL146 status=SUCCESS
[2026-04-05 01:12:19] user=sneha role=user action=ONLINE_CHECKOUT table=Sale id=SAL147 status=SUCCESS
[2026-04-05 01:12:19] user=vikram role=user action=ONLINE_CHECKOUT table=Sale id=SAL148 status=SUCCESS
[2026-04-05 01:12:19] user=rajesh role=user action=ONLINE_CHECKOUT table=Sale id=SAL149 status=SUCCESS
[2026-04-05 01:12:20] user=rajesh role=user action=ONLINE_CHECKOUT table=Sale id=SAL150 status=SUCCESS
[2026-04-05 01:12:20] user=sneha role=user action=ONLINE_CHECKOUT table=Sale id=SAL151 status=SUCCESS
[2026-04-05 01:12:23] user=rajesh role=user action=ONLINE_CHECKOUT table=Sale id=SAL152 status=SUCCESS
[2026-04-05 01:12:30] user=sneha role=user action=ONLINE_CHECKOUT table=Sale id=SAL153 status=SUCCESS
[2026-04-05 01:12:30] user=amit role=user action=ONLINE_CHECKOUT table=Sale id=SAL154 status=SUCCESS
[2026-04-05 01:12:33] user=rajesh role=user action=ONLINE_CHECKOUT table=Sale id=SAL155 status=SUCCESS
[2026-04-05 01:12:35] user=vikram role=user action=ONLINE_CHECKOUT table=Sale id=SAL156 status=SUCCESS
[2026-04-05 01:12:36] user=vikram role=user action=ONLINE_CHECKOUT table=Sale id=SAL157 status=SUCCESS
[2026-04-05 01:12:36] user=sneha role=user action=ONLINE_CHECKOUT table=Sale id=SAL158 status=SUCCESS
[2026-04-05 01:12:37] user=rajesh role=user action=ONLINE_CHECKOUT table=Sale id=SAL159 status=SUCCESS
[2026-04-05 01:12:40] user=sneha role=user action=ONLINE_CHECKOUT table=Sale id=SAL160 status=SUCCESS
[2026-04-05 01:12:40] user=sneha role=user action=ONLINE_CHECKOUT table=Sale id=SAL161 status=SUCCESS
[2026-04-05 01:12:40] user=amit role=user action=ONLINE_CHECKOUT table=Sale id=SAL162 status=SUCCESS
[2026-04-05 01:12:41] user=amit role=user action=ONLINE_CHECKOUT table=Sale id=SAL163 status=SUCCESS
[2026-04-05 01:12:47] user=priya role=user action=ONLINE_CHECKOUT table=Sale id=SAL164 status=SUCCESS
[2026-04-05 01:12:50] user=amit role=user action=ONLINE_CHECKOUT table=Sale id=SAL165 status=SUCCESS
[2026-04-05 01:12:50] user=amit role=user action=ONLINE_CHECKOUT table=Sale id=SAL166 status=SUCCESS
[2026-04-05 01:12:53] user=vikram role=user action=ONLINE_CHECKOUT table=Sale id=SAL167 status=SUCCESS
[2026-04-05 01:12:54] user=sneha role=user action=ONLINE_CHECKOUT table=Sale id=SAL168 status=SUCCESS
[2026-04-05 01:12:57] user=vikram role=user action=ONLINE_CHECKOUT table=Sale id=SAL169 status=SUCCESS
[2026-04-05 01:12:59] user=priya role=user action=ONLINE_CHECKOUT table=Sale id=SAL170 status=SUCCESS
[2026-04-05 01:13:00] user=priya role=user action=ONLINE_CHECKOUT table=Sale id=SAL171 status=SUCCESS
[2026-04-05 01:13:01] user=rajesh role=user action=ONLINE_CHECKOUT table=Sale id=SAL172 status=SUCCESS
[2026-04-05 01:13:02] user=amit role=user action=ONLINE_CHECKOUT table=Sale id=SAL173 status=SUCCESS
[2026-04-05 01:13:02] user=vikram role=user action=ONLINE_CHECKOUT table=Sale id=SAL174 status=SUCCESS
[2026-04-05 01:13:02] user=sneha role=user action=ONLINE_CHECKOUT table=Sale id=SAL175 status=SUCCESS
[2026-04-05 01:13:04] user=sneha role=user action=ONLINE_CHECKOUT table=Sale id=SAL176 status=SUCCESS
[2026-04-05 01:13:05] user=priya role=user action=ONLINE_CHECKOUT table=Sale id=SAL177 status=SUCCESS
[2026-04-05 01:13:09] user=priya role=user action=ONLINE_CHECKOUT table=Sale id=SAL178 status=SUCCESS
[2026-04-05 01:13:10] user=priya role=user action=ONLINE_CHECKOUT table=Sale id=SAL179 status=SUCCESS
[2026-04-05 01:13:13] user=sneha role=user action=ONLINE_CHECKOUT table=Sale id=SAL180 status=SUCCESS
[2026-04-05 01:13:14] user=priya role=user action=ONLINE_CHECKOUT table=Sale id=SAL181 status=SUCCESS
[2026-04-05 01:13:19] user=vikram role=user action=ONLINE_CHECKOUT table=Sale id=SAL182 status=SUCCESS
[2026-04-05 01:13:22] user=amit role=user action=ONLINE_CHECKOUT table=Sale id=SAL183 status=SUCCESS
[2026-04-05 01:13:23] user=rajesh role=user action=ONLINE_CHECKOUT table=Sale id=SAL184 status=SUCCESS
[2026-04-05 01:13:26] user=priya role=user action=ONLINE_CHECKOUT table=Sale id=SAL185 status=SUCCESS
[2026-04-05 01:13:29] user=amit role=user action=ONLINE_CHECKOUT table=Sale id=SAL186 status=SUCCESS
[2026-04-05 01:13:30] user=sneha role=user action=ONLINE_CHECKOUT table=Sale id=SAL187 status=SUCCESS
[2026-04-05 01:13:30] user=sneha role=user action=ONLINE_CHECKOUT table=Sale id=SAL188 status=SUCCESS
[2026-04-05 01:13:33] user=amit role=user action=ONLINE_CHECKOUT table=Sale id=SAL189 status=SUCCESS
[2026-04-05 01:13:36] user=rajesh role=user action=ONLINE_CHECKOUT table=Sale id=SAL190 status=SUCCESS
[2026-04-05 01:13:36] user=rajesh role=user action=ONLINE_CHECKOUT table=Sale id=SAL191 status=SUCCESS
[2026-04-05 01:13:36] user=sneha role=user action=ONLINE_CHECKOUT table=Sale id=SAL192 status=SUCCESS
[2026-04-05 01:13:39] user=priya role=user action=ONLINE_CHECKOUT table=Sale id=SAL193 status=SUCCESS
[2026-04-05 01:13:42] user=rajesh role=user action=ONLINE_CHECKOUT table=Sale id=SAL194 status=SUCCESS
[2026-04-05 01:13:43] user=priya role=user action=ONLINE_CHECKOUT table=Sale id=SAL195 status=SUCCESS
[2026-04-05 01:13:43] user=sneha role=user action=ONLINE_CHECKOUT table=Sale id=SAL196 status=SUCCESS
[2026-04-05 01:13:43] user=priya role=user action=ONLINE_CHECKOUT table=Sale id=SAL197 status=SUCCESS
[2026-04-05 01:13:43] user=amit role=user action=ONLINE_CHECKOUT table=Sale id=SAL198 status=SUCCESS
[2026-04-05 01:13:44] user=sneha role=user action=ONLINE_CHECKOUT table=Sale id=SAL199 status=SUCCESS
[2026-04-05 01:13:47] user=sneha role=user action=ONLINE_CHECKOUT table=Sale id=SAL200 status=SUCCESS
[2026-04-05 01:13:53] user=amit role=user action=ONLINE_CHECKOUT table=Sale id=SAL201 status=SUCCESS
[2026-04-05 01:13:55] user=rajesh role=user action=ONLINE_CHECKOUT table=Sale id=SAL202 status=SUCCESS
[2026-04-05 01:13:57] user=sneha role=user action=ONLINE_CHECKOUT table=Sale id=SAL203 status=SUCCESS
[2026-04-05 01:14:00] user=vikram role=user action=ONLINE_CHECKOUT table=Sale id=SAL204 status=SUCCESS
[2026-04-05 01:14:02] user=rajesh role=user action=ONLINE_CHECKOUT table=Sale id=SAL205 status=SUCCESS
[2026-04-05 01:14:02] user=vikram role=user action=ONLINE_CHECKOUT table=Sale id=SAL206 status=SUCCESS
[2026-04-05 01:14:02] user=sneha role=user action=ONLINE_CHECKOUT table=Sale id=SAL207 status=SUCCESS
[2026-04-05 01:14:03] user=vikram role=user action=ONLINE_CHECKOUT table=Sale id=SAL208 status=SUCCESS
[2026-04-05 01:14:05] user=amit role=user action=ONLINE_CHECKOUT table=Sale id=SAL209 status=SUCCESS
[2026-04-05 01:14:06] user=sneha role=user action=ONLINE_CHECKOUT table=Sale id=SAL210 status=SUCCESS
[2026-04-05 01:14:06] user=vikram role=user action=ONLINE_CHECKOUT table=Sale id=SAL211 status=SUCCESS
[2026-04-05 01:14:07] user=amit role=user action=ONLINE_CHECKOUT table=Sale id=SAL212 status=SUCCESS
[2026-04-05 01:14:09] user=rajesh role=user action=ONLINE_CHECKOUT table=Sale id=SAL213 status=SUCCESS
[2026-04-05 01:14:12] user=amit role=user action=ONLINE_CHECKOUT table=Sale id=SAL214 status=SUCCESS
[2026-04-05 01:14:14] user=amit role=user action=ONLINE_CHECKOUT table=Sale id=SAL215 status=SUCCESS
[2026-04-05 01:14:15] user=rajesh role=user action=ONLINE_CHECKOUT table=Sale id=SAL216 status=SUCCESS
[2026-04-05 01:14:15] user=priya role=user action=ONLINE_CHECKOUT table=Sale id=SAL217 status=SUCCESS
[2026-04-05 01:14:17] user=amit role=user action=ONLINE_CHECKOUT table=Sale id=SAL218 status=SUCCESS
[2026-04-05 01:14:17] user=amit role=user action=ONLINE_CHECKOUT table=Sale id=SAL219 status=SUCCESS
[2026-04-05 01:14:21] user=vikram role=user action=ONLINE_CHECKOUT table=Sale id=SAL220 status=SUCCESS
[2026-04-05 01:14:21] user=amit role=user action=ONLINE_CHECKOUT table=Sale id=SAL221 status=SUCCESS
[2026-04-05 01:14:21] user=sneha role=user action=ONLINE_CHECKOUT table=Sale id=SAL222 status=SUCCESS
[2026-04-05 01:14:22] user=rajesh role=user action=ONLINE_CHECKOUT table=Sale id=SAL223 status=SUCCESS
[2026-04-05 01:14:22] user=priya role=user action=ONLINE_CHECKOUT table=Sale id=SAL224 status=SUCCESS
[2026-04-05 01:14:27] user=sneha role=user action=ONLINE_CHECKOUT table=Sale id=SAL225 status=SUCCESS
[2026-04-05 01:14:31] user=rajesh role=user action=ONLINE_CHECKOUT table=Sale id=SAL226 status=SUCCESS
[2026-04-05 01:14:41] user=amit role=user action=ONLINE_CHECKOUT table=Sale id=SAL227 status=SUCCESS
[2026-04-05 01:14:43] user=amit role=user action=ONLINE_CHECKOUT table=Sale id=SAL228 status=SUCCESS
[2026-04-05 01:14:43] user=amit role=user action=ONLINE_CHECKOUT table=Sale id=SAL229 status=SUCCESS
[2026-04-05 01:14:45] user=amit role=user action=ONLINE_CHECKOUT table=Sale id=SAL230 status=SUCCESS
[2026-04-05 01:14:45] user=priya role=user action=ONLINE_CHECKOUT table=Sale id=SAL231 status=SUCCESS
[2026-04-05 01:14:50] user=amit role=user action=ONLINE_CHECKOUT table=Sale id=SAL232 status=SUCCESS
[2026-04-05 01:14:53] user=amit role=user action=ONLINE_CHECKOUT table=Sale id=SAL233 status=SUCCESS
[2026-04-05 01:14:54] user=vikram role=user action=ONLINE_CHECKOUT table=Sale id=SAL234 status=SUCCESS
[2026-04-05 01:14:55] user=amit role=user action=ONLINE_CHECKOUT table=Sale id=SAL235 status=SUCCESS
[2026-04-05 01:14:56] user=sneha role=user action=ONLINE_CHECKOUT table=Sale id=SAL236 status=SUCCESS
[2026-04-05 01:14:57] user=amit role=user action=ONLINE_CHECKOUT table=Sale id=SAL237 status=SUCCESS
[2026-04-05 01:14:58] user=amit role=user action=ONLINE_CHECKOUT table=Sale id=SAL238 status=SUCCESS
[2026-04-05 01:14:58] user=amit role=user action=ONLINE_CHECKOUT table=Sale id=SAL239 status=SUCCESS
[2026-04-05 01:15:02] user=priya role=user action=ONLINE_CHECKOUT table=Sale id=SAL240 status=SUCCESS
[2026-04-05 01:15:03] user=amit role=user action=ONLINE_CHECKOUT table=Sale id=SAL241 status=SUCCESS
[2026-04-05 01:15:06] user=vikram role=user action=ONLINE_CHECKOUT table=Sale id=SAL242 status=SUCCESS
[2026-04-05 01:15:07] user=sneha role=user action=ONLINE_CHECKOUT table=Sale id=SAL243 status=SUCCESS
[2026-04-05 01:15:08] user=vikram role=user action=ONLINE_CHECKOUT table=Sale id=SAL244 status=SUCCESS
[2026-04-05 01:15:09] user=amit role=user action=ONLINE_CHECKOUT table=Sale id=SAL245 status=SUCCESS
[2026-04-05 01:15:16] user=sneha role=user action=ONLINE_CHECKOUT table=Sale id=SAL246 status=SUCCESS
[2026-04-05 01:15:19] user=rajesh role=user action=ONLINE_CHECKOUT table=Sale id=SAL247 status=SUCCESS
[2026-04-05 01:15:20] user=sneha role=user action=ONLINE_CHECKOUT table=Sale id=SAL248 status=SUCCESS
[2026-04-05 01:15:21] user=sneha role=user action=ONLINE_CHECKOUT table=Sale id=SAL249 status=SUCCESS
[2026-04-05 01:15:22] user=sneha role=user action=ONLINE_CHECKOUT table=Sale id=SAL250 status=SUCCESS
[2026-04-05 01:15:26] user=amit role=user action=ONLINE_CHECKOUT table=Sale id=SAL251 status=SUCCESS
[2026-04-05 01:15:32] user=rajesh role=user action=ONLINE_CHECKOUT table=Sale id=SAL252 status=SUCCESS
[2026-04-05 01:15:32] user=amit role=user action=ONLINE_CHECKOUT table=Sale id=SAL253 status=SUCCESS
[2026-04-05 01:15:33] user=amit role=user action=ONLINE_CHECKOUT table=Sale id=SAL254 status=SUCCESS
[2026-04-05 01:15:35] user=rajesh role=user action=ONLINE_CHECKOUT table=Sale id=SAL255 status=SUCCESS
[2026-04-05 01:15:39] user=amit role=user action=ONLINE_CHECKOUT table=Sale id=SAL256 status=SUCCESS
[2026-04-05 01:15:40] user=rajesh role=user action=ONLINE_CHECKOUT table=Sale id=SAL257 status=SUCCESS
[2026-04-05 01:15:42] user=amit role=user action=ONLINE_CHECKOUT table=Sale id=SAL258 status=SUCCESS
[2026-04-05 01:15:47] user=amit role=user action=ONLINE_CHECKOUT table=Sale id=SAL259 status=SUCCESS
[2026-04-05 01:15:49] user=vikram role=user action=ONLINE_CHECKOUT table=Sale id=SAL260 status=SUCCESS
[2026-04-05 01:15:49] user=rajesh role=user action=ONLINE_CHECKOUT table=Sale id=SAL261 status=SUCCESS
[2026-04-05 01:15:50] user=sneha role=user action=ONLINE_CHECKOUT table=Sale id=SAL262 status=SUCCESS
[2026-04-05 01:15:50] user=amit role=user action=ONLINE_CHECKOUT table=Sale id=SAL263 status=SUCCESS
[2026-04-05 01:15:51] user=rajesh role=user action=ONLINE_CHECKOUT table=Sale id=SAL264 status=SUCCESS
[2026-04-05 01:15:51] user=vikram role=user action=ONLINE_CHECKOUT table=Sale id=SAL265 status=SUCCESS
[2026-04-05 01:15:51] user=rajesh role=user action=ONLINE_CHECKOUT table=Sale id=SAL266 status=SUCCESS
[2026-04-05 01:15:55] user=sneha role=user action=ONLINE_CHECKOUT table=Sale id=SAL267 status=SUCCESS
[2026-04-05 01:15:57] user=amit role=user action=ONLINE_CHECKOUT table=Sale id=SAL268 status=SUCCESS
[2026-04-05 01:16:00] user=amit role=user action=ONLINE_CHECKOUT table=Sale id=SAL269 status=SUCCESS
[2026-04-05 01:16:00] user=amit role=user action=ONLINE_CHECKOUT table=Sale id=SAL270 status=SUCCESS
[2026-04-05 01:16:02] user=rajesh role=user action=ONLINE_CHECKOUT table=Sale id=SAL271 status=SUCCESS
[2026-04-05 01:16:03] user=vikram role=user action=ONLINE_CHECKOUT table=Sale id=SAL272 status=SUCCESS
[2026-04-05 01:16:03] user=sneha role=user action=ONLINE_CHECKOUT table=Sale id=SAL273 status=SUCCESS
[2026-04-05 01:16:05] user=rajesh role=user action=ONLINE_CHECKOUT table=Sale id=SAL274 status=SUCCESS
[2026-04-05 01:16:07] user=vikram role=user action=ONLINE_CHECKOUT table=Sale id=SAL275 status=SUCCESS
[2026-04-05 01:16:09] user=sneha role=user action=ONLINE_CHECKOUT table=Sale id=SAL276 status=SUCCESS
[2026-04-05 01:16:09] user=amit role=user action=ONLINE_CHECKOUT table=Sale id=SAL277 status=SUCCESS
[2026-04-05 01:16:12] user=sneha role=user action=ONLINE_CHECKOUT table=Sale id=SAL278 status=SUCCESS
[2026-04-05 01:16:16] user=amit role=user action=ONLINE_CHECKOUT table=Sale id=SAL279 status=SUCCESS
[2026-04-05 01:16:17] user=sneha role=user action=ONLINE_CHECKOUT table=Sale id=SAL280 status=SUCCESS
[2026-04-05 01:16:21] user=sneha role=user action=ONLINE_CHECKOUT table=Sale id=SAL281 status=SUCCESS
[2026-04-05 01:16:22] user=rajesh role=user action=ONLINE_CHECKOUT table=Sale id=SAL282 status=SUCCESS
[2026-04-05 01:16:23] user=vikram role=user action=ONLINE_CHECKOUT table=Sale id=SAL283 status=SUCCESS
[2026-04-05 01:16:24] user=amit role=user action=ONLINE_CHECKOUT table=Sale id=SAL284 status=SUCCESS
[2026-04-05 01:16:28] user=rajesh role=user action=ONLINE_CHECKOUT table=Sale id=SAL285 status=SUCCESS
[2026-04-05 01:16:28] user=vikram role=user action=ONLINE_CHECKOUT table=Sale id=SAL286 status=SUCCESS
[2026-04-05 01:16:31] user=sneha role=user action=ONLINE_CHECKOUT table=Sale id=SAL287 status=SUCCESS
[2026-04-05 01:16:31] user=rajesh role=user action=ONLINE_CHECKOUT table=Sale id=SAL288 status=SUCCESS
[2026-04-05 01:16:35] user=amit role=user action=ONLINE_CHECKOUT table=Sale id=SAL289 status=SUCCESS
[2026-04-05 01:16:35] user=vikram role=user action=ONLINE_CHECKOUT table=Sale id=SAL290 status=SUCCESS
[2026-04-05 01:16:40] user=rajesh role=user action=ONLINE_CHECKOUT table=Sale id=SAL291 status=SUCCESS
[2026-04-05 01:16:40] user=priya role=user action=ONLINE_CHECKOUT table=Sale id=SAL292 status=SUCCESS
[2026-04-05 01:16:41] user=rajesh role=user action=ONLINE_CHECKOUT table=Sale id=SAL293 status=SUCCESS
[2026-04-05 01:16:46] user=vikram role=user action=ONLINE_CHECKOUT table=Sale id=SAL294 status=SUCCESS
[2026-04-05 01:16:46] user=amit role=user action=ONLINE_CHECKOUT table=Sale id=SAL295 status=SUCCESS
[2026-04-05 01:16:47] user=priya role=user action=ONLINE_CHECKOUT table=Sale id=SAL296 status=SUCCESS
[2026-04-05 01:16:51] user=vikram role=user action=ONLINE_CHECKOUT table=Sale id=SAL297 status=SUCCESS
[2026-04-05 01:16:52] user=sneha role=user action=ONLINE_CHECKOUT table=Sale id=SAL298 status=SUCCESS
[2026-04-05 01:16:53] user=rajesh role=user action=ONLINE_CHECKOUT table=Sale id=SAL299 status=SUCCESS
[2026-04-05 01:16:56] user=sneha role=user action=ONLINE_CHECKOUT table=Sale id=SAL300 status=SUCCESS
[2026-04-05 01:16:57] user=sneha role=user action=ONLINE_CHECKOUT table=Sale id=SAL301 status=SUCCESS
[2026-04-05 01:16:58] user=vikram role=user action=ONLINE_CHECKOUT table=Sale id=SAL302 status=SUCCESS
[2026-04-05 01:17:01] user=amit role=user action=ONLINE_CHECKOUT table=Sale id=SAL303 status=SUCCESS
[2026-04-05 01:17:01] user=amit role=user action=ONLINE_CHECKOUT table=Sale id=SAL304 status=SUCCESS
[2026-04-05 01:17:02] user=rajesh role=user action=ONLINE_CHECKOUT table=Sale id=SAL305 status=SUCCESS
[2026-04-05 01:17:06] user=sneha role=user action=ONLINE_CHECKOUT table=Sale id=SAL306 status=SUCCESS
[2026-04-05 01:17:07] user=amit role=user action=ONLINE_CHECKOUT table=Sale id=SAL307 status=SUCCESS
[2026-04-05 01:17:10] user=priya role=user action=ONLINE_CHECKOUT table=Sale id=SAL308 status=SUCCESS
[2026-04-05 01:17:13] user=sneha role=user action=ONLINE_CHECKOUT table=Sale id=SAL309 status=SUCCESS
[2026-04-05 01:17:13] user=amit role=user action=ONLINE_CHECKOUT table=Sale id=SAL310 status=SUCCESS
[2026-04-05 01:17:15] user=sneha role=user action=ONLINE_CHECKOUT table=Sale id=SAL311 status=SUCCESS
[2026-04-05 01:17:18] user=sneha role=user action=ONLINE_CHECKOUT table=Sale id=SAL312 status=SUCCESS
[2026-04-05 01:17:19] user=rajesh role=user action=ONLINE_CHECKOUT table=Sale id=SAL313 status=SUCCESS
[2026-04-05 01:17:21] user=sneha role=user action=ONLINE_CHECKOUT table=Sale id=SAL314 status=SUCCESS
[2026-04-05 01:17:24] user=priya role=user action=ONLINE_CHECKOUT table=Sale id=SAL315 status=SUCCESS
[2026-04-05 01:17:26] user=vikram role=user action=ONLINE_CHECKOUT table=Sale id=SAL316 status=SUCCESS
[2026-04-05 01:17:27] user=amit role=user action=ONLINE_CHECKOUT table=Sale id=SAL317 status=SUCCESS
[2026-04-05 01:17:37] user=sneha role=user action=ONLINE_CHECKOUT table=Sale id=SAL318 status=SUCCESS
[2026-04-05 01:17:38] user=rajesh role=user action=ONLINE_CHECKOUT table=Sale id=SAL319 status=SUCCESS
[2026-04-05 01:17:43] user=sneha role=user action=ONLINE_CHECKOUT table=Sale id=SAL320 status=SUCCESS
[2026-04-05 01:17:45] user=priya role=user action=ONLINE_CHECKOUT table=Sale id=SAL321 status=SUCCESS
[2026-04-05 01:17:46] user=priya role=user action=ONLINE_CHECKOUT table=Sale id=SAL322 status=SUCCESS
[2026-04-05 01:17:51] user=rajesh role=user action=ONLINE_CHECKOUT table=Sale id=SAL323 status=SUCCESS
[2026-04-05 01:17:54] user=priya role=user action=ONLINE_CHECKOUT table=Sale id=SAL324 status=SUCCESS
[2026-04-05 01:17:57] user=amit role=user action=ONLINE_CHECKOUT table=Sale id=SAL325 status=SUCCESS
[2026-04-05 01:18:06] user=rajesh role=user action=ONLINE_CHECKOUT table=Sale id=SAL326 status=SUCCESS
[2026-04-05 01:18:10] user=rajesh role=user action=ONLINE_CHECKOUT table=Sale id=SAL327 status=SUCCESS
[2026-04-05 01:18:10] user=amit role=user action=ONLINE_CHECKOUT table=Sale id=SAL328 status=SUCCESS
[2026-04-05 01:18:14] user=sneha role=user action=ONLINE_CHECKOUT table=Sale id=SAL329 status=SUCCESS
[2026-04-05 01:18:16] user=sneha role=user action=ONLINE_CHECKOUT table=Sale id=SAL330 status=SUCCESS
[2026-04-05 01:18:16] user=rajesh role=user action=ONLINE_CHECKOUT table=Sale id=SAL331 status=SUCCESS
[2026-04-05 01:18:19] user=amit role=user action=ONLINE_CHECKOUT table=Sale id=SAL332 status=SUCCESS
[2026-04-05 01:18:20] user=priya role=user action=ONLINE_CHECKOUT table=Sale id=SAL333 status=SUCCESS
[2026-04-05 01:18:22] user=priya role=user action=ONLINE_CHECKOUT table=Sale id=SAL334 status=SUCCESS
[2026-04-05 01:18:23] user=vikram role=user action=ONLINE_CHECKOUT table=Sale id=SAL335 status=SUCCESS
[2026-04-05 01:18:24] user=rajesh role=user action=ONLINE_CHECKOUT table=Sale id=SAL336 status=SUCCESS
[2026-04-05 01:18:25] user=amit role=user action=ONLINE_CHECKOUT table=Sale id=SAL337 status=SUCCESS
[2026-04-05 01:18:26] user=amit role=user action=ONLINE_CHECKOUT table=Sale id=SAL338 status=SUCCESS
[2026-04-05 01:18:26] user=amit role=user action=ONLINE_CHECKOUT table=Sale id=SAL339 status=SUCCESS
[2026-04-05 01:18:26] user=rajesh role=user action=ONLINE_CHECKOUT table=Sale id=SAL340 status=SUCCESS
[2026-04-05 01:18:29] user=sneha role=user action=ONLINE_CHECKOUT table=Sale id=SAL341 status=SUCCESS
[2026-04-05 01:18:30] user=rajesh role=user action=ONLINE_CHECKOUT table=Sale id=SAL342 status=SUCCESS
[2026-04-05 01:18:32] user=rajesh role=user action=ONLINE_CHECKOUT table=Sale id=SAL343 status=SUCCESS
[2026-04-05 01:18:32] user=amit role=user action=ONLINE_CHECKOUT table=Sale id=SAL344 status=SUCCESS
[2026-04-05 01:18:33] user=amit role=user action=ONLINE_CHECKOUT table=Sale id=SAL345 status=SUCCESS
[2026-04-05 01:18:38] user=priya role=user action=ONLINE_CHECKOUT table=Sale id=SAL346 status=SUCCESS
[2026-04-05 01:18:40] user=rajesh role=user action=ONLINE_CHECKOUT table=Sale id=SAL347 status=SUCCESS
[2026-04-05 01:18:40] user=amit role=user action=ONLINE_CHECKOUT table=Sale id=SAL348 status=SUCCESS
[2026-04-05 01:18:42] user=vikram role=user action=ONLINE_CHECKOUT table=Sale id=SAL349 status=SUCCESS
[2026-04-05 01:18:45] user=priya role=user action=ONLINE_CHECKOUT table=Sale id=SAL350 status=SUCCESS
[2026-04-05 01:18:53] user=sneha role=user action=ONLINE_CHECKOUT table=Sale id=SAL351 status=SUCCESS
[2026-04-05 01:18:55] user=sneha role=user action=ONLINE_CHECKOUT table=Sale id=SAL352 status=SUCCESS
[2026-04-05 01:18:55] user=rajesh role=user action=ONLINE_CHECKOUT table=Sale id=SAL353 status=SUCCESS
[2026-04-05 01:19:01] user=sneha role=user action=ONLINE_CHECKOUT table=Sale id=SAL354 status=SUCCESS
[2026-04-05 01:19:01] user=rajesh role=user action=ONLINE_CHECKOUT table=Sale id=SAL355 status=SUCCESS
[2026-04-05 01:19:02] user=amit role=user action=ONLINE_CHECKOUT table=Sale id=SAL356 status=SUCCESS
[2026-04-05 01:19:05] user=rajesh role=user action=ONLINE_CHECKOUT table=Sale id=SAL357 status=SUCCESS
[2026-04-05 01:19:07] user=sneha role=user action=ONLINE_CHECKOUT table=Sale id=SAL358 status=SUCCESS
[2026-04-05 01:19:14] user=sneha role=user action=ONLINE_CHECKOUT table=Sale id=SAL359 status=SUCCESS
[2026-04-05 01:19:17] user=amit role=user action=ONLINE_CHECKOUT table=Sale id=SAL360 status=SUCCESS
[2026-04-05 01:19:17] user=sneha role=user action=ONLINE_CHECKOUT table=Sale id=SAL361 status=SUCCESS
[2026-04-05 01:19:19] user=sneha role=user action=ONLINE_CHECKOUT table=Sale id=SAL362 status=SUCCESS
[2026-04-05 01:19:19] user=vikram role=user action=ONLINE_CHECKOUT table=Sale id=SAL363 status=SUCCESS
[2026-04-05 01:19:21] user=priya role=user action=ONLINE_CHECKOUT table=Sale id=SAL364 status=SUCCESS
[2026-04-05 01:19:23] user=sneha role=user action=ONLINE_CHECKOUT table=Sale id=SAL365 status=SUCCESS
[2026-04-05 01:19:24] user=rajesh role=user action=ONLINE_CHECKOUT table=Sale id=SAL366 status=SUCCESS
[2026-04-05 01:19:24] user=rajesh role=user action=ONLINE_CHECKOUT table=Sale id=SAL367 status=SUCCESS
[2026-04-05 01:19:26] user=sneha role=user action=ONLINE_CHECKOUT table=Sale id=SAL368 status=SUCCESS
[2026-04-05 01:19:27] user=amit role=user action=ONLINE_CHECKOUT table=Sale id=SAL369 status=SUCCESS
[2026-04-05 01:19:27] user=priya role=user action=ONLINE_CHECKOUT table=Sale id=SAL370 status=SUCCESS
[2026-04-05 01:19:28] user=rajesh role=user action=ONLINE_CHECKOUT table=Sale id=SAL371 status=SUCCESS
[2026-04-05 01:19:31] user=amit role=user action=ONLINE_CHECKOUT table=Sale id=SAL372 status=SUCCESS
[2026-04-05 01:19:33] user=amit role=user action=ONLINE_CHECKOUT table=Sale id=SAL373 status=SUCCESS
[2026-04-05 01:19:34] user=amit role=user action=ONLINE_CHECKOUT table=Sale id=SAL374 status=SUCCESS
[2026-04-05 01:19:36] user=priya role=user action=ONLINE_CHECKOUT table=Sale id=SAL375 status=SUCCESS
[2026-04-05 01:19:37] user=rajesh role=user action=ONLINE_CHECKOUT table=Sale id=SAL376 status=SUCCESS
[2026-04-05 01:19:40] user=rajesh role=user action=ONLINE_CHECKOUT table=Sale id=SAL377 status=SUCCESS
[2026-04-05 01:19:40] user=priya role=user action=ONLINE_CHECKOUT table=Sale id=SAL378 status=SUCCESS
[2026-04-05 01:19:45] user=priya role=user action=ONLINE_CHECKOUT table=Sale id=SAL379 status=SUCCESS
[2026-04-05 01:19:46] user=sneha role=user action=ONLINE_CHECKOUT table=Sale id=SAL380 status=SUCCESS
[2026-04-05 01:19:48] user=priya role=user action=ONLINE_CHECKOUT table=Sale id=SAL381 status=SUCCESS
[2026-04-05 01:19:48] user=vikram role=user action=ONLINE_CHECKOUT table=Sale id=SAL382 status=SUCCESS
[2026-04-05 01:19:48] user=priya role=user action=ONLINE_CHECKOUT table=Sale id=SAL383 status=SUCCESS
[2026-04-05 01:19:51] user=rajesh role=user action=ONLINE_CHECKOUT table=Sale id=SAL384 status=SUCCESS
[2026-04-05 01:19:53] user=priya role=user action=ONLINE_CHECKOUT table=Sale id=SAL385 status=SUCCESS
[2026-04-05 01:19:53] user=vikram role=user action=ONLINE_CHECKOUT table=Sale id=SAL386 status=SUCCESS
[2026-04-05 01:19:54] user=amit role=user action=ONLINE_CHECKOUT table=Sale id=SAL387 status=SUCCESS
[2026-04-05 01:20:05] user=sneha role=user action=ONLINE_CHECKOUT table=Sale id=SAL388 status=SUCCESS
[2026-04-05 01:20:06] user=sneha role=user action=ONLINE_CHECKOUT table=Sale id=SAL389 status=SUCCESS
[2026-04-05 01:20:07] user=amit role=user action=ONLINE_CHECKOUT table=Sale id=SAL390 status=SUCCESS
[2026-04-05 01:20:08] user=vikram role=user action=ONLINE_CHECKOUT table=Sale id=SAL391 status=SUCCESS
[2026-04-05 01:20:12] user=sneha role=user action=ONLINE_CHECKOUT table=Sale id=SAL392 status=SUCCESS
[2026-04-05 01:20:13] user=sneha role=user action=ONLINE_CHECKOUT table=Sale id=SAL393 status=SUCCESS
[2026-04-05 01:20:14] user=amit role=user action=ONLINE_CHECKOUT table=Sale id=SAL394 status=SUCCESS
[2026-04-05 01:20:19] user=rajesh role=user action=ONLINE_CHECKOUT table=Sale id=SAL395 status=SUCCESS
[2026-04-05 01:20:19] user=priya role=user action=ONLINE_CHECKOUT table=Sale id=SAL396 status=SUCCESS
[2026-04-05 01:20:20] user=rajesh role=user action=ONLINE_CHECKOUT table=Sale id=SAL397 status=SUCCESS
[2026-04-05 01:20:21] user=sneha role=user action=ONLINE_CHECKOUT table=Sale id=SAL398 status=SUCCESS
[2026-04-05 01:20:21] user=sneha role=user action=ONLINE_CHECKOUT table=Sale id=SAL399 status=SUCCESS
[2026-04-05 01:20:23] user=amit role=user action=ONLINE_CHECKOUT table=Sale id=SAL400 status=SUCCESS
[2026-04-05 01:20:25] user=vikram role=user action=ONLINE_CHECKOUT table=Sale id=SAL401 status=SUCCESS
[2026-04-05 01:20:27] user=priya role=user action=ONLINE_CHECKOUT table=Sale id=SAL402 status=SUCCESS
[2026-04-05 01:20:29] user=sneha role=user action=ONLINE_CHECKOUT table=Sale id=SAL403 status=SUCCESS
[2026-04-05 01:20:34] user=amit role=user action=ONLINE_CHECKOUT table=Sale id=SAL404 status=SUCCESS
[2026-04-05 01:20:37] user=sneha role=user action=ONLINE_CHECKOUT table=Sale id=SAL405 status=SUCCESS
[2026-04-05 01:20:37] user=rajesh role=user action=ONLINE_CHECKOUT table=Sale id=SAL406 status=SUCCESS
[2026-04-05 01:20:39] user=sneha role=user action=ONLINE_CHECKOUT table=Sale id=SAL407 status=SUCCESS
[2026-04-05 01:20:39] user=amit role=user action=ONLINE_CHECKOUT table=Sale id=SAL408 status=SUCCESS
[2026-04-05 01:20:39] user=rajesh role=user action=ONLINE_CHECKOUT table=Sale id=SAL409 status=SUCCESS
[2026-04-05 01:20:42] user=sneha role=user action=ONLINE_CHECKOUT table=Sale id=SAL410 status=SUCCESS
[2026-04-05 01:20:42] user=rajesh role=user action=ONLINE_CHECKOUT table=Sale id=SAL411 status=SUCCESS
[2026-04-05 01:20:44] user=amit role=user action=ONLINE_CHECKOUT table=Sale id=SAL412 status=SUCCESS
[2026-04-05 01:20:45] user=amit role=user action=ONLINE_CHECKOUT table=Sale id=SAL413 status=SUCCESS
[2026-04-05 01:20:51] user=rajesh role=user action=ONLINE_CHECKOUT table=Sale id=SAL414 status=SUCCESS
[2026-04-05 01:20:54] user=sneha role=user action=ONLINE_CHECKOUT table=Sale id=SAL415 status=SUCCESS
[2026-04-05 01:20:56] user=vikram role=user action=ONLINE_CHECKOUT table=Sale id=SAL416 status=SUCCESS
[2026-04-05 01:20:58] user=vikram role=user action=ONLINE_CHECKOUT table=Sale id=SAL417 status=SUCCESS
[2026-04-05 01:21:04] user=amit role=user action=ONLINE_CHECKOUT table=Sale id=SAL418 status=SUCCESS
[2026-04-05 01:21:11] user=priya role=user action=ONLINE_CHECKOUT table=Sale id=SAL419 status=SUCCESS
[2026-04-05 01:21:18] user=amit role=user action=ONLINE_CHECKOUT table=Sale id=SAL420 status=SUCCESS
[2026-04-05 01:21:19] user=sneha role=user action=ONLINE_CHECKOUT table=Sale id=SAL421 status=SUCCESS
[2026-04-05 01:21:20] user=vikram role=user action=ONLINE_CHECKOUT table=Sale id=SAL422 status=SUCCESS
[2026-04-05 01:21:23] user=sneha role=user action=ONLINE_CHECKOUT table=Sale id=SAL423 status=SUCCESS
[2026-04-05 01:21:24] user=priya role=user action=ONLINE_CHECKOUT table=Sale id=SAL424 status=SUCCESS
[2026-04-05 01:21:31] user=rajesh role=user action=ONLINE_CHECKOUT table=Sale id=SAL425 status=SUCCESS
[2026-04-05 01:21:35] user=rajesh role=user action=ONLINE_CHECKOUT table=Sale id=SAL426 status=SUCCESS
[2026-04-05 01:21:39] user=rajesh role=user action=ONLINE_CHECKOUT table=Sale id=SAL427 status=SUCCESS
[2026-04-05 01:21:42] user=amit role=user action=ONLINE_CHECKOUT table=Sale id=SAL428 status=SUCCESS
[2026-04-05 01:21:43] user=rajesh role=user action=ONLINE_CHECKOUT table=Sale id=SAL429 status=SUCCESS
[2026-04-05 01:21:44] user=priya role=user action=ONLINE_CHECKOUT table=Sale id=SAL430 status=SUCCESS
[2026-04-05 01:21:45] user=amit role=user action=ONLINE_CHECKOUT table=Sale id=SAL431 status=SUCCESS
[2026-04-05 01:21:49] user=sneha role=user action=ONLINE_CHECKOUT table=Sale id=SAL432 status=SUCCESS
[2026-04-05 01:21:53] user=priya role=user action=ONLINE_CHECKOUT table=Sale id=SAL433 status=SUCCESS
[2026-04-05 01:21:57] user=vikram role=user action=ONLINE_CHECKOUT table=Sale id=SAL434 status=SUCCESS
[2026-04-05 01:22:23] user=vikram role=user action=ONLINE_CHECKOUT table=Sale id=SAL435 status=SUCCESS
[2026-04-05 01:22:24] user=rajesh role=user action=ONLINE_CHECKOUT table=Sale id=SAL436 status=SUCCESS
[2026-04-05 01:22:24] user=sneha role=user action=ONLINE_CHECKOUT table=Sale id=SAL437 status=SUCCESS
[2026-04-05 01:22:28] user=priya role=user action=ONLINE_CHECKOUT table=Sale id=SAL438 status=SUCCESS
[2026-04-05 01:22:28] user=amit role=user action=ONLINE_CHECKOUT table=Sale id=SAL439 status=SUCCESS
[2026-04-05 01:22:37] user=sneha role=user action=ONLINE_CHECKOUT table=Sale id=SAL440 status=SUCCESS
[2026-04-05 01:22:39] user=sneha role=user action=ONLINE_CHECKOUT table=Sale id=SAL441 status=SUCCESS
[2026-04-05 01:22:39] user=amit role=user action=ONLINE_CHECKOUT table=Sale id=SAL442 status=SUCCESS
[2026-04-05 01:22:41] user=vikram role=user action=ONLINE_CHECKOUT table=Sale id=SAL443 status=SUCCESS
[2026-04-05 01:22:42] user=sneha role=user action=ONLINE_CHECKOUT table=Sale id=SAL444 status=SUCCESS
[2026-04-05 01:22:51] user=rajesh role=user action=ONLINE_CHECKOUT table=Sale id=SAL445 status=SUCCESS
[2026-04-05 01:22:53] user=vikram role=user action=ONLINE_CHECKOUT table=Sale id=SAL446 status=SUCCESS
[2026-04-05 01:22:54] user=vikram role=user action=ONLINE_CHECKOUT table=Sale id=SAL447 status=SUCCESS
[2026-04-05 01:22:55] user=rajesh role=user action=ONLINE_CHECKOUT table=Sale id=SAL448 status=SUCCESS
[2026-04-05 01:22:56] user=sneha role=user action=ONLINE_CHECKOUT table=Sale id=SAL449 status=SUCCESS
[2026-04-05 01:22:56] user=amit role=user action=ONLINE_CHECKOUT table=Sale id=SAL450 status=SUCCESS
[2026-04-05 01:22:57] user=amit role=user action=ONLINE_CHECKOUT table=Sale id=SAL451 status=SUCCESS
[2026-04-05 01:22:59] user=priya role=user action=ONLINE_CHECKOUT table=Sale id=SAL452 status=SUCCESS
[2026-04-05 01:23:00] user=amit role=user action=ONLINE_CHECKOUT table=Sale id=SAL453 status=SUCCESS
[2026-04-05 01:23:02] user=amit role=user action=ONLINE_CHECKOUT table=Sale id=SAL454 status=SUCCESS
[2026-04-05 01:23:14] user=rajesh role=user action=ONLINE_CHECKOUT table=Sale id=SAL455 status=SUCCESS
[2026-04-05 01:23:24] user=priya role=user action=ONLINE_CHECKOUT table=Sale id=SAL456 status=SUCCESS
[2026-04-05 01:23:29] user=rajesh role=user action=ONLINE_CHECKOUT table=Sale id=SAL457 status=SUCCESS
[2026-04-05 01:23:32] user=sneha role=user action=ONLINE_CHECKOUT table=Sale id=SAL458 status=SUCCESS
[2026-04-05 01:23:36] user=priya role=user action=ONLINE_CHECKOUT table=Sale id=SAL459 status=SUCCESS
[2026-04-05 01:23:38] user=sneha role=user action=ONLINE_CHECKOUT table=Sale id=SAL460 status=SUCCESS
[2026-04-05 01:23:40] user=priya role=user action=ONLINE_CHECKOUT table=Sale id=SAL461 status=SUCCESS
[2026-04-05 01:23:42] user=sneha role=user action=ONLINE_CHECKOUT table=Sale id=SAL462 status=SUCCESS
[2026-04-05 01:23:50] user=priya role=user action=ONLINE_CHECKOUT table=Sale id=SAL463 status=SUCCESS
[2026-04-05 01:23:53] user=amit role=user action=ONLINE_CHECKOUT table=Sale id=SAL464 status=SUCCESS
[2026-04-05 01:23:53] user=sneha role=user action=ONLINE_CHECKOUT table=Sale id=SAL465 status=SUCCESS
[2026-04-05 01:23:54] user=amit role=user action=ONLINE_CHECKOUT table=Sale id=SAL466 status=SUCCESS
[2026-04-05 01:23:54] user=amit role=user action=ONLINE_CHECKOUT table=Sale id=SAL467 status=SUCCESS
[2026-04-05 01:23:55] user=sneha role=user action=ONLINE_CHECKOUT table=Sale id=SAL468 status=SUCCESS
[2026-04-05 01:23:57] user=amit role=user action=LOGIN table=- id=- status=SUCCESS
[2026-04-05 01:23:57] user=sneha role=user action=LOGIN table=- id=- status=SUCCESS
[2026-04-05 01:23:57] user=amit role=user action=LOGIN table=- id=- status=SUCCESS
[2026-04-05 01:23:57] user=amit role=user action=LOGIN table=- id=- status=SUCCESS
[2026-04-05 01:23:57] user=priya role=user action=LOGIN table=- id=- status=SUCCESS
[2026-04-05 01:23:57] user=sneha role=user action=ONLINE_CHECKOUT table=Sale id=SAL469 status=SUCCESS
[2026-04-05 01:23:58] user=amit role=user action=LOGIN table=- id=- status=SUCCESS
[2026-04-05 01:23:58] user=amit role=user action=LOGIN table=- id=- status=SUCCESS
[2026-04-05 01:23:58] user=amit role=user action=LOGIN table=- id=- status=SUCCESS
[2026-04-05 01:23:58] user=vikram role=user action=LOGIN table=- id=- status=SUCCESS
[2026-04-05 01:23:58] user=rajesh role=user action=LOGIN table=- id=- status=SUCCESS
[2026-04-05 01:23:58] user=priya role=user action=ONLINE_CHECKOUT table=Sale id=SAL470 status=SUCCESS
[2026-04-05 01:23:59] user=vikram role=user action=LOGIN table=- id=- status=SUCCESS
[2026-04-05 01:23:59] user=vikram role=user action=LOGIN table=- id=- status=SUCCESS
[2026-04-05 01:23:59] user=vikram role=user action=LOGIN table=- id=- status=SUCCESS
[2026-04-05 01:23:59] user=rajesh role=user action=LOGIN table=- id=- status=SUCCESS
[2026-04-05 01:23:59] user=rajesh role=user action=LOGIN table=- id=- status=SUCCESS
[2026-04-05 01:24:00] user=amit role=user action=ONLINE_CHECKOUT table=Sale id=SAL471 status=SUCCESS
[2026-04-05 01:24:00] user=sneha role=user action=LOGIN table=- id=- status=SUCCESS
[2026-04-05 01:24:00] user=amit role=user action=LOGIN table=- id=- status=SUCCESS
[2026-04-05 01:24:00] user=priya role=user action=LOGIN table=- id=- status=SUCCESS
[2026-04-05 01:24:00] user=rajesh role=user action=LOGIN table=- id=- status=SUCCESS
[2026-04-05 01:24:00] user=sneha role=user action=LOGIN table=- id=- status=SUCCESS
[2026-04-05 01:24:00] user=priya role=user action=ONLINE_CHECKOUT table=Sale id=SAL472 status=SUCCESS
[2026-04-05 01:24:00] user=amit role=user action=ONLINE_CHECKOUT table=Sale id=SAL473 status=SUCCESS
[2026-04-05 01:24:00] user=rajesh role=user action=ONLINE_CHECKOUT table=Sale id=SAL474 status=SUCCESS
[2026-04-05 01:24:01] user=rajesh role=user action=LOGIN table=- id=- status=SUCCESS
[2026-04-05 01:24:01] user=rajesh role=user action=LOGIN table=- id=- status=SUCCESS
[2026-04-05 01:24:01] user=amit role=user action=LOGIN table=- id=- status=SUCCESS
[2026-04-05 01:24:01] user=vikram role=user action=LOGIN table=- id=- status=SUCCESS
[2026-04-05 01:24:01] user=rajesh role=user action=LOGIN table=- id=- status=SUCCESS
[2026-04-05 01:24:01] user=rajesh role=user action=ONLINE_CHECKOUT table=Sale id=SAL475 status=SUCCESS
[2026-04-05 01:24:01] user=vikram role=user action=ONLINE_CHECKOUT table=Sale id=SAL476 status=SUCCESS
[2026-04-05 01:24:02] user=rajesh role=user action=LOGIN table=- id=- status=SUCCESS
[2026-04-05 01:24:02] user=priya role=user action=LOGIN table=- id=- status=SUCCESS
[2026-04-05 01:24:02] user=priya role=user action=LOGIN table=- id=- status=SUCCESS
[2026-04-05 01:24:02] user=sneha role=user action=LOGIN table=- id=- status=SUCCESS
[2026-04-05 01:24:02] user=vikram role=user action=LOGIN table=- id=- status=SUCCESS
[2026-04-05 01:24:03] user=vikram role=user action=LOGIN table=- id=- status=SUCCESS
[2026-04-05 01:24:03] user=priya role=user action=LOGIN table=- id=- status=SUCCESS
[2026-04-05 01:24:03] user=priya role=user action=LOGIN table=- id=- status=SUCCESS
[2026-04-05 01:24:03] user=amit role=user action=LOGIN table=- id=- status=SUCCESS
[2026-04-05 01:24:03] user=amit role=user action=LOGIN table=- id=- status=SUCCESS
[2026-04-05 01:24:04] user=amit role=user action=LOGIN table=- id=- status=SUCCESS
[2026-04-05 01:24:04] user=rajesh role=user action=LOGIN table=- id=- status=SUCCESS
[2026-04-05 01:24:04] user=priya role=user action=LOGIN table=- id=- status=SUCCESS
[2026-04-05 01:24:04] user=amit role=user action=LOGIN table=- id=- status=SUCCESS
[2026-04-05 01:24:04] user=vikram role=user action=LOGIN table=- id=- status=SUCCESS
[2026-04-05 01:24:04] user=amit role=user action=ONLINE_CHECKOUT table=Sale id=SAL477 status=SUCCESS
[2026-04-05 01:24:05] user=sneha role=user action=LOGIN table=- id=- status=SUCCESS
[2026-04-05 01:24:05] user=priya role=user action=LOGIN table=- id=- status=SUCCESS
[2026-04-05 01:24:05] user=vikram role=user action=LOGIN table=- id=- status=SUCCESS
[2026-04-05 01:24:05] user=sneha role=user action=LOGIN table=- id=- status=SUCCESS
[2026-04-05 01:24:05] user=sneha role=user action=LOGIN table=- id=- status=SUCCESS
[2026-04-05 01:24:05] user=sneha role=user action=ONLINE_CHECKOUT table=Sale id=SAL478 status=SUCCESS
[2026-04-05 01:24:05] user=priya role=user action=ONLINE_CHECKOUT table=Sale id=SAL479 status=SUCCESS
[2026-04-05 01:24:06] user=vikram role=user action=LOGIN table=- id=- status=SUCCESS
[2026-04-05 01:24:06] user=amit role=user action=LOGIN table=- id=- status=SUCCESS
[2026-04-05 01:24:06] user=sneha role=user action=LOGIN table=- id=- status=SUCCESS
[2026-04-05 01:24:06] user=vikram role=user action=LOGIN table=- id=- status=SUCCESS
[2026-04-05 01:24:06] user=sneha role=user action=LOGIN table=- id=- status=SUCCESS
[2026-04-05 01:24:06] user=vikram role=user action=ONLINE_CHECKOUT table=Sale id=SAL480 status=SUCCESS
[2026-04-05 01:24:07] user=sneha role=user action=LOGIN table=- id=- status=SUCCESS
[2026-04-05 01:24:07] user=sneha role=user action=LOGIN table=- id=- status=SUCCESS
[2026-04-05 01:24:07] user=sneha role=user action=LOGIN table=- id=- status=SUCCESS
[2026-04-05 01:24:07] user=rajesh role=user action=LOGIN table=- id=- status=SUCCESS
[2026-04-05 01:24:07] user=sneha role=user action=LOGIN table=- id=- status=SUCCESS
[2026-04-05 01:24:08] user=priya role=user action=LOGIN table=- id=- status=SUCCESS
[2026-04-05 01:24:08] user=priya role=user action=LOGIN table=- id=- status=SUCCESS
[2026-04-05 01:24:08] user=sneha role=user action=LOGIN table=- id=- status=SUCCESS
[2026-04-05 01:24:08] user=amit role=user action=LOGIN table=- id=- status=SUCCESS
[2026-04-05 01:24:08] user=sneha role=user action=LOGIN table=- id=- status=SUCCESS
[2026-04-05 01:24:08] user=vikram role=user action=ONLINE_CHECKOUT table=Sale id=SAL481 status=SUCCESS
[2026-04-05 01:24:09] user=vikram role=user action=LOGIN table=- id=- status=SUCCESS
[2026-04-05 01:24:09] user=amit role=user action=LOGIN table=- id=- status=SUCCESS
[2026-04-05 01:24:09] user=amit role=user action=LOGIN table=- id=- status=SUCCESS
[2026-04-05 01:24:09] user=rajesh role=user action=LOGIN table=- id=- status=SUCCESS
[2026-04-05 01:24:09] user=vikram role=user action=LOGIN table=- id=- status=SUCCESS
[2026-04-05 01:24:10] user=vikram role=user action=LOGIN table=- id=- status=SUCCESS
[2026-04-05 01:24:10] user=priya role=user action=LOGIN table=- id=- status=SUCCESS
[2026-04-05 01:24:10] user=priya role=user action=LOGIN table=- id=- status=SUCCESS
[2026-04-05 01:24:10] user=vikram role=user action=LOGIN table=- id=- status=SUCCESS
[2026-04-05 01:24:10] user=amit role=user action=LOGIN table=- id=- status=SUCCESS
[2026-04-05 01:24:10] user=amit role=user action=ONLINE_CHECKOUT table=Sale id=SAL482 status=SUCCESS
[2026-04-05 01:24:11] user=amit role=user action=LOGIN table=- id=- status=SUCCESS
[2026-04-05 01:24:11] user=rajesh role=user action=LOGIN table=- id=- status=SUCCESS
[2026-04-05 01:24:11] user=vikram role=user action=LOGIN table=- id=- status=SUCCESS
[2026-04-05 01:24:11] user=sneha role=user action=LOGIN table=- id=- status=SUCCESS
[2026-04-05 01:24:11] user=sneha role=user action=LOGIN table=- id=- status=SUCCESS
[2026-04-05 01:24:11] user=amit role=user action=ONLINE_CHECKOUT table=Sale id=SAL483 status=SUCCESS
[2026-04-05 01:24:11] user=priya role=user action=ONLINE_CHECKOUT table=Sale id=SAL484 status=SUCCESS
[2026-04-05 01:24:11] user=priya role=user action=ONLINE_CHECKOUT table=Sale id=SAL485 status=SUCCESS
[2026-04-05 01:24:12] user=vikram role=user action=LOGIN table=- id=- status=SUCCESS
[2026-04-05 01:24:12] user=rajesh role=user action=LOGIN table=- id=- status=SUCCESS
[2026-04-05 01:24:12] user=rajesh role=user action=LOGIN table=- id=- status=SUCCESS
[2026-04-05 01:24:12] user=rajesh role=user action=LOGIN table=- id=- status=SUCCESS
[2026-04-05 01:24:12] user=vikram role=user action=LOGIN table=- id=- status=SUCCESS
[2026-04-05 01:24:12] user=rajesh role=user action=ONLINE_CHECKOUT table=Sale id=SAL486 status=SUCCESS
[2026-04-05 01:24:13] user=rajesh role=user action=ONLINE_CHECKOUT table=Sale id=SAL487 status=SUCCESS
[2026-04-05 01:24:13] user=rajesh role=user action=ONLINE_CHECKOUT table=Sale id=SAL488 status=SUCCESS
[2026-04-05 01:24:14] user=sneha role=user action=ONLINE_CHECKOUT table=Sale id=SAL489 status=SUCCESS
[2026-04-05 01:24:14] user=vikram role=user action=ONLINE_CHECKOUT table=Sale id=SAL490 status=SUCCESS
[2026-04-05 01:24:15] user=amit role=user action=ONLINE_CHECKOUT table=Sale id=SAL491 status=SUCCESS
[2026-04-05 01:24:15] user=sneha role=user action=ONLINE_CHECKOUT table=Sale id=SAL492 status=SUCCESS
[2026-04-05 01:24:16] user=sneha role=user action=ONLINE_CHECKOUT table=Sale id=SAL493 status=SUCCESS
[2026-04-05 01:24:17] user=priya role=user action=ONLINE_CHECKOUT table=Sale id=SAL494 status=SUCCESS
[2026-04-05 01:24:18] user=vikram role=user action=ONLINE_CHECKOUT table=Sale id=SAL495 status=SUCCESS
[2026-04-05 01:24:19] user=rajesh role=user action=ONLINE_CHECKOUT table=Sale id=SAL496 status=SUCCESS
[2026-04-05 01:24:20] user=sneha role=user action=ONLINE_CHECKOUT table=Sale id=SAL497 status=SUCCESS
[2026-04-05 01:24:21] user=rajesh role=user action=ONLINE_CHECKOUT table=Sale id=SAL498 status=SUCCESS
[2026-04-05 01:24:24] user=sneha role=user action=ONLINE_CHECKOUT table=Sale id=SAL499 status=SUCCESS
[2026-04-05 01:24:25] user=sneha role=user action=ONLINE_CHECKOUT table=Sale id=SAL500 status=SUCCESS
[2026-04-05 01:24:26] user=vikram role=user action=ONLINE_CHECKOUT table=Sale id=SAL501 status=SUCCESS
[2026-04-05 01:24:26] user=vikram role=user action=ONLINE_CHECKOUT table=Sale id=SAL502 status=SUCCESS
[2026-04-05 01:24:29] user=amit role=user action=ONLINE_CHECKOUT table=Sale id=SAL503 status=SUCCESS
[2026-04-05 01:24:30] user=priya role=user action=ONLINE_CHECKOUT table=Sale id=SAL504 status=SUCCESS
[2026-04-05 01:24:30] user=amit role=user action=ONLINE_CHECKOUT table=Sale id=SAL505 status=SUCCESS
[2026-04-05 01:24:30] user=priya role=user action=ONLINE_CHECKOUT table=Sale id=SAL506 status=SUCCESS
[2026-04-05 01:24:30] user=amit role=user action=ONLINE_CHECKOUT table=Sale id=SAL507 status=SUCCESS
[2026-04-05 01:24:30] user=rajesh role=user action=ONLINE_CHECKOUT table=Sale id=SAL508 status=SUCCESS
[2026-04-05 01:24:32] user=rajesh role=user action=ONLINE_CHECKOUT table=Sale id=SAL509 status=SUCCESS
[2026-04-05 01:24:33] user=vikram role=user action=ONLINE_CHECKOUT table=Sale id=SAL510 status=SUCCESS
[2026-04-05 01:24:33] user=rajesh role=user action=ONLINE_CHECKOUT table=Sale id=SAL511 status=SUCCESS
[2026-04-05 01:24:33] user=rajesh role=user action=ONLINE_CHECKOUT table=Sale id=SAL512 status=SUCCESS
[2026-04-05 01:24:33] user=sneha role=user action=ONLINE_CHECKOUT table=Sale id=SAL513 status=SUCCESS
[2026-04-05 01:24:33] user=sneha role=user action=ONLINE_CHECKOUT table=Sale id=SAL514 status=SUCCESS
[2026-04-05 01:24:35] user=sneha role=user action=ONLINE_CHECKOUT table=Sale id=SAL515 status=SUCCESS
[2026-04-05 01:24:36] user=vikram role=user action=ONLINE_CHECKOUT table=Sale id=SAL516 status=SUCCESS
[2026-04-05 01:24:36] user=amit role=user action=ONLINE_CHECKOUT table=Sale id=SAL517 status=SUCCESS
[2026-04-05 01:24:36] user=amit role=user action=ONLINE_CHECKOUT table=Sale id=SAL518 status=SUCCESS
[2026-04-05 01:24:40] user=priya role=user action=ONLINE_CHECKOUT table=Sale id=SAL519 status=SUCCESS
[2026-04-05 01:24:40] user=rajesh role=user action=ONLINE_CHECKOUT table=Sale id=SAL520 status=SUCCESS
[2026-04-05 01:24:40] user=rajesh role=user action=ONLINE_CHECKOUT table=Sale id=SAL521 status=SUCCESS
[2026-04-05 01:24:42] user=sneha role=user action=ONLINE_CHECKOUT table=Sale id=SAL522 status=SUCCESS
[2026-04-05 01:24:42] user=vikram role=user action=ONLINE_CHECKOUT table=Sale id=SAL523 status=SUCCESS
[2026-04-05 01:24:43] user=amit role=user action=ONLINE_CHECKOUT table=Sale id=SAL524 status=SUCCESS
[2026-04-05 01:24:45] user=rajesh role=user action=ONLINE_CHECKOUT table=Sale id=SAL525 status=SUCCESS
[2026-04-05 01:24:45] user=amit role=user action=ONLINE_CHECKOUT table=Sale id=SAL526 status=SUCCESS
[2026-04-05 01:24:45] user=sneha role=user action=ONLINE_CHECKOUT table=Sale id=SAL527 status=SUCCESS
[2026-04-05 01:24:46] user=sneha role=user action=ONLINE_CHECKOUT table=Sale id=SAL528 status=SUCCESS
[2026-04-05 01:24:50] user=amit role=user action=ONLINE_CHECKOUT table=Sale id=SAL529 status=SUCCESS
[2026-04-05 01:24:55] user=rajesh role=user action=ONLINE_CHECKOUT table=Sale id=SAL530 status=SUCCESS
[2026-04-05 01:24:59] user=rajesh role=user action=ONLINE_CHECKOUT table=Sale id=SAL531 status=SUCCESS
[2026-04-05 01:25:00] user=rajesh role=user action=ONLINE_CHECKOUT table=Sale id=SAL532 status=SUCCESS
[2026-04-05 01:25:03] user=vikram role=user action=ONLINE_CHECKOUT table=Sale id=SAL533 status=SUCCESS
[2026-04-05 01:25:06] user=priya role=user action=ONLINE_CHECKOUT table=Sale id=SAL534 status=SUCCESS
[2026-04-05 01:25:08] user=sneha role=user action=ONLINE_CHECKOUT table=Sale id=SAL535 status=SUCCESS
[2026-04-05 01:25:08] user=sneha role=user action=ONLINE_CHECKOUT table=Sale id=SAL536 status=SUCCESS
[2026-04-05 01:25:12] user=vikram role=user action=LOGIN table=- id=- status=SUCCESS
[2026-04-05 01:25:12] user=priya role=user action=LOGIN table=- id=- status=SUCCESS
[2026-04-05 01:25:12] user=sneha role=user action=LOGIN table=- id=- status=SUCCESS
[2026-04-05 01:25:12] user=rajesh role=user action=LOGIN table=- id=- status=SUCCESS
[2026-04-05 01:25:12] user=sneha role=user action=LOGIN table=- id=- status=SUCCESS
[2026-04-05 01:25:12] user=amit role=user action=LOGIN table=- id=- status=SUCCESS
[2026-04-05 01:25:12] user=rajesh role=user action=LOGIN table=- id=- status=SUCCESS
[2026-04-05 01:25:12] user=sneha role=user action=LOGIN table=- id=- status=SUCCESS
[2026-04-05 01:25:12] user=sneha role=user action=LOGIN table=- id=- status=SUCCESS
[2026-04-05 01:25:12] user=rajesh role=user action=LOGIN table=- id=- status=SUCCESS
[2026-04-05 01:25:13] user=amit role=user action=LOGIN table=- id=- status=SUCCESS
[2026-04-05 01:25:13] user=rajesh role=user action=LOGIN table=- id=- status=SUCCESS
[2026-04-05 01:25:13] user=vikram role=user action=LOGIN table=- id=- status=SUCCESS
[2026-04-05 01:25:13] user=sneha role=user action=LOGIN table=- id=- status=SUCCESS
[2026-04-05 01:25:13] user=sneha role=user action=LOGIN table=- id=- status=SUCCESS
[2026-04-05 01:25:13] user=vikram role=user action=LOGIN table=- id=- status=SUCCESS
[2026-04-05 01:25:13] user=amit role=user action=LOGIN table=- id=- status=SUCCESS
[2026-04-05 01:25:13] user=rajesh role=user action=LOGIN table=- id=- status=SUCCESS
[2026-04-05 01:25:13] user=sneha role=user action=LOGIN table=- id=- status=SUCCESS
[2026-04-05 01:25:13] user=vikram role=user action=LOGIN table=- id=- status=SUCCESS
[2026-04-05 01:25:14] user=vikram role=user action=LOGIN table=- id=- status=SUCCESS
[2026-04-05 01:25:14] user=rajesh role=user action=LOGIN table=- id=- status=SUCCESS
[2026-04-05 01:25:14] user=priya role=user action=LOGIN table=- id=- status=SUCCESS
[2026-04-05 01:25:14] user=sneha role=user action=LOGIN table=- id=- status=SUCCESS
[2026-04-05 01:25:14] user=rajesh role=user action=LOGIN table=- id=- status=SUCCESS
[2026-04-05 01:25:14] user=sneha role=user action=LOGIN table=- id=- status=SUCCESS
[2026-04-05 01:25:14] user=priya role=user action=LOGIN table=- id=- status=SUCCESS
[2026-04-05 01:25:14] user=vikram role=user action=LOGIN table=- id=- status=SUCCESS
[2026-04-05 01:25:14] user=amit role=user action=LOGIN table=- id=- status=SUCCESS
[2026-04-05 01:25:14] user=vikram role=user action=LOGIN table=- id=- status=SUCCESS
[2026-04-05 01:25:15] user=amit role=user action=LOGIN table=- id=- status=SUCCESS
[2026-04-05 01:25:15] user=sneha role=user action=LOGIN table=- id=- status=SUCCESS
[2026-04-05 01:25:15] user=priya role=user action=LOGIN table=- id=- status=SUCCESS
[2026-04-05 01:25:15] user=vikram role=user action=LOGIN table=- id=- status=SUCCESS
[2026-04-05 01:25:15] user=priya role=user action=LOGIN table=- id=- status=SUCCESS
[2026-04-05 01:25:15] user=priya role=user action=LOGIN table=- id=- status=SUCCESS
[2026-04-05 01:25:15] user=vikram role=user action=LOGIN table=- id=- status=SUCCESS
[2026-04-05 01:25:15] user=rajesh role=user action=LOGIN table=- id=- status=SUCCESS
[2026-04-05 01:25:15] user=vikram role=user action=LOGIN table=- id=- status=SUCCESS
[2026-04-05 01:25:15] user=vikram role=user action=LOGIN table=- id=- status=SUCCESS
[2026-04-05 01:25:16] user=sneha role=user action=LOGIN table=- id=- status=SUCCESS
[2026-04-05 01:25:16] user=priya role=user action=LOGIN table=- id=- status=SUCCESS
[2026-04-05 01:25:16] user=sneha role=user action=LOGIN table=- id=- status=SUCCESS
[2026-04-05 01:25:16] user=sneha role=user action=LOGIN table=- id=- status=SUCCESS
[2026-04-05 01:25:16] user=sneha role=user action=LOGIN table=- id=- status=SUCCESS
[2026-04-05 01:25:16] user=sneha role=user action=LOGIN table=- id=- status=SUCCESS
[2026-04-05 01:25:16] user=vikram role=user action=LOGIN table=- id=- status=SUCCESS
[2026-04-05 01:25:16] user=sneha role=user action=LOGIN table=- id=- status=SUCCESS
[2026-04-05 01:25:16] user=sneha role=user action=LOGIN table=- id=- status=SUCCESS
[2026-04-05 01:25:16] user=priya role=user action=LOGIN table=- id=- status=SUCCESS
[2026-04-05 01:25:17] user=priya role=user action=LOGIN table=- id=- status=SUCCESS
[2026-04-05 01:25:17] user=amit role=user action=LOGIN table=- id=- status=SUCCESS
[2026-04-05 01:25:17] user=vikram role=user action=LOGIN table=- id=- status=SUCCESS
[2026-04-05 01:25:17] user=vikram role=user action=LOGIN table=- id=- status=SUCCESS
[2026-04-05 01:25:17] user=sneha role=user action=LOGIN table=- id=- status=SUCCESS
[2026-04-05 01:25:17] user=amit role=user action=LOGIN table=- id=- status=SUCCESS
[2026-04-05 01:25:17] user=vikram role=user action=LOGIN table=- id=- status=SUCCESS
[2026-04-05 01:25:17] user=rajesh role=user action=LOGIN table=- id=- status=SUCCESS
[2026-04-05 01:25:17] user=vikram role=user action=LOGIN table=- id=- status=SUCCESS
[2026-04-05 01:25:17] user=rajesh role=user action=LOGIN table=- id=- status=SUCCESS
[2026-04-05 01:25:23] user=rajesh role=user action=LOGIN table=- id=- status=SUCCESS
[2026-04-05 01:25:23] user=priya role=user action=LOGIN table=- id=- status=SUCCESS
[2026-04-05 01:25:23] user=rajesh role=user action=LOGIN table=- id=- status=SUCCESS
[2026-04-05 01:25:23] user=vikram role=user action=LOGIN table=- id=- status=SUCCESS
[2026-04-05 01:25:23] user=priya role=user action=LOGIN table=- id=- status=SUCCESS
[2026-04-05 01:25:23] user=priya role=user action=LOGIN table=- id=- status=SUCCESS
[2026-04-05 01:25:23] user=priya role=user action=LOGIN table=- id=- status=SUCCESS
[2026-04-05 01:25:23] user=sneha role=user action=LOGIN table=- id=- status=SUCCESS
[2026-04-05 01:25:23] user=vikram role=user action=LOGIN table=- id=- status=SUCCESS
[2026-04-05 01:25:23] user=priya role=user action=LOGIN table=- id=- status=SUCCESS
[2026-04-05 01:25:24] user=priya role=user action=LOGIN table=- id=- status=SUCCESS
[2026-04-05 01:25:24] user=amit role=user action=LOGIN table=- id=- status=SUCCESS
[2026-04-05 01:25:24] user=priya role=user action=LOGIN table=- id=- status=SUCCESS
[2026-04-05 01:25:24] user=sneha role=user action=LOGIN table=- id=- status=SUCCESS
[2026-04-05 01:25:24] user=vikram role=user action=LOGIN table=- id=- status=SUCCESS
[2026-04-05 01:25:24] user=rajesh role=user action=LOGIN table=- id=- status=SUCCESS
[2026-04-05 01:25:24] user=vikram role=user action=LOGIN table=- id=- status=SUCCESS
[2026-04-05 01:25:24] user=rajesh role=user action=LOGIN table=- id=- status=SUCCESS
[2026-04-05 01:25:24] user=vikram role=user action=LOGIN table=- id=- status=SUCCESS
[2026-04-05 01:25:24] user=vikram role=user action=LOGIN table=- id=- status=SUCCESS
[2026-04-05 01:25:25] user=amit role=user action=LOGIN table=- id=- status=SUCCESS
[2026-04-05 01:25:25] user=vikram role=user action=LOGIN table=- id=- status=SUCCESS
[2026-04-05 01:25:25] user=priya role=user action=LOGIN table=- id=- status=SUCCESS
[2026-04-05 01:25:25] user=amit role=user action=LOGIN table=- id=- status=SUCCESS
[2026-04-05 01:25:25] user=vikram role=user action=LOGIN table=- id=- status=SUCCESS
[2026-04-05 01:25:25] user=amit role=user action=LOGIN table=- id=- status=SUCCESS
[2026-04-05 01:25:25] user=rajesh role=user action=LOGIN table=- id=- status=SUCCESS
[2026-04-05 01:25:25] user=priya role=user action=LOGIN table=- id=- status=SUCCESS
[2026-04-05 01:25:25] user=vikram role=user action=LOGIN table=- id=- status=SUCCESS
[2026-04-05 01:25:25] user=sneha role=user action=LOGIN table=- id=- status=SUCCESS
[2026-04-05 01:25:26] user=rajesh role=user action=LOGIN table=- id=- status=SUCCESS
[2026-04-05 01:25:26] user=priya role=user action=LOGIN table=- id=- status=SUCCESS
[2026-04-05 01:25:26] user=amit role=user action=LOGIN table=- id=- status=SUCCESS
[2026-04-05 01:25:26] user=rajesh role=user action=LOGIN table=- id=- status=SUCCESS
[2026-04-05 01:25:26] user=vikram role=user action=LOGIN table=- id=- status=SUCCESS
[2026-04-05 01:25:26] user=priya role=user action=LOGIN table=- id=- status=SUCCESS
[2026-04-05 01:25:26] user=sneha role=user action=LOGIN table=- id=- status=SUCCESS
[2026-04-05 01:25:26] user=vikram role=user action=LOGIN table=- id=- status=SUCCESS
[2026-04-05 01:25:26] user=vikram role=user action=LOGIN table=- id=- status=SUCCESS
[2026-04-05 01:25:26] user=vikram role=user action=LOGIN table=- id=- status=SUCCESS
[2026-04-05 01:25:27] user=rajesh role=user action=LOGIN table=- id=- status=SUCCESS
[2026-04-05 01:25:27] user=vikram role=user action=LOGIN table=- id=- status=SUCCESS
[2026-04-05 01:25:27] user=sneha role=user action=LOGIN table=- id=- status=SUCCESS
[2026-04-05 01:25:27] user=priya role=user action=LOGIN table=- id=- status=SUCCESS
[2026-04-05 01:25:27] user=vikram role=user action=LOGIN table=- id=- status=SUCCESS
[2026-04-05 01:25:27] user=rajesh role=user action=LOGIN table=- id=- status=SUCCESS
[2026-04-05 01:25:27] user=priya role=user action=LOGIN table=- id=- status=SUCCESS
[2026-04-05 01:25:27] user=rajesh role=user action=LOGIN table=- id=- status=SUCCESS
[2026-04-05 01:25:27] user=vikram role=user action=LOGIN table=- id=- status=SUCCESS
[2026-04-05 01:25:27] user=priya role=user action=LOGIN table=- id=- status=SUCCESS
[2026-04-05 01:25:28] user=sneha role=user action=LOGIN table=- id=- status=SUCCESS
[2026-04-05 01:25:28] user=amit role=user action=LOGIN table=- id=- status=SUCCESS
[2026-04-05 01:25:28] user=vikram role=user action=LOGIN table=- id=- status=SUCCESS
[2026-04-05 01:25:28] user=amit role=user action=LOGIN table=- id=- status=SUCCESS
[2026-04-05 01:25:28] user=priya role=user action=LOGIN table=- id=- status=SUCCESS
[2026-04-05 01:25:28] user=rajesh role=user action=LOGIN table=- id=- status=SUCCESS
[2026-04-05 01:25:28] user=priya role=user action=LOGIN table=- id=- status=SUCCESS
[2026-04-05 01:25:28] user=rajesh role=user action=LOGIN table=- id=- status=SUCCESS
[2026-04-05 01:25:28] user=amit role=user action=LOGIN table=- id=- status=SUCCESS
[2026-04-05 01:25:28] user=sneha role=user action=LOGIN table=- id=- status=SUCCESS
[2026-04-05 01:25:29] user=amit role=user action=LOGIN table=- id=- status=SUCCESS
[2026-04-05 01:25:29] user=sneha role=user action=LOGIN table=- id=- status=SUCCESS
[2026-04-05 01:25:29] user=rajesh role=user action=LOGIN table=- id=- status=SUCCESS
[2026-04-05 01:25:29] user=sneha role=user action=LOGIN table=- id=- status=SUCCESS
[2026-04-05 01:25:29] user=rajesh role=user action=LOGIN table=- id=- status=SUCCESS
[2026-04-05 01:25:29] user=rajesh role=user action=LOGIN table=- id=- status=SUCCESS
[2026-04-05 01:25:29] user=priya role=user action=LOGIN table=- id=- status=SUCCESS
[2026-04-05 01:25:29] user=sneha role=user action=LOGIN table=- id=- status=SUCCESS
[2026-04-05 01:25:29] user=rajesh role=user action=LOGIN table=- id=- status=SUCCESS
[2026-04-05 01:25:29] user=amit role=user action=LOGIN table=- id=- status=SUCCESS
[2026-04-05 01:25:30] user=priya role=user action=LOGIN table=- id=- status=SUCCESS
[2026-04-05 01:25:30] user=vikram role=user action=LOGIN table=- id=- status=SUCCESS
[2026-04-05 01:25:30] user=priya role=user action=LOGIN table=- id=- status=SUCCESS
[2026-04-05 01:25:30] user=priya role=user action=LOGIN table=- id=- status=SUCCESS
[2026-04-05 01:25:30] user=sneha role=user action=LOGIN table=- id=- status=SUCCESS
[2026-04-05 01:25:30] user=sneha role=user action=LOGIN table=- id=- status=SUCCESS
[2026-04-05 01:25:30] user=rajesh role=user action=LOGIN table=- id=- status=SUCCESS
[2026-04-05 01:25:30] user=vikram role=user action=LOGIN table=- id=- status=SUCCESS
[2026-04-05 01:25:30] user=sneha role=user action=LOGIN table=- id=- status=SUCCESS
[2026-04-05 01:25:30] user=vikram role=user action=LOGIN table=- id=- status=SUCCESS
[2026-04-05 01:25:31] user=amit role=user action=LOGIN table=- id=- status=SUCCESS
[2026-04-05 01:25:31] user=rajesh role=user action=LOGIN table=- id=- status=SUCCESS
[2026-04-05 01:25:31] user=sneha role=user action=LOGIN table=- id=- status=SUCCESS
[2026-04-05 01:25:31] user=amit role=user action=LOGIN table=- id=- status=SUCCESS
[2026-04-05 01:25:31] user=priya role=user action=LOGIN table=- id=- status=SUCCESS
[2026-04-05 01:25:31] user=priya role=user action=LOGIN table=- id=- status=SUCCESS
[2026-04-05 01:25:31] user=amit role=user action=LOGIN table=- id=- status=SUCCESS
[2026-04-05 01:25:31] user=sneha role=user action=LOGIN table=- id=- status=SUCCESS
[2026-04-05 01:25:31] user=rajesh role=user action=LOGIN table=- id=- status=SUCCESS
[2026-04-05 01:25:31] user=priya role=user action=LOGIN table=- id=- status=SUCCESS
[2026-04-05 01:25:32] user=sneha role=user action=LOGIN table=- id=- status=SUCCESS
[2026-04-05 01:25:32] user=sneha role=user action=LOGIN table=- id=- status=SUCCESS
[2026-04-05 01:25:32] user=rajesh role=user action=LOGIN table=- id=- status=SUCCESS
[2026-04-05 01:25:32] user=rajesh role=user action=LOGIN table=- id=- status=SUCCESS
[2026-04-05 01:25:32] user=amit role=user action=LOGIN table=- id=- status=SUCCESS
[2026-04-05 01:25:32] user=amit role=user action=LOGIN table=- id=- status=SUCCESS
[2026-04-05 01:25:32] user=priya role=user action=LOGIN table=- id=- status=SUCCESS
[2026-04-05 01:25:32] user=sneha role=user action=LOGIN table=- id=- status=SUCCESS
[2026-04-05 01:25:32] user=vikram role=user action=LOGIN table=- id=- status=SUCCESS
[2026-04-05 01:25:32] user=vikram role=user action=LOGIN table=- id=- status=SUCCESS
[2026-04-05 01:25:33] user=sneha role=user action=LOGIN table=- id=- status=SUCCESS
[2026-04-05 01:25:33] user=vikram role=user action=LOGIN table=- id=- status=SUCCESS
[2026-04-05 01:25:33] user=sneha role=user action=LOGIN table=- id=- status=SUCCESS
[2026-04-05 01:25:33] user=sneha role=user action=LOGIN table=- id=- status=SUCCESS
[2026-04-05 01:25:33] user=amit role=user action=LOGIN table=- id=- status=SUCCESS
[2026-04-05 01:25:33] user=vikram role=user action=LOGIN table=- id=- status=SUCCESS
[2026-04-05 01:25:33] user=rajesh role=user action=LOGIN table=- id=- status=SUCCESS
[2026-04-05 01:25:33] user=rajesh role=user action=LOGIN table=- id=- status=SUCCESS
[2026-04-05 01:25:33] user=rajesh role=user action=LOGIN table=- id=- status=SUCCESS
[2026-04-05 01:25:33] user=rajesh role=user action=LOGIN table=- id=- status=SUCCESS
[2026-04-05 01:25:34] user=rajesh role=user action=LOGIN table=- id=- status=SUCCESS
[2026-04-05 01:25:34] user=vikram role=user action=LOGIN table=- id=- status=SUCCESS
[2026-04-05 01:25:34] user=rajesh role=user action=LOGIN table=- id=- status=SUCCESS
[2026-04-05 01:25:34] user=rajesh role=user action=LOGIN table=- id=- status=SUCCESS
[2026-04-05 01:25:34] user=rajesh role=user action=LOGIN table=- id=- status=SUCCESS
[2026-04-05 01:25:34] user=vikram role=user action=LOGIN table=- id=- status=SUCCESS
[2026-04-05 01:25:34] user=rajesh role=user action=LOGIN table=- id=- status=SUCCESS
[2026-04-05 01:25:34] user=priya role=user action=LOGIN table=- id=- status=SUCCESS
[2026-04-05 01:25:34] user=amit role=user action=LOGIN table=- id=- status=SUCCESS
[2026-04-05 01:25:34] user=amit role=user action=LOGIN table=- id=- status=SUCCESS
[2026-04-05 01:25:35] user=rajesh role=user action=LOGIN table=- id=- status=SUCCESS
[2026-04-05 01:25:35] user=rajesh role=user action=LOGIN table=- id=- status=SUCCESS
[2026-04-05 01:25:35] user=sneha role=user action=LOGIN table=- id=- status=SUCCESS
[2026-04-05 01:25:35] user=vikram role=user action=LOGIN table=- id=- status=SUCCESS
[2026-04-05 01:25:35] user=vikram role=user action=LOGIN table=- id=- status=SUCCESS
[2026-04-05 01:25:35] user=priya role=user action=LOGIN table=- id=- status=SUCCESS
[2026-04-05 01:25:35] user=sneha role=user action=LOGIN table=- id=- status=SUCCESS
[2026-04-05 01:25:35] user=priya role=user action=LOGIN table=- id=- status=SUCCESS
[2026-04-05 01:25:35] user=sneha role=user action=LOGIN table=- id=- status=SUCCESS
[2026-04-05 01:25:35] user=vikram role=user action=LOGIN table=- id=- status=SUCCESS
[2026-04-05 01:25:36] user=sneha role=user action=LOGIN table=- id=- status=SUCCESS
[2026-04-05 01:25:36] user=vikram role=user action=LOGIN table=- id=- status=SUCCESS
[2026-04-05 01:25:36] user=vikram role=user action=LOGIN table=- id=- status=SUCCESS
[2026-04-05 01:25:36] user=priya role=user action=LOGIN table=- id=- status=SUCCESS
[2026-04-05 01:25:36] user=priya role=user action=LOGIN table=- id=- status=SUCCESS
[2026-04-05 01:25:36] user=rajesh role=user action=LOGIN table=- id=- status=SUCCESS
[2026-04-05 01:25:36] user=vikram role=user action=LOGIN table=- id=- status=SUCCESS
[2026-04-05 01:25:36] user=amit role=user action=LOGIN table=- id=- status=SUCCESS
[2026-04-05 01:25:36] user=rajesh role=user action=LOGIN table=- id=- status=SUCCESS
[2026-04-05 01:25:36] user=amit role=user action=LOGIN table=- id=- status=SUCCESS
[2026-04-05 01:25:37] user=vikram role=user action=LOGIN table=- id=- status=SUCCESS
[2026-04-05 01:25:37] user=vikram role=user action=LOGIN table=- id=- status=SUCCESS
[2026-04-05 01:25:37] user=priya role=user action=LOGIN table=- id=- status=SUCCESS
[2026-04-05 01:25:37] user=priya role=user action=LOGIN table=- id=- status=SUCCESS
[2026-04-05 01:25:37] user=priya role=user action=LOGIN table=- id=- status=SUCCESS
[2026-04-05 01:25:37] user=priya role=user action=LOGIN table=- id=- status=SUCCESS
[2026-04-05 01:25:37] user=amit role=user action=LOGIN table=- id=- status=SUCCESS
[2026-04-05 01:25:37] user=vikram role=user action=LOGIN table=- id=- status=SUCCESS
[2026-04-05 01:25:37] user=amit role=user action=LOGIN table=- id=- status=SUCCESS
[2026-04-05 01:25:37] user=rajesh role=user action=LOGIN table=- id=- status=SUCCESS
[2026-04-05 01:25:38] user=amit role=user action=LOGIN table=- id=- status=SUCCESS
[2026-04-05 01:25:38] user=priya role=user action=LOGIN table=- id=- status=SUCCESS
[2026-04-05 01:25:38] user=priya role=user action=LOGIN table=- id=- status=SUCCESS
[2026-04-05 01:25:38] user=vikram role=user action=LOGIN table=- id=- status=SUCCESS
[2026-04-05 01:25:38] user=vikram role=user action=LOGIN table=- id=- status=SUCCESS
[2026-04-05 01:25:38] user=priya role=user action=LOGIN table=- id=- status=SUCCESS
[2026-04-05 01:25:38] user=sneha role=user action=LOGIN table=- id=- status=SUCCESS
[2026-04-05 01:25:38] user=priya role=user action=LOGIN table=- id=- status=SUCCESS
[2026-04-05 01:25:38] user=vikram role=user action=LOGIN table=- id=- status=SUCCESS
[2026-04-05 01:25:38] user=vikram role=user action=LOGIN table=- id=- status=SUCCESS
[2026-04-05 01:25:39] user=amit role=user action=LOGIN table=- id=- status=SUCCESS
[2026-04-05 01:25:39] user=priya role=user action=LOGIN table=- id=- status=SUCCESS
[2026-04-05 01:25:39] user=vikram role=user action=LOGIN table=- id=- status=SUCCESS
[2026-04-05 01:25:39] user=vikram role=user action=LOGIN table=- id=- status=SUCCESS
[2026-04-05 01:25:39] user=priya role=user action=LOGIN table=- id=- status=SUCCESS
[2026-04-05 01:25:39] user=rajesh role=user action=LOGIN table=- id=- status=SUCCESS
[2026-04-05 01:25:39] user=sneha role=user action=LOGIN table=- id=- status=SUCCESS
[2026-04-05 01:25:39] user=rajesh role=user action=LOGIN table=- id=- status=SUCCESS
[2026-04-05 01:25:39] user=vikram role=user action=LOGIN table=- id=- status=SUCCESS
[2026-04-05 01:25:39] user=priya role=user action=LOGIN table=- id=- status=SUCCESS
[2026-04-05 01:25:40] user=sneha role=user action=LOGIN table=- id=- status=SUCCESS
[2026-04-05 01:25:40] user=amit role=user action=LOGIN table=- id=- status=SUCCESS
[2026-04-05 01:25:40] user=sneha role=user action=LOGIN table=- id=- status=SUCCESS
[2026-04-05 01:25:40] user=sneha role=user action=LOGIN table=- id=- status=SUCCESS
[2026-04-05 01:25:40] user=rajesh role=user action=LOGIN table=- id=- status=SUCCESS
[2026-04-05 01:25:40] user=rajesh role=user action=LOGIN table=- id=- status=SUCCESS
[2026-04-05 01:25:40] user=priya role=user action=LOGIN table=- id=- status=SUCCESS
[2026-04-05 01:25:40] user=priya role=user action=LOGIN table=- id=- status=SUCCESS
[2026-04-05 01:25:40] user=priya role=user action=LOGIN table=- id=- status=SUCCESS
[2026-04-05 01:25:40] user=rajesh role=user action=LOGIN table=- id=- status=SUCCESS
[2026-04-05 01:25:41] user=amit role=user action=LOGIN table=- id=- status=SUCCESS
[2026-04-05 01:25:41] user=rajesh role=user action=LOGIN table=- id=- status=SUCCESS
[2026-04-05 01:25:41] user=priya role=user action=LOGIN table=- id=- status=SUCCESS
[2026-04-05 01:25:41] user=priya role=user action=LOGIN table=- id=- status=SUCCESS
[2026-04-05 01:25:41] user=amit role=user action=LOGIN table=- id=- status=SUCCESS
[2026-04-05 01:25:41] user=rajesh role=user action=LOGIN table=- id=- status=SUCCESS
[2026-04-05 01:25:41] user=priya role=user action=LOGIN table=- id=- status=SUCCESS
[2026-04-05 01:25:41] user=priya role=user action=LOGIN table=- id=- status=SUCCESS
[2026-04-05 01:25:41] user=rajesh role=user action=LOGIN table=- id=- status=SUCCESS
[2026-04-05 01:25:41] user=vikram role=user action=LOGIN table=- id=- status=SUCCESS
[2026-04-05 01:25:42] user=rajesh role=user action=LOGIN table=- id=- status=SUCCESS
[2026-04-05 01:25:42] user=rajesh role=user action=LOGIN table=- id=- status=SUCCESS
[2026-04-05 01:25:42] user=amit role=user action=LOGIN table=- id=- status=SUCCESS
[2026-04-05 01:25:42] user=priya role=user action=LOGIN table=- id=- status=SUCCESS
[2026-04-05 01:25:42] user=amit role=user action=LOGIN table=- id=- status=SUCCESS
[2026-04-05 01:25:42] user=amit role=user action=LOGIN table=- id=- status=SUCCESS
[2026-04-05 01:25:42] user=priya role=user action=LOGIN table=- id=- status=SUCCESS
[2026-04-05 01:25:42] user=priya role=user action=LOGIN table=- id=- status=SUCCESS
[2026-04-05 01:25:42] user=sneha role=user action=LOGIN table=- id=- status=SUCCESS
[2026-04-05 01:25:42] user=amit role=user action=LOGIN table=- id=- status=SUCCESS
[2026-04-05 01:25:43] user=amit role=user action=LOGIN table=- id=- status=SUCCESS
[2026-04-05 01:25:44] user=vikram role=user action=LOGIN table=- id=- status=SUCCESS
[2026-04-05 01:25:44] user=priya role=user action=LOGIN table=- id=- status=SUCCESS
[2026-04-05 01:25:44] user=amit role=user action=LOGIN table=- id=- status=SUCCESS
[2026-04-05 01:25:44] user=vikram role=user action=LOGIN table=- id=- status=SUCCESS
[2026-04-05 01:25:44] user=sneha role=user action=LOGIN table=- id=- status=SUCCESS
[2026-04-05 01:25:44] user=rajesh role=user action=LOGIN table=- id=- status=SUCCESS
[2026-04-05 01:25:44] user=rajesh role=user action=LOGIN table=- id=- status=SUCCESS
[2026-04-05 01:25:44] user=vikram role=user action=LOGIN table=- id=- status=SUCCESS
[2026-04-05 01:25:44] user=amit role=user action=LOGIN table=- id=- status=SUCCESS
[2026-04-05 01:25:44] user=amit role=user action=LOGIN table=- id=- status=SUCCESS
[2026-04-05 01:25:44] user=rajesh role=user action=LOGIN table=- id=- status=SUCCESS
[2026-04-05 01:25:44] user=rajesh role=user action=LOGIN table=- id=- status=SUCCESS
[2026-04-05 01:25:44] user=amit role=user action=LOGIN table=- id=- status=SUCCESS
[2026-04-05 01:25:44] user=rajesh role=user action=LOGIN table=- id=- status=SUCCESS
[2026-04-05 01:25:44] user=priya role=user action=LOGIN table=- id=- status=SUCCESS
[2026-04-05 01:25:44] user=vikram role=user action=LOGIN table=- id=- status=SUCCESS
[2026-04-05 01:25:44] user=vikram role=user action=LOGIN table=- id=- status=SUCCESS
[2026-04-05 01:25:44] user=priya role=user action=LOGIN table=- id=- status=SUCCESS
[2026-04-05 01:25:44] user=vikram role=user action=LOGIN table=- id=- status=SUCCESS
[2026-04-05 01:25:45] user=amit role=user action=LOGIN table=- id=- status=SUCCESS
[2026-04-05 01:25:45] user=rajesh role=user action=LOGIN table=- id=- status=SUCCESS
[2026-04-05 01:25:45] user=amit role=user action=LOGIN table=- id=- status=SUCCESS
[2026-04-05 01:25:45] user=rajesh role=user action=LOGIN table=- id=- status=SUCCESS
[2026-04-05 01:25:45] user=vikram role=user action=LOGIN table=- id=- status=SUCCESS
[2026-04-05 01:25:45] user=vikram role=user action=LOGIN table=- id=- status=SUCCESS
[2026-04-05 01:25:45] user=priya role=user action=LOGIN table=- id=- status=SUCCESS
[2026-04-05 01:25:45] user=rajesh role=user action=LOGIN table=- id=- status=SUCCESS
[2026-04-05 01:25:45] user=sneha role=user action=LOGIN table=- id=- status=SUCCESS
[2026-04-05 01:25:46] user=priya role=user action=LOGIN table=- id=- status=SUCCESS
[2026-04-05 01:25:46] user=priya role=user action=LOGIN table=- id=- status=SUCCESS
[2026-04-05 01:25:46] user=amit role=user action=LOGIN table=- id=- status=SUCCESS
[2026-04-05 01:25:46] user=priya role=user action=LOGIN table=- id=- status=SUCCESS
[2026-04-05 01:25:46] user=sneha role=user action=LOGIN table=- id=- status=SUCCESS
[2026-04-05 01:25:46] user=rajesh role=user action=LOGIN table=- id=- status=SUCCESS
[2026-04-05 01:25:46] user=priya role=user action=LOGIN table=- id=- status=SUCCESS
[2026-04-05 01:25:46] user=rajesh role=user action=LOGIN table=- id=- status=SUCCESS
[2026-04-05 01:25:46] user=vikram role=user action=LOGIN table=- id=- status=SUCCESS
[2026-04-05 01:25:46] user=sneha role=user action=LOGIN table=- id=- status=SUCCESS
[2026-04-05 01:25:46] user=rajesh role=user action=LOGIN table=- id=- status=SUCCESS
[2026-04-05 01:25:48] user=amit role=user action=LOGIN table=- id=- status=SUCCESS
[2026-04-05 01:25:48] user=amit role=user action=LOGIN table=- id=- status=SUCCESS
[2026-04-05 01:25:48] user=amit role=user action=LOGIN table=- id=- status=SUCCESS
[2026-04-05 01:25:48] user=vikram role=user action=LOGIN table=- id=- status=SUCCESS
[2026-04-05 01:25:48] user=rajesh role=user action=LOGIN table=- id=- status=SUCCESS
[2026-04-05 01:25:48] user=rajesh role=user action=LOGIN table=- id=- status=SUCCESS
[2026-04-05 01:25:48] user=sneha role=user action=LOGIN table=- id=- status=SUCCESS
[2026-04-05 01:25:48] user=sneha role=user action=LOGIN table=- id=- status=SUCCESS
[2026-04-05 01:25:48] user=amit role=user action=LOGIN table=- id=- status=SUCCESS
[2026-04-05 01:25:48] user=sneha role=user action=LOGIN table=- id=- status=SUCCESS
[2026-04-05 01:25:48] user=amit role=user action=LOGIN table=- id=- status=SUCCESS
[2026-04-05 01:25:48] user=amit role=user action=LOGIN table=- id=- status=SUCCESS
[2026-04-05 01:25:48] user=amit role=user action=LOGIN table=- id=- status=SUCCESS
[2026-04-05 01:25:48] user=priya role=user action=LOGIN table=- id=- status=SUCCESS
[2026-04-05 01:25:48] user=vikram role=user action=LOGIN table=- id=- status=SUCCESS
[2026-04-05 01:25:48] user=priya role=user action=LOGIN table=- id=- status=SUCCESS
[2026-04-05 01:25:48] user=rajesh role=user action=LOGIN table=- id=- status=SUCCESS
[2026-04-05 01:25:48] user=sneha role=user action=LOGIN table=- id=- status=SUCCESS
[2026-04-05 01:25:48] user=priya role=user action=LOGIN table=- id=- status=SUCCESS
[2026-04-05 01:25:48] user=amit role=user action=LOGIN table=- id=- status=SUCCESS
[2026-04-05 01:25:49] user=vikram role=user action=LOGIN table=- id=- status=SUCCESS
[2026-04-05 01:25:49] user=vikram role=user action=LOGIN table=- id=- status=SUCCESS
[2026-04-05 01:25:49] user=sneha role=user action=LOGIN table=- id=- status=SUCCESS
[2026-04-05 01:25:49] user=priya role=user action=LOGIN table=- id=- status=SUCCESS
[2026-04-05 01:25:49] user=amit role=user action=LOGIN table=- id=- status=SUCCESS
[2026-04-05 01:25:49] user=sneha role=user action=LOGIN table=- id=- status=SUCCESS
[2026-04-05 01:25:49] user=vikram role=user action=LOGIN table=- id=- status=SUCCESS
[2026-04-05 01:25:49] user=sneha role=user action=LOGIN table=- id=- status=SUCCESS
[2026-04-05 01:25:49] user=rajesh role=user action=LOGIN table=- id=- status=SUCCESS
[2026-04-05 01:25:49] user=vikram role=user action=LOGIN table=- id=- status=SUCCESS
[2026-04-05 01:25:51] user=rajesh role=user action=LOGIN table=- id=- status=SUCCESS
[2026-04-05 01:25:51] user=priya role=user action=LOGIN table=- id=- status=SUCCESS
[2026-04-05 01:25:51] user=rajesh role=user action=LOGIN table=- id=- status=SUCCESS
[2026-04-05 01:25:51] user=sneha role=user action=LOGIN table=- id=- status=SUCCESS
[2026-04-05 01:25:51] user=amit role=user action=LOGIN table=- id=- status=SUCCESS
[2026-04-05 01:25:51] user=sneha role=user action=LOGIN table=- id=- status=SUCCESS
[2026-04-05 01:25:51] user=rajesh role=user action=LOGIN table=- id=- status=SUCCESS
[2026-04-05 01:25:51] user=amit role=user action=LOGIN table=- id=- status=SUCCESS
[2026-04-05 01:25:51] user=priya role=user action=LOGIN table=- id=- status=SUCCESS
[2026-04-05 01:25:51] user=rajesh role=user action=LOGIN table=- id=- status=SUCCESS
[2026-04-05 01:25:53] user=sneha role=user action=LOGIN table=- id=- status=SUCCESS
[2026-04-05 01:25:53] user=vikram role=user action=LOGIN table=- id=- status=SUCCESS
[2026-04-05 01:25:53] user=vikram role=user action=LOGIN table=- id=- status=SUCCESS
[2026-04-05 01:25:53] user=priya role=user action=LOGIN table=- id=- status=SUCCESS
[2026-04-05 01:25:53] user=sneha role=user action=LOGIN table=- id=- status=SUCCESS
[2026-04-05 01:25:53] user=vikram role=user action=LOGIN table=- id=- status=SUCCESS
[2026-04-05 01:25:53] user=amit role=user action=LOGIN table=- id=- status=SUCCESS
[2026-04-05 01:25:53] user=priya role=user action=LOGIN table=- id=- status=SUCCESS
[2026-04-05 01:25:53] user=amit role=user action=LOGIN table=- id=- status=SUCCESS
[2026-04-05 01:25:53] user=rajesh role=user action=LOGIN table=- id=- status=SUCCESS
[2026-04-05 01:25:54] user=rajesh role=user action=LOGIN table=- id=- status=SUCCESS
[2026-04-05 01:25:54] user=amit role=user action=LOGIN table=- id=- status=SUCCESS
[2026-04-05 01:25:54] user=sneha role=user action=LOGIN table=- id=- status=SUCCESS
[2026-04-05 01:25:55] user=priya role=user action=LOGIN table=- id=- status=SUCCESS
[2026-04-05 01:25:55] user=rajesh role=user action=LOGIN table=- id=- status=SUCCESS
[2026-04-05 01:25:55] user=priya role=user action=LOGIN table=- id=- status=SUCCESS
[2026-04-05 01:25:55] user=sneha role=user action=LOGIN table=- id=- status=SUCCESS
[2026-04-05 01:25:55] user=priya role=user action=LOGIN table=- id=- status=SUCCESS
[2026-04-05 01:25:55] user=priya role=user action=LOGIN table=- id=- status=SUCCESS
[2026-04-05 01:25:55] user=sneha role=user action=LOGIN table=- id=- status=SUCCESS
[2026-04-05 01:25:55] user=sneha role=user action=LOGIN table=- id=- status=SUCCESS
[2026-04-05 01:25:55] user=amit role=user action=LOGIN table=- id=- status=SUCCESS
[2026-04-05 01:25:55] user=priya role=user action=LOGIN table=- id=- status=SUCCESS
[2026-04-05 01:25:56] user=rajesh role=user action=LOGIN table=- id=- status=SUCCESS
[2026-04-05 01:25:56] user=vikram role=user action=LOGIN table=- id=- status=SUCCESS
[2026-04-05 01:25:56] user=vikram role=user action=LOGIN table=- id=- status=SUCCESS
[2026-04-05 01:25:56] user=sneha role=user action=LOGIN table=- id=- status=SUCCESS
[2026-04-05 01:25:56] user=vikram role=user action=LOGIN table=- id=- status=SUCCESS
[2026-04-05 01:25:56] user=sneha role=user action=LOGIN table=- id=- status=SUCCESS
[2026-04-05 01:25:56] user=rajesh role=user action=LOGIN table=- id=- status=SUCCESS
[2026-04-05 01:25:56] user=amit role=user action=LOGIN table=- id=- status=SUCCESS
[2026-04-05 01:25:56] user=vikram role=user action=LOGIN table=- id=- status=SUCCESS
[2026-04-05 01:25:56] user=rajesh role=user action=LOGIN table=- id=- status=SUCCESS
[2026-04-05 01:25:57] user=sneha role=user action=LOGIN table=- id=- status=SUCCESS
[2026-04-05 01:25:57] user=amit role=user action=LOGIN table=- id=- status=SUCCESS
[2026-04-05 01:25:57] user=vikram role=user action=LOGIN table=- id=- status=SUCCESS
[2026-04-05 01:25:57] user=vikram role=user action=LOGIN table=- id=- status=SUCCESS
[2026-04-05 01:25:57] user=amit role=user action=LOGIN table=- id=- status=SUCCESS
[2026-04-05 01:25:57] user=priya role=user action=LOGIN table=- id=- status=SUCCESS
[2026-04-05 01:25:57] user=sneha role=user action=LOGIN table=- id=- status=SUCCESS
[2026-04-05 01:25:57] user=rajesh role=user action=LOGIN table=- id=- status=SUCCESS
[2026-04-05 01:25:57] user=amit role=user action=LOGIN table=- id=- status=SUCCESS
[2026-04-05 01:25:57] user=rajesh role=user action=LOGIN table=- id=- status=SUCCESS
[2026-04-05 01:25:58] user=rajesh role=user action=LOGIN table=- id=- status=SUCCESS
[2026-04-05 01:25:58] user=sneha role=user action=LOGIN table=- id=- status=SUCCESS
[2026-04-05 01:25:58] user=amit role=user action=LOGIN table=- id=- status=SUCCESS
[2026-04-05 01:25:58] user=rajesh role=user action=LOGIN table=- id=- status=SUCCESS
[2026-04-05 01:25:58] user=priya role=user action=LOGIN table=- id=- status=SUCCESS
[2026-04-05 01:25:58] user=sneha role=user action=LOGIN table=- id=- status=SUCCESS
[2026-04-05 01:25:58] user=priya role=user action=LOGIN table=- id=- status=SUCCESS
[2026-04-05 01:25:58] user=priya role=user action=LOGIN table=- id=- status=SUCCESS
[2026-04-05 01:25:58] user=rajesh role=user action=LOGIN table=- id=- status=SUCCESS
[2026-04-05 01:25:58] user=rajesh role=user action=LOGIN table=- id=- status=SUCCESS
[2026-04-05 01:25:59] user=rajesh role=user action=LOGIN table=- id=- status=SUCCESS
[2026-04-05 01:25:59] user=rajesh role=user action=LOGIN table=- id=- status=SUCCESS
[2026-04-05 01:25:59] user=vikram role=user action=LOGIN table=- id=- status=SUCCESS
[2026-04-05 01:25:59] user=vikram role=user action=LOGIN table=- id=- status=SUCCESS
[2026-04-05 01:25:59] user=amit role=user action=LOGIN table=- id=- status=SUCCESS
[2026-04-05 01:25:59] user=vikram role=user action=LOGIN table=- id=- status=SUCCESS
[2026-04-05 01:25:59] user=priya role=user action=LOGIN table=- id=- status=SUCCESS
[2026-04-05 01:25:59] user=sneha role=user action=LOGIN table=- id=- status=SUCCESS
[2026-04-05 01:26:00] user=priya role=user action=LOGIN table=- id=- status=SUCCESS
[2026-04-05 01:26:00] user=amit role=user action=LOGIN table=- id=- status=SUCCESS
[2026-04-05 01:26:00] user=vikram role=user action=LOGIN table=- id=- status=SUCCESS
[2026-04-05 01:26:00] user=priya role=user action=LOGIN table=- id=- status=SUCCESS
[2026-04-05 01:26:00] user=rajesh role=user action=LOGIN table=- id=- status=SUCCESS
[2026-04-05 01:26:00] user=rajesh role=user action=LOGIN table=- id=- status=SUCCESS
[2026-04-05 01:26:00] user=priya role=user action=LOGIN table=- id=- status=SUCCESS
[2026-04-05 01:26:00] user=sneha role=user action=LOGIN table=- id=- status=SUCCESS
[2026-04-05 01:26:00] user=priya role=user action=LOGIN table=- id=- status=SUCCESS
[2026-04-05 01:26:00] user=vikram role=user action=LOGIN table=- id=- status=SUCCESS
[2026-04-05 01:26:00] user=rajesh role=user action=LOGIN table=- id=- status=SUCCESS
[2026-04-05 01:26:00] user=rajesh role=user action=LOGIN table=- id=- status=SUCCESS
[2026-04-05 01:26:01] user=rajesh role=user action=LOGIN table=- id=- status=SUCCESS
[2026-04-05 01:26:01] user=amit role=user action=LOGIN table=- id=- status=SUCCESS
[2026-04-05 01:26:01] user=vikram role=user action=LOGIN table=- id=- status=SUCCESS
[2026-04-05 01:26:02] user=vikram role=user action=LOGIN table=- id=- status=SUCCESS
[2026-04-05 01:26:02] user=rajesh role=user action=LOGIN table=- id=- status=SUCCESS
[2026-04-05 01:26:02] user=vikram role=user action=LOGIN table=- id=- status=SUCCESS
[2026-04-05 01:26:02] user=priya role=user action=LOGIN table=- id=- status=SUCCESS
[2026-04-05 01:26:02] user=vikram role=user action=LOGIN table=- id=- status=SUCCESS
[2026-04-05 01:26:02] user=amit role=user action=LOGIN table=- id=- status=SUCCESS
[2026-04-05 01:26:02] user=vikram role=user action=LOGIN table=- id=- status=SUCCESS
[2026-04-05 01:26:02] user=amit role=user action=LOGIN table=- id=- status=SUCCESS
[2026-04-05 01:26:02] user=rajesh role=user action=LOGIN table=- id=- status=SUCCESS
[2026-04-05 01:26:02] user=sneha role=user action=LOGIN table=- id=- status=SUCCESS
[2026-04-05 01:26:03] user=vikram role=user action=LOGIN table=- id=- status=SUCCESS
[2026-04-05 01:26:03] user=rajesh role=user action=LOGIN table=- id=- status=SUCCESS
[2026-04-05 01:26:03] user=sneha role=user action=LOGIN table=- id=- status=SUCCESS
[2026-04-05 01:26:03] user=amit role=user action=LOGIN table=- id=- status=SUCCESS
[2026-04-05 01:26:03] user=amit role=user action=LOGIN table=- id=- status=SUCCESS
[2026-04-05 01:26:03] user=sneha role=user action=LOGIN table=- id=- status=SUCCESS
[2026-04-05 01:26:03] user=vikram role=user action=LOGIN table=- id=- status=SUCCESS
[2026-04-05 01:26:04] user=amit role=user action=LOGIN table=- id=- status=SUCCESS
[2026-04-05 01:26:04] user=amit role=user action=LOGIN table=- id=- status=SUCCESS
[2026-04-05 01:26:04] user=rajesh role=user action=LOGIN table=- id=- status=SUCCESS
[2026-04-05 01:26:04] user=sneha role=user action=LOGIN table=- id=- status=SUCCESS
[2026-04-05 01:26:04] user=sneha role=user action=LOGIN table=- id=- status=SUCCESS
[2026-04-05 01:26:04] user=vikram role=user action=LOGIN table=- id=- status=SUCCESS
[2026-04-05 01:26:04] user=rajesh role=user action=LOGIN table=- id=- status=SUCCESS
[2026-04-05 01:26:04] user=priya role=user action=LOGIN table=- id=- status=SUCCESS
[2026-04-05 01:26:04] user=vikram role=user action=LOGIN table=- id=- status=SUCCESS
[2026-04-05 01:26:04] user=vikram role=user action=LOGIN table=- id=- status=SUCCESS
[2026-04-05 01:26:04] user=amit role=user action=LOGIN table=- id=- status=SUCCESS
[2026-04-05 01:26:04] user=priya role=user action=LOGIN table=- id=- status=SUCCESS
[2026-04-05 01:26:04] user=sneha role=user action=LOGIN table=- id=- status=SUCCESS
[2026-04-05 01:26:05] user=sneha role=user action=LOGIN table=- id=- status=SUCCESS
[2026-04-05 01:26:05] user=priya role=user action=LOGIN table=- id=- status=SUCCESS
[2026-04-05 01:26:05] user=rajesh role=user action=LOGIN table=- id=- status=SUCCESS
[2026-04-05 01:26:05] user=rajesh role=user action=LOGIN table=- id=- status=SUCCESS
[2026-04-05 01:26:05] user=rajesh role=user action=LOGIN table=- id=- status=SUCCESS
[2026-04-05 01:26:05] user=amit role=user action=LOGIN table=- id=- status=SUCCESS
[2026-04-05 01:26:05] user=rajesh role=user action=LOGIN table=- id=- status=SUCCESS
[2026-04-05 01:26:05] user=vikram role=user action=LOGIN table=- id=- status=SUCCESS
[2026-04-05 01:26:05] user=amit role=user action=LOGIN table=- id=- status=SUCCESS
[2026-04-05 01:26:05] user=amit role=user action=LOGIN table=- id=- status=SUCCESS
[2026-04-05 01:26:11] user=sneha role=user action=LOGIN table=- id=- status=SUCCESS
[2026-04-05 01:26:11] user=vikram role=user action=LOGIN table=- id=- status=SUCCESS
[2026-04-05 01:26:11] user=vikram role=user action=LOGIN table=- id=- status=SUCCESS
[2026-04-05 01:26:11] user=rajesh role=user action=LOGIN table=- id=- status=SUCCESS
[2026-04-05 01:26:11] user=vikram role=user action=LOGIN table=- id=- status=SUCCESS
[2026-04-05 01:26:11] user=rajesh role=user action=LOGIN table=- id=- status=SUCCESS
[2026-04-05 01:26:12] user=rajesh role=user action=LOGIN table=- id=- status=SUCCESS
[2026-04-05 01:26:12] user=priya role=user action=LOGIN table=- id=- status=SUCCESS
[2026-04-05 01:26:12] user=sneha role=user action=LOGIN table=- id=- status=SUCCESS
[2026-04-05 01:26:12] user=priya role=user action=LOGIN table=- id=- status=SUCCESS
[2026-04-05 01:26:12] user=priya role=user action=LOGIN table=- id=- status=SUCCESS
[2026-04-05 01:26:12] user=rajesh role=user action=LOGIN table=- id=- status=SUCCESS
[2026-04-05 01:26:12] user=priya role=user action=LOGIN table=- id=- status=SUCCESS
[2026-04-05 01:26:12] user=priya role=user action=LOGIN table=- id=- status=SUCCESS
[2026-04-05 01:26:12] user=vikram role=user action=LOGIN table=- id=- status=SUCCESS
[2026-04-05 01:26:12] user=amit role=user action=LOGIN table=- id=- status=SUCCESS
[2026-04-05 01:26:12] user=rajesh role=user action=LOGIN table=- id=- status=SUCCESS
[2026-04-05 01:26:12] user=rajesh role=user action=LOGIN table=- id=- status=SUCCESS
[2026-04-05 01:26:12] user=priya role=user action=LOGIN table=- id=- status=SUCCESS
[2026-04-05 01:26:13] user=rajesh role=user action=LOGIN table=- id=- status=SUCCESS
[2026-04-05 02:29:46] user=sneha role=user action=LOGIN table=- id=- status=SUCCESS
[2026-04-05 02:29:46] user=priya role=user action=LOGIN table=- id=- status=SUCCESS
[2026-04-05 02:29:46] user=rajesh role=user action=LOGIN table=- id=- status=SUCCESS
[2026-04-05 02:29:46] user=sneha role=user action=LOGIN table=- id=- status=SUCCESS
[2026-04-05 02:29:46] user=sneha role=user action=LOGIN table=- id=- status=SUCCESS
[2026-04-05 02:29:46] user=vikram role=user action=LOGIN table=- id=- status=SUCCESS
[2026-04-05 02:29:46] user=amit role=user action=LOGIN table=- id=- status=SUCCESS
[2026-04-05 02:29:46] user=amit role=user action=LOGIN table=- id=- status=SUCCESS
[2026-04-05 02:29:46] user=priya role=user action=LOGIN table=- id=- status=SUCCESS
[2026-04-05 02:29:46] user=vikram role=user action=LOGIN table=- id=- status=SUCCESS
[2026-04-05 02:29:47] user=vikram role=user action=LOGIN table=- id=- status=SUCCESS
[2026-04-05 02:29:47] user=vikram role=user action=LOGIN table=- id=- status=SUCCESS
[2026-04-05 02:29:47] user=rajesh role=user action=LOGIN table=- id=- status=SUCCESS
[2026-04-05 02:29:47] user=sneha role=user action=LOGIN table=- id=- status=SUCCESS
[2026-04-05 02:29:47] user=sneha role=user action=LOGIN table=- id=- status=SUCCESS
[2026-04-05 02:29:47] user=priya role=user action=LOGIN table=- id=- status=SUCCESS
[2026-04-05 02:29:47] user=vikram role=user action=LOGIN table=- id=- status=SUCCESS
[2026-04-05 02:29:47] user=priya role=user action=LOGIN table=- id=- status=SUCCESS
[2026-04-05 02:29:47] user=vikram role=user action=LOGIN table=- id=- status=SUCCESS
[2026-04-05 02:29:47] user=amit role=user action=LOGIN table=- id=- status=SUCCESS
[2026-04-05 02:29:48] user=priya role=user action=LOGIN table=- id=- status=SUCCESS
[2026-04-05 02:29:48] user=sneha role=user action=LOGIN table=- id=- status=SUCCESS
[2026-04-05 02:29:48] user=amit role=user action=LOGIN table=- id=- status=SUCCESS
[2026-04-05 02:29:48] user=priya role=user action=LOGIN table=- id=- status=SUCCESS
[2026-04-05 02:29:48] user=sneha role=user action=LOGIN table=- id=- status=SUCCESS
[2026-04-05 02:29:48] user=vikram role=user action=LOGIN table=- id=- status=SUCCESS
[2026-04-05 02:29:48] user=amit role=user action=LOGIN table=- id=- status=SUCCESS
[2026-04-05 02:29:48] user=priya role=user action=LOGIN table=- id=- status=SUCCESS
[2026-04-05 02:29:48] user=rajesh role=user action=LOGIN table=- id=- status=SUCCESS
[2026-04-05 02:29:48] user=sneha role=user action=LOGIN table=- id=- status=SUCCESS
[2026-04-05 02:29:49] user=amit role=user action=LOGIN table=- id=- status=SUCCESS
[2026-04-05 02:29:49] user=amit role=user action=LOGIN table=- id=- status=SUCCESS
[2026-04-05 02:29:49] user=vikram role=user action=LOGIN table=- id=- status=SUCCESS
[2026-04-05 02:29:49] user=rajesh role=user action=LOGIN table=- id=- status=SUCCESS
[2026-04-05 02:29:49] user=priya role=user action=LOGIN table=- id=- status=SUCCESS
[2026-04-05 02:29:49] user=rajesh role=user action=LOGIN table=- id=- status=SUCCESS
[2026-04-05 02:29:49] user=priya role=user action=LOGIN table=- id=- status=SUCCESS
[2026-04-05 02:29:49] user=sneha role=user action=LOGIN table=- id=- status=SUCCESS
[2026-04-05 02:29:49] user=priya role=user action=LOGIN table=- id=- status=SUCCESS
[2026-04-05 02:29:49] user=rajesh role=user action=LOGIN table=- id=- status=SUCCESS
[2026-04-05 02:29:50] user=priya role=user action=LOGIN table=- id=- status=SUCCESS
[2026-04-05 02:29:50] user=priya role=user action=LOGIN table=- id=- status=SUCCESS
[2026-04-05 02:29:50] user=rajesh role=user action=LOGIN table=- id=- status=SUCCESS
[2026-04-05 02:29:50] user=vikram role=user action=LOGIN table=- id=- status=SUCCESS
[2026-04-05 02:29:50] user=sneha role=user action=LOGIN table=- id=- status=SUCCESS
[2026-04-05 02:29:50] user=rajesh role=user action=LOGIN table=- id=- status=SUCCESS
[2026-04-05 02:29:50] user=sneha role=user action=LOGIN table=- id=- status=SUCCESS
[2026-04-05 02:29:50] user=rajesh role=user action=LOGIN table=- id=- status=SUCCESS
[2026-04-05 02:29:50] user=sneha role=user action=LOGIN table=- id=- status=SUCCESS
[2026-04-05 02:29:50] user=vikram role=user action=LOGIN table=- id=- status=SUCCESS
[2026-04-05 02:29:51] user=rajesh role=user action=LOGIN table=- id=- status=SUCCESS
[2026-04-05 02:29:51] user=amit role=user action=LOGIN table=- id=- status=SUCCESS
[2026-04-05 02:29:51] user=vikram role=user action=LOGIN table=- id=- status=SUCCESS
[2026-04-05 02:29:51] user=priya role=user action=LOGIN table=- id=- status=SUCCESS
[2026-04-05 02:29:51] user=priya role=user action=LOGIN table=- id=- status=SUCCESS
[2026-04-05 02:29:51] user=sneha role=user action=LOGIN table=- id=- status=SUCCESS
[2026-04-05 02:29:51] user=rajesh role=user action=LOGIN table=- id=- status=SUCCESS
[2026-04-05 02:29:51] user=amit role=user action=LOGIN table=- id=- status=SUCCESS
[2026-04-05 02:29:51] user=rajesh role=user action=LOGIN table=- id=- status=SUCCESS
[2026-04-05 02:29:51] user=priya role=user action=LOGIN table=- id=- status=SUCCESS
[2026-04-05 02:29:52] user=amit role=user action=LOGIN table=- id=- status=SUCCESS
[2026-04-05 02:29:52] user=sneha role=user action=LOGIN table=- id=- status=SUCCESS
[2026-04-05 02:29:52] user=sneha role=user action=LOGIN table=- id=- status=SUCCESS
[2026-04-05 02:29:52] user=sneha role=user action=LOGIN table=- id=- status=SUCCESS
[2026-04-05 02:29:52] user=sneha role=user action=LOGIN table=- id=- status=SUCCESS
[2026-04-05 02:29:52] user=vikram role=user action=LOGIN table=- id=- status=SUCCESS
[2026-04-05 02:29:52] user=vikram role=user action=LOGIN table=- id=- status=SUCCESS
[2026-04-05 02:29:52] user=vikram role=user action=LOGIN table=- id=- status=SUCCESS
[2026-04-05 02:29:52] user=priya role=user action=LOGIN table=- id=- status=SUCCESS
[2026-04-05 02:29:52] user=amit role=user action=LOGIN table=- id=- status=SUCCESS
[2026-04-05 02:29:53] user=priya role=user action=LOGIN table=- id=- status=SUCCESS
[2026-04-05 02:29:53] user=vikram role=user action=LOGIN table=- id=- status=SUCCESS
[2026-04-05 02:29:53] user=rajesh role=user action=LOGIN table=- id=- status=SUCCESS
[2026-04-05 02:29:53] user=vikram role=user action=LOGIN table=- id=- status=SUCCESS
[2026-04-05 02:29:53] user=rajesh role=user action=LOGIN table=- id=- status=SUCCESS
[2026-04-05 02:29:53] user=sneha role=user action=LOGIN table=- id=- status=SUCCESS
[2026-04-05 02:29:53] user=sneha role=user action=LOGIN table=- id=- status=SUCCESS
[2026-04-05 02:29:53] user=amit role=user action=LOGIN table=- id=- status=SUCCESS
[2026-04-05 02:29:53] user=rajesh role=user action=LOGIN table=- id=- status=SUCCESS
[2026-04-05 02:29:53] user=priya role=user action=LOGIN table=- id=- status=SUCCESS
[2026-04-05 02:29:54] user=vikram role=user action=LOGIN table=- id=- status=SUCCESS
[2026-04-05 02:29:54] user=vikram role=user action=LOGIN table=- id=- status=SUCCESS
[2026-04-05 02:29:54] user=priya role=user action=LOGIN table=- id=- status=SUCCESS
[2026-04-05 02:29:54] user=priya role=user action=LOGIN table=- id=- status=SUCCESS
[2026-04-05 02:29:54] user=rajesh role=user action=LOGIN table=- id=- status=SUCCESS
[2026-04-05 02:29:54] user=priya role=user action=LOGIN table=- id=- status=SUCCESS
[2026-04-05 02:29:54] user=priya role=user action=LOGIN table=- id=- status=SUCCESS
[2026-04-05 02:29:54] user=vikram role=user action=LOGIN table=- id=- status=SUCCESS
[2026-04-05 02:29:54] user=amit role=user action=LOGIN table=- id=- status=SUCCESS
[2026-04-05 02:29:54] user=priya role=user action=LOGIN table=- id=- status=SUCCESS
[2026-04-05 02:29:55] user=priya role=user action=LOGIN table=- id=- status=SUCCESS
[2026-04-05 02:29:55] user=sneha role=user action=LOGIN table=- id=- status=SUCCESS
[2026-04-05 02:29:55] user=priya role=user action=LOGIN table=- id=- status=SUCCESS
[2026-04-05 02:29:55] user=priya role=user action=LOGIN table=- id=- status=SUCCESS
[2026-04-05 02:29:55] user=rajesh role=user action=LOGIN table=- id=- status=SUCCESS
[2026-04-05 02:29:55] user=sneha role=user action=LOGIN table=- id=- status=SUCCESS
[2026-04-05 02:29:55] user=priya role=user action=LOGIN table=- id=- status=SUCCESS
[2026-04-05 02:29:55] user=vikram role=user action=LOGIN table=- id=- status=SUCCESS
[2026-04-05 02:29:55] user=priya role=user action=LOGIN table=- id=- status=SUCCESS
[2026-04-05 02:29:55] user=rajesh role=user action=LOGIN table=- id=- status=SUCCESS
[2026-04-05 02:33:46] user=priya role=user action=LOGIN table=- id=- status=SUCCESS
[2026-04-05 02:33:46] user=vikram role=user action=LOGIN table=- id=- status=SUCCESS
[2026-04-05 02:33:46] user=rajesh role=user action=LOGIN table=- id=- status=SUCCESS
[2026-04-05 02:33:46] user=vikram role=user action=LOGIN table=- id=- status=SUCCESS
[2026-04-05 02:33:46] user=priya role=user action=LOGIN table=- id=- status=SUCCESS
[2026-04-05 02:33:46] user=vikram role=user action=LOGIN table=- id=- status=SUCCESS
[2026-04-05 02:33:46] user=vikram role=user action=LOGIN table=- id=- status=SUCCESS
[2026-04-05 02:33:46] user=vikram role=user action=LOGIN table=- id=- status=SUCCESS
[2026-04-05 02:33:46] user=rajesh role=user action=LOGIN table=- id=- status=SUCCESS
[2026-04-05 02:33:46] user=amit role=user action=LOGIN table=- id=- status=SUCCESS
[2026-04-05 02:33:47] user=priya role=user action=LOGIN table=- id=- status=SUCCESS
[2026-04-05 02:33:47] user=vikram role=user action=LOGIN table=- id=- status=SUCCESS
[2026-04-05 02:33:47] user=sneha role=user action=LOGIN table=- id=- status=SUCCESS
[2026-04-05 02:33:47] user=amit role=user action=LOGIN table=- id=- status=SUCCESS
[2026-04-05 02:33:47] user=sneha role=user action=LOGIN table=- id=- status=SUCCESS
[2026-04-05 02:33:47] user=vikram role=user action=LOGIN table=- id=- status=SUCCESS
[2026-04-05 02:33:47] user=vikram role=user action=LOGIN table=- id=- status=SUCCESS
[2026-04-05 02:33:47] user=priya role=user action=LOGIN table=- id=- status=SUCCESS
[2026-04-05 02:33:47] user=amit role=user action=LOGIN table=- id=- status=SUCCESS
[2026-04-05 02:33:47] user=rajesh role=user action=LOGIN table=- id=- status=SUCCESS
[2026-04-05 02:33:48] user=vikram role=user action=LOGIN table=- id=- status=SUCCESS
[2026-04-05 02:33:48] user=rajesh role=user action=LOGIN table=- id=- status=SUCCESS
[2026-04-05 02:33:48] user=sneha role=user action=LOGIN table=- id=- status=SUCCESS
[2026-04-05 02:33:48] user=rajesh role=user action=LOGIN table=- id=- status=SUCCESS
[2026-04-05 02:33:48] user=vikram role=user action=LOGIN table=- id=- status=SUCCESS
[2026-04-05 02:33:48] user=vikram role=user action=LOGIN table=- id=- status=SUCCESS
[2026-04-05 02:33:48] user=amit role=user action=LOGIN table=- id=- status=SUCCESS
[2026-04-05 02:33:48] user=priya role=user action=LOGIN table=- id=- status=SUCCESS
[2026-04-05 02:33:48] user=amit role=user action=LOGIN table=- id=- status=SUCCESS
[2026-04-05 02:33:48] user=amit role=user action=LOGIN table=- id=- status=SUCCESS
[2026-04-05 02:33:49] user=amit role=user action=LOGIN table=- id=- status=SUCCESS
[2026-04-05 02:33:49] user=rajesh role=user action=LOGIN table=- id=- status=SUCCESS
[2026-04-05 02:33:49] user=amit role=user action=LOGIN table=- id=- status=SUCCESS
[2026-04-05 02:33:49] user=priya role=user action=LOGIN table=- id=- status=SUCCESS
[2026-04-05 02:33:49] user=amit role=user action=LOGIN table=- id=- status=SUCCESS
[2026-04-05 02:33:49] user=rajesh role=user action=LOGIN table=- id=- status=SUCCESS
[2026-04-05 02:33:49] user=vikram role=user action=LOGIN table=- id=- status=SUCCESS
[2026-04-05 02:33:49] user=rajesh role=user action=LOGIN table=- id=- status=SUCCESS
[2026-04-05 02:33:49] user=sneha role=user action=LOGIN table=- id=- status=SUCCESS
[2026-04-05 02:33:49] user=amit role=user action=LOGIN table=- id=- status=SUCCESS
[2026-04-05 02:33:50] user=rajesh role=user action=LOGIN table=- id=- status=SUCCESS
[2026-04-05 02:33:50] user=rajesh role=user action=LOGIN table=- id=- status=SUCCESS
[2026-04-05 02:33:50] user=rajesh role=user action=LOGIN table=- id=- status=SUCCESS
[2026-04-05 02:33:50] user=vikram role=user action=LOGIN table=- id=- status=SUCCESS
[2026-04-05 02:33:50] user=priya role=user action=LOGIN table=- id=- status=SUCCESS
[2026-04-05 02:33:50] user=priya role=user action=LOGIN table=- id=- status=SUCCESS
[2026-04-05 02:33:50] user=sneha role=user action=LOGIN table=- id=- status=SUCCESS
[2026-04-05 02:33:50] user=rajesh role=user action=LOGIN table=- id=- status=SUCCESS
[2026-04-05 02:33:50] user=vikram role=user action=LOGIN table=- id=- status=SUCCESS
[2026-04-05 02:33:50] user=sneha role=user action=LOGIN table=- id=- status=SUCCESS
[2026-04-05 02:33:51] user=vikram role=user action=LOGIN table=- id=- status=SUCCESS
[2026-04-05 02:33:51] user=priya role=user action=LOGIN table=- id=- status=SUCCESS
[2026-04-05 02:33:51] user=sneha role=user action=LOGIN table=- id=- status=SUCCESS
[2026-04-05 02:33:51] user=priya role=user action=LOGIN table=- id=- status=SUCCESS
[2026-04-05 02:33:51] user=rajesh role=user action=LOGIN table=- id=- status=SUCCESS
[2026-04-05 02:33:51] user=amit role=user action=LOGIN table=- id=- status=SUCCESS
[2026-04-05 02:33:51] user=vikram role=user action=LOGIN table=- id=- status=SUCCESS
[2026-04-05 02:33:51] user=sneha role=user action=LOGIN table=- id=- status=SUCCESS
[2026-04-05 02:33:51] user=vikram role=user action=LOGIN table=- id=- status=SUCCESS
[2026-04-05 02:33:51] user=rajesh role=user action=LOGIN table=- id=- status=SUCCESS
[2026-04-05 02:33:52] user=priya role=user action=LOGIN table=- id=- status=SUCCESS
[2026-04-05 02:33:52] user=rajesh role=user action=LOGIN table=- id=- status=SUCCESS
[2026-04-05 02:33:52] user=amit role=user action=LOGIN table=- id=- status=SUCCESS
[2026-04-05 02:33:52] user=priya role=user action=LOGIN table=- id=- status=SUCCESS
[2026-04-05 02:33:52] user=sneha role=user action=LOGIN table=- id=- status=SUCCESS
[2026-04-05 02:33:52] user=priya role=user action=LOGIN table=- id=- status=SUCCESS
[2026-04-05 02:33:52] user=rajesh role=user action=LOGIN table=- id=- status=SUCCESS
[2026-04-05 02:33:52] user=sneha role=user action=LOGIN table=- id=- status=SUCCESS
[2026-04-05 02:33:52] user=priya role=user action=LOGIN table=- id=- status=SUCCESS
[2026-04-05 02:33:52] user=rajesh role=user action=LOGIN table=- id=- status=SUCCESS
[2026-04-05 02:33:53] user=sneha role=user action=LOGIN table=- id=- status=SUCCESS
[2026-04-05 02:33:53] user=vikram role=user action=LOGIN table=- id=- status=SUCCESS
[2026-04-05 02:33:53] user=priya role=user action=LOGIN table=- id=- status=SUCCESS
[2026-04-05 02:33:53] user=priya role=user action=LOGIN table=- id=- status=SUCCESS
[2026-04-05 02:33:53] user=priya role=user action=LOGIN table=- id=- status=SUCCESS
[2026-04-05 02:33:53] user=priya role=user action=LOGIN table=- id=- status=SUCCESS
[2026-04-05 02:33:53] user=vikram role=user action=LOGIN table=- id=- status=SUCCESS
[2026-04-05 02:33:53] user=vikram role=user action=LOGIN table=- id=- status=SUCCESS
[2026-04-05 02:33:53] user=rajesh role=user action=LOGIN table=- id=- status=SUCCESS
[2026-04-05 02:33:53] user=vikram role=user action=LOGIN table=- id=- status=SUCCESS
[2026-04-05 02:33:54] user=rajesh role=user action=LOGIN table=- id=- status=SUCCESS
[2026-04-05 02:33:54] user=priya role=user action=LOGIN table=- id=- status=SUCCESS
[2026-04-05 02:33:54] user=vikram role=user action=LOGIN table=- id=- status=SUCCESS
[2026-04-05 02:33:54] user=vikram role=user action=LOGIN table=- id=- status=SUCCESS
[2026-04-05 02:33:54] user=sneha role=user action=LOGIN table=- id=- status=SUCCESS
[2026-04-05 02:33:54] user=sneha role=user action=LOGIN table=- id=- status=SUCCESS
[2026-04-05 02:33:54] user=amit role=user action=LOGIN table=- id=- status=SUCCESS
[2026-04-05 02:33:54] user=sneha role=user action=LOGIN table=- id=- status=SUCCESS
[2026-04-05 02:33:54] user=amit role=user action=LOGIN table=- id=- status=SUCCESS
[2026-04-05 02:33:54] user=rajesh role=user action=LOGIN table=- id=- status=SUCCESS
[2026-04-05 02:33:55] user=rajesh role=user action=LOGIN table=- id=- status=SUCCESS
[2026-04-05 02:33:55] user=rajesh role=user action=LOGIN table=- id=- status=SUCCESS
[2026-04-05 02:33:55] user=vikram role=user action=LOGIN table=- id=- status=SUCCESS
[2026-04-05 02:33:55] user=vikram role=user action=LOGIN table=- id=- status=SUCCESS
[2026-04-05 02:33:55] user=vikram role=user action=LOGIN table=- id=- status=SUCCESS
[2026-04-05 02:33:55] user=vikram role=user action=LOGIN table=- id=- status=SUCCESS
[2026-04-05 02:33:55] user=rajesh role=user action=LOGIN table=- id=- status=SUCCESS
[2026-04-05 02:33:55] user=sneha role=user action=LOGIN table=- id=- status=SUCCESS
[2026-04-05 02:33:55] user=amit role=user action=LOGIN table=- id=- status=SUCCESS
[2026-04-05 02:33:55] user=priya role=user action=LOGIN table=- id=- status=SUCCESS
[2026-04-05 02:33:56] user=rajesh role=user action=LOGIN table=- id=- status=SUCCESS
[2026-04-05 02:33:56] user=sneha role=user action=LOGIN table=- id=- status=SUCCESS
[2026-04-05 02:33:56] user=amit role=user action=LOGIN table=- id=- status=SUCCESS
[2026-04-05 02:33:56] user=amit role=user action=LOGIN table=- id=- status=SUCCESS
[2026-04-05 02:33:56] user=sneha role=user action=LOGIN table=- id=- status=SUCCESS
[2026-04-05 02:33:56] user=sneha role=user action=LOGIN table=- id=- status=SUCCESS
[2026-04-05 02:33:56] user=rajesh role=user action=LOGIN table=- id=- status=SUCCESS
[2026-04-05 02:33:56] user=priya role=user action=LOGIN table=- id=- status=SUCCESS
[2026-04-05 02:33:56] user=priya role=user action=LOGIN table=- id=- status=SUCCESS
[2026-04-05 02:33:56] user=sneha role=user action=LOGIN table=- id=- status=SUCCESS
[2026-04-05 02:33:57] user=amit role=user action=LOGIN table=- id=- status=SUCCESS
[2026-04-05 02:33:57] user=amit role=user action=LOGIN table=- id=- status=SUCCESS
[2026-04-05 02:33:57] user=vikram role=user action=LOGIN table=- id=- status=SUCCESS
[2026-04-05 02:33:57] user=amit role=user action=LOGIN table=- id=- status=SUCCESS
[2026-04-05 02:33:57] user=vikram role=user action=LOGIN table=- id=- status=SUCCESS
[2026-04-05 02:33:57] user=rajesh role=user action=LOGIN table=- id=- status=SUCCESS
[2026-04-05 02:33:57] user=amit role=user action=LOGIN table=- id=- status=SUCCESS
[2026-04-05 02:33:57] user=rajesh role=user action=LOGIN table=- id=- status=SUCCESS
[2026-04-05 02:33:57] user=amit role=user action=LOGIN table=- id=- status=SUCCESS
[2026-04-05 02:33:57] user=amit role=user action=LOGIN table=- id=- status=SUCCESS
[2026-04-05 02:33:58] user=vikram role=user action=LOGIN table=- id=- status=SUCCESS
[2026-04-05 02:33:58] user=rajesh role=user action=LOGIN table=- id=- status=SUCCESS
[2026-04-05 02:33:58] user=amit role=user action=LOGIN table=- id=- status=SUCCESS
[2026-04-05 02:33:58] user=sneha role=user action=LOGIN table=- id=- status=SUCCESS
[2026-04-05 02:33:58] user=vikram role=user action=LOGIN table=- id=- status=SUCCESS
[2026-04-05 02:33:58] user=vikram role=user action=LOGIN table=- id=- status=SUCCESS
[2026-04-05 02:33:58] user=vikram role=user action=LOGIN table=- id=- status=SUCCESS
[2026-04-05 02:33:58] user=sneha role=user action=LOGIN table=- id=- status=SUCCESS
[2026-04-05 02:33:58] user=sneha role=user action=LOGIN table=- id=- status=SUCCESS
[2026-04-05 02:33:58] user=amit role=user action=LOGIN table=- id=- status=SUCCESS
[2026-04-05 02:33:59] user=priya role=user action=LOGIN table=- id=- status=SUCCESS
[2026-04-05 02:33:59] user=rajesh role=user action=LOGIN table=- id=- status=SUCCESS
[2026-04-05 02:33:59] user=sneha role=user action=LOGIN table=- id=- status=SUCCESS
[2026-04-05 02:33:59] user=amit role=user action=LOGIN table=- id=- status=SUCCESS
[2026-04-05 02:33:59] user=rajesh role=user action=LOGIN table=- id=- status=SUCCESS
[2026-04-05 02:33:59] user=priya role=user action=LOGIN table=- id=- status=SUCCESS
[2026-04-05 02:33:59] user=sneha role=user action=LOGIN table=- id=- status=SUCCESS
[2026-04-05 02:33:59] user=vikram role=user action=LOGIN table=- id=- status=SUCCESS
[2026-04-05 02:33:59] user=sneha role=user action=LOGIN table=- id=- status=SUCCESS
[2026-04-05 02:33:59] user=sneha role=user action=LOGIN table=- id=- status=SUCCESS
[2026-04-05 02:34:00] user=rajesh role=user action=LOGIN table=- id=- status=SUCCESS
[2026-04-05 02:34:00] user=vikram role=user action=LOGIN table=- id=- status=SUCCESS
[2026-04-05 02:34:00] user=rajesh role=user action=LOGIN table=- id=- status=SUCCESS
[2026-04-05 02:34:00] user=priya role=user action=LOGIN table=- id=- status=SUCCESS
[2026-04-05 02:34:00] user=amit role=user action=LOGIN table=- id=- status=SUCCESS
[2026-04-05 02:34:00] user=amit role=user action=LOGIN table=- id=- status=SUCCESS
[2026-04-05 02:34:00] user=rajesh role=user action=LOGIN table=- id=- status=SUCCESS
[2026-04-05 02:34:00] user=rajesh role=user action=LOGIN table=- id=- status=SUCCESS
[2026-04-05 02:34:00] user=sneha role=user action=LOGIN table=- id=- status=SUCCESS
[2026-04-05 02:34:00] user=sneha role=user action=LOGIN table=- id=- status=SUCCESS
[2026-04-05 02:34:01] user=amit role=user action=LOGIN table=- id=- status=SUCCESS
[2026-04-05 02:34:01] user=rajesh role=user action=LOGIN table=- id=- status=SUCCESS
[2026-04-05 02:34:01] user=rajesh role=user action=LOGIN table=- id=- status=SUCCESS
[2026-04-05 02:34:01] user=amit role=user action=LOGIN table=- id=- status=SUCCESS
[2026-04-05 02:34:01] user=vikram role=user action=LOGIN table=- id=- status=SUCCESS
[2026-04-05 02:34:02] user=rajesh role=user action=LOGIN table=- id=- status=SUCCESS
[2026-04-05 02:34:02] user=priya role=user action=LOGIN table=- id=- status=SUCCESS
[2026-04-05 02:34:02] user=vikram role=user action=LOGIN table=- id=- status=SUCCESS
[2026-04-05 02:34:02] user=rajesh role=user action=LOGIN table=- id=- status=SUCCESS
[2026-04-05 02:34:02] user=priya role=user action=LOGIN table=- id=- status=SUCCESS
[2026-04-05 02:34:02] user=amit role=user action=LOGIN table=- id=- status=SUCCESS
[2026-04-05 02:34:02] user=rajesh role=user action=LOGIN table=- id=- status=SUCCESS
[2026-04-05 02:34:02] user=rajesh role=user action=LOGIN table=- id=- status=SUCCESS
[2026-04-05 02:34:02] user=amit role=user action=LOGIN table=- id=- status=SUCCESS
[2026-04-05 02:34:02] user=vikram role=user action=LOGIN table=- id=- status=SUCCESS
[2026-04-05 02:34:03] user=priya role=user action=LOGIN table=- id=- status=SUCCESS
[2026-04-05 02:34:03] user=vikram role=user action=LOGIN table=- id=- status=SUCCESS
[2026-04-05 02:34:03] user=amit role=user action=LOGIN table=- id=- status=SUCCESS
[2026-04-05 02:34:03] user=priya role=user action=LOGIN table=- id=- status=SUCCESS
[2026-04-05 02:34:04] user=priya role=user action=LOGIN table=- id=- status=SUCCESS
[2026-04-05 02:34:04] user=priya role=user action=LOGIN table=- id=- status=SUCCESS
[2026-04-05 02:34:04] user=priya role=user action=LOGIN table=- id=- status=SUCCESS
[2026-04-05 02:34:04] user=sneha role=user action=LOGIN table=- id=- status=SUCCESS
[2026-04-05 02:34:04] user=priya role=user action=LOGIN table=- id=- status=SUCCESS
[2026-04-05 02:34:04] user=amit role=user action=LOGIN table=- id=- status=SUCCESS
[2026-04-05 02:34:04] user=vikram role=user action=LOGIN table=- id=- status=SUCCESS
[2026-04-05 02:34:04] user=priya role=user action=LOGIN table=- id=- status=SUCCESS
[2026-04-05 02:34:04] user=priya role=user action=LOGIN table=- id=- status=SUCCESS
[2026-04-05 02:34:04] user=amit role=user action=LOGIN table=- id=- status=SUCCESS
[2026-04-05 02:34:05] user=priya role=user action=LOGIN table=- id=- status=SUCCESS
[2026-04-05 02:34:05] user=amit role=user action=LOGIN table=- id=- status=SUCCESS
[2026-04-05 02:34:05] user=rajesh role=user action=LOGIN table=- id=- status=SUCCESS
[2026-04-05 02:34:05] user=priya role=user action=LOGIN table=- id=- status=SUCCESS
[2026-04-05 02:34:05] user=priya role=user action=LOGIN table=- id=- status=SUCCESS
[2026-04-05 02:34:05] user=priya role=user action=LOGIN table=- id=- status=SUCCESS
[2026-04-05 02:34:05] user=sneha role=user action=LOGIN table=- id=- status=SUCCESS
[2026-04-05 02:34:05] user=amit role=user action=LOGIN table=- id=- status=SUCCESS
[2026-04-05 02:34:05] user=priya role=user action=LOGIN table=- id=- status=SUCCESS
[2026-04-05 02:34:05] user=amit role=user action=LOGIN table=- id=- status=SUCCESS
[2026-04-05 10:33:54] user=system role=system action=INIT_PASSWORDS table=- id=- status=SUCCESS
[2026-04-05 10:34:15] user=admin role=admin action=LOGIN table=- id=- status=SUCCESS
[2026-04-05 10:34:58] user=sneha role=user action=LOGIN table=- id=- status=SUCCESS
[2026-04-05 10:34:58] user=rajesh role=user action=LOGIN table=- id=- status=SUCCESS
[2026-04-05 10:34:58] user=vikram role=user action=LOGIN table=- id=- status=SUCCESS
[2026-04-05 10:34:58] user=priya role=user action=LOGIN table=- id=- status=SUCCESS
[2026-04-05 10:34:58] user=amit role=user action=LOGIN table=- id=- status=SUCCESS
[2026-04-05 10:34:58] user=sneha role=user action=FORBIDDEN table=- id=/api/products/PROD001 status=DENIED
[2026-04-05 10:34:58] user=amit role=user action=FORBIDDEN table=- id=/api/products/PROD001 status=DENIED
[2026-04-05 10:34:58] user=sneha role=user action=ONLINE_CHECKOUT table=Sale id=SAL021 status=SUCCESS
[2026-04-05 10:34:58] user=vikram role=user action=FORBIDDEN table=- id=/api/products/PROD001 status=DENIED
[2026-04-05 10:34:58] user=priya role=user action=FORBIDDEN table=- id=/api/products/PROD001 status=DENIED
[2026-04-05 10:34:58] user=rajesh role=user action=FORBIDDEN table=- id=/api/products/PROD001 status=DENIED
[2026-04-05 10:34:58] user=amit role=user action=ONLINE_CHECKOUT table=Sale id=SAL022 status=SUCCESS
[2026-04-05 10:34:58] user=priya role=user action=ONLINE_CHECKOUT table=Sale id=SAL023 status=SUCCESS
[2026-04-05 10:34:58] user=rajesh role=user action=ONLINE_CHECKOUT table=Sale id=SAL024 status=SUCCESS
[2026-04-05 10:34:58] user=vikram role=user action=ONLINE_CHECKOUT table=Sale id=SAL025 status=SUCCESS
[2026-04-05 10:35:01] user=rajesh role=user action=LOGIN table=- id=- status=SUCCESS
[2026-04-05 10:35:01] user=amit role=user action=LOGIN table=- id=- status=SUCCESS
[2026-04-05 10:35:01] user=priya role=user action=LOGIN table=- id=- status=SUCCESS
[2026-04-05 10:35:01] user=amit role=user action=LOGIN table=- id=- status=SUCCESS
[2026-04-05 10:35:01] user=vikram role=user action=LOGIN table=- id=- status=SUCCESS
[2026-04-05 10:35:01] user=rajesh role=user action=LOGIN table=- id=- status=SUCCESS
[2026-04-05 10:35:01] user=priya role=user action=LOGIN table=- id=- status=SUCCESS
[2026-04-05 10:35:01] user=sneha role=user action=LOGIN table=- id=- status=SUCCESS
[2026-04-05 10:35:02] user=rajesh role=user action=ONLINE_CHECKOUT table=Sale id=SAL026 status=SUCCESS
[2026-04-05 10:35:04] user=rajesh role=user action=LOGIN table=- id=- status=SUCCESS
[2026-04-05 10:35:04] user=rajesh role=user action=ONLINE_CHECKOUT table=Sale id=SAL027 status=SUCCESS
[2026-04-05 10:35:07] user=rajesh role=user action=LOGIN table=- id=- status=SUCCESS
[2026-04-05 10:35:07] user=priya role=user action=LOGIN table=- id=- status=SUCCESS
[2026-04-05 10:35:08] user=amit role=user action=LOGIN table=- id=- status=SUCCESS
[2026-04-05 10:35:08] user=sneha role=user action=LOGIN table=- id=- status=SUCCESS
[2026-04-05 10:35:09] user=vikram role=user action=LOGIN table=- id=- status=SUCCESS
[2026-04-05 10:35:09] user=vikram role=user action=ONLINE_CHECKOUT table=Sale id=SAL028 status=SUCCESS
[2026-04-05 10:35:09] user=priya role=user action=ONLINE_CHECKOUT table=Sale id=SAL029 status=SUCCESS
[2026-04-05 10:35:09] user=vikram role=user action=ONLINE_CHECKOUT table=Sale id=SAL030 status=SUCCESS
[2026-04-05 10:35:09] user=rajesh role=user action=ONLINE_CHECKOUT table=Sale id=SAL031 status=SUCCESS
[2026-04-05 10:35:09] user=sneha role=user action=ONLINE_CHECKOUT table=Sale id=SAL032 status=SUCCESS
[2026-04-05 10:35:09] user=sneha role=user action=ONLINE_CHECKOUT table=Sale id=SAL033 status=SUCCESS
[2026-04-05 10:35:09] user=vikram role=user action=ONLINE_CHECKOUT table=Sale id=SAL034 status=SUCCESS
[2026-04-05 10:35:09] user=priya role=user action=ONLINE_CHECKOUT table=Sale id=SAL035 status=SUCCESS
[2026-04-05 10:35:09] user=sneha role=user action=ONLINE_CHECKOUT table=Sale id=SAL036 status=SUCCESS
[2026-04-05 10:35:09] user=priya role=user action=ONLINE_CHECKOUT table=Sale id=SAL037 status=SUCCESS
[2026-04-05 10:35:09] user=rajesh role=user action=ONLINE_CHECKOUT table=Sale id=SAL038 status=SUCCESS
[2026-04-05 10:35:09] user=priya role=user action=ONLINE_CHECKOUT table=Sale id=SAL039 status=SUCCESS
[2026-04-05 10:35:09] user=rajesh role=user action=ONLINE_CHECKOUT table=Sale id=SAL040 status=SUCCESS
[2026-04-05 10:35:09] user=rajesh role=user action=ONLINE_CHECKOUT table=Sale id=SAL041 status=SUCCESS
[2026-04-05 10:35:09] user=priya role=user action=ONLINE_CHECKOUT table=Sale id=SAL042 status=SUCCESS
[2026-04-05 10:35:09] user=rajesh role=user action=ONLINE_CHECKOUT table=Sale id=SAL043 status=SUCCESS
[2026-04-05 10:35:09] user=rajesh role=user action=ONLINE_CHECKOUT table=Sale id=SAL044 status=SUCCESS
[2026-04-05 10:35:12] user=rajesh role=user action=LOGIN table=- id=- status=SUCCESS
[2026-04-05 10:35:12] user=rajesh role=user action=LOGIN table=- id=- status=SUCCESS
[2026-04-05 10:35:12] user=rajesh role=user action=FORBIDDEN table=- id=/api/members status=DENIED
[2026-04-05 10:35:12] user=rajesh role=user action=FORBIDDEN table=Member id=MEM002 status=DENIED
[2026-04-05 10:35:12] user=rajesh role=user action=LOGIN table=- id=- status=SUCCESS
[2026-04-05 10:35:12] user=rajesh role=user action=LOGIN table=- id=- status=SUCCESS
[2026-04-05 10:35:12] user=rajesh role=user action=LOGIN table=- id=- status=SUCCESS
[2026-04-05 10:35:12] user=rajesh role=user action=LOGIN table=- id=- status=SUCCESS
[2026-04-05 10:35:12] user=rajesh role=user action=ONLINE_CHECKOUT table=Sale id=SAL045 status=SUCCESS
[2026-04-05 10:35:12] user=rajesh role=user action=LOGIN table=- id=- status=SUCCESS
[2026-04-05 10:35:12] user=rajesh role=user action=ONLINE_CHECKOUT table=Sale id=SAL046 status=SUCCESS
[2026-04-05 10:35:13] user=priya role=user action=LOGIN table=- id=- status=SUCCESS
[2026-04-05 10:35:13] user=priya role=user action=ONLINE_CHECKOUT table=Sale id=SAL047 status=SUCCESS
[2026-04-05 10:37:54] user=rajesh role=user action=LOGIN table=- id=- status=SUCCESS
[2026-04-05 10:37:54] user=rajesh role=user action=LOGIN table=- id=- status=SUCCESS
[2026-04-05 10:37:54] user=rajesh role=user action=LOGIN table=- id=- status=SUCCESS
[2026-04-05 10:37:54] user=vikram role=user action=LOGIN table=- id=- status=SUCCESS
[2026-04-05 10:37:54] user=rajesh role=user action=LOGIN table=- id=- status=SUCCESS
[2026-04-05 10:37:55] user=vikram role=user action=LOGIN table=- id=- status=SUCCESS
[2026-04-05 10:37:55] user=rajesh role=user action=LOGIN table=- id=- status=SUCCESS
[2026-04-05 10:37:55] user=rajesh role=user action=LOGIN table=- id=- status=SUCCESS
[2026-04-05 10:37:55] user=sneha role=user action=LOGIN table=- id=- status=SUCCESS
[2026-04-05 10:37:55] user=sneha role=user action=LOGIN table=- id=- status=SUCCESS
[2026-04-05 10:37:56] user=rajesh role=user action=LOGIN table=- id=- status=SUCCESS
[2026-04-05 10:37:56] user=sneha role=user action=LOGIN table=- id=- status=SUCCESS
[2026-04-05 10:37:56] user=vikram role=user action=LOGIN table=- id=- status=SUCCESS
[2026-04-05 10:37:56] user=amit role=user action=LOGIN table=- id=- status=SUCCESS
[2026-04-05 10:37:56] user=sneha role=user action=LOGIN table=- id=- status=SUCCESS
[2026-04-05 10:37:57] user=rajesh role=user action=LOGIN table=- id=- status=SUCCESS
[2026-04-05 10:37:57] user=rajesh role=user action=LOGIN table=- id=- status=SUCCESS
[2026-04-05 10:37:57] user=rajesh role=user action=LOGIN table=- id=- status=SUCCESS
[2026-04-05 10:37:57] user=rajesh role=user action=LOGIN table=- id=- status=SUCCESS
[2026-04-05 10:37:57] user=amit role=user action=LOGIN table=- id=- status=SUCCESS
[2026-04-05 10:37:59] user=rajesh role=user action=ONLINE_CHECKOUT table=Sale id=SAL048 status=SUCCESS
[2026-04-05 10:38:00] user=sneha role=user action=ONLINE_CHECKOUT table=Sale id=SAL049 status=SUCCESS
[2026-04-05 10:38:02] user=amit role=user action=ONLINE_CHECKOUT table=Sale id=SAL050 status=SUCCESS
[2026-04-05 10:38:02] user=sneha role=user action=ONLINE_CHECKOUT table=Sale id=SAL051 status=SUCCESS
[2026-04-05 10:38:03] user=rajesh role=user action=ONLINE_CHECKOUT table=Sale id=SAL052 status=SUCCESS
[2026-04-05 10:38:05] user=amit role=user action=ONLINE_CHECKOUT table=Sale id=SAL053 status=SUCCESS
[2026-04-05 10:38:07] user=rajesh role=user action=ONLINE_CHECKOUT table=Sale id=SAL054 status=SUCCESS
[2026-04-05 10:38:08] user=rajesh role=user action=ONLINE_CHECKOUT table=Sale id=SAL055 status=SUCCESS
[2026-04-05 10:38:10] user=vikram role=user action=ONLINE_CHECKOUT table=Sale id=SAL056 status=SUCCESS
[2026-04-05 10:38:11] user=rajesh role=user action=ONLINE_CHECKOUT table=Sale id=SAL057 status=SUCCESS
[2026-04-05 10:38:13] user=rajesh role=user action=ONLINE_CHECKOUT table=Sale id=SAL058 status=SUCCESS
[2026-04-05 10:38:14] user=rajesh role=user action=ONLINE_CHECKOUT table=Sale id=SAL059 status=SUCCESS
[2026-04-05 10:38:22] user=sneha role=user action=ONLINE_CHECKOUT table=Sale id=SAL060 status=SUCCESS
[2026-04-05 10:38:23] user=sneha role=user action=ONLINE_CHECKOUT table=Sale id=SAL061 status=SUCCESS
[2026-04-05 10:38:24] user=rajesh role=user action=ONLINE_CHECKOUT table=Sale id=SAL062 status=SUCCESS
[2026-04-05 10:38:26] user=amit role=user action=ONLINE_CHECKOUT table=Sale id=SAL063 status=SUCCESS
[2026-04-05 10:38:28] user=rajesh role=user action=ONLINE_CHECKOUT table=Sale id=SAL064 status=SUCCESS
[2026-04-05 10:38:30] user=amit role=user action=ONLINE_CHECKOUT table=Sale id=SAL065 status=SUCCESS
[2026-04-05 10:38:31] user=rajesh role=user action=ONLINE_CHECKOUT table=Sale id=SAL066 status=SUCCESS
[2026-04-05 10:38:32] user=sneha role=user action=ONLINE_CHECKOUT table=Sale id=SAL067 status=SUCCESS
[2026-04-05 10:38:37] user=rajesh role=user action=ONLINE_CHECKOUT table=Sale id=SAL068 status=SUCCESS
[2026-04-05 10:38:41] user=amit role=user action=ONLINE_CHECKOUT table=Sale id=SAL069 status=SUCCESS
[2026-04-05 10:38:42] user=rajesh role=user action=ONLINE_CHECKOUT table=Sale id=SAL070 status=SUCCESS
[2026-04-05 10:38:42] user=amit role=user action=ONLINE_CHECKOUT table=Sale id=SAL071 status=SUCCESS
[2026-04-05 10:38:43] user=rajesh role=user action=ONLINE_CHECKOUT table=Sale id=SAL072 status=SUCCESS
[2026-04-05 10:38:43] user=vikram role=user action=ONLINE_CHECKOUT table=Sale id=SAL073 status=SUCCESS
[2026-04-05 10:38:45] user=rajesh role=user action=ONLINE_CHECKOUT table=Sale id=SAL074 status=SUCCESS
[2026-04-05 10:38:45] user=sneha role=user action=ONLINE_CHECKOUT table=Sale id=SAL075 status=SUCCESS
[2026-04-05 10:38:46] user=vikram role=user action=ONLINE_CHECKOUT table=Sale id=SAL076 status=SUCCESS
[2026-04-05 10:38:49] user=rajesh role=user action=ONLINE_CHECKOUT table=Sale id=SAL077 status=SUCCESS
[2026-04-05 10:38:50] user=rajesh role=user action=ONLINE_CHECKOUT table=Sale id=SAL078 status=SUCCESS
[2026-04-05 10:38:52] user=rajesh role=user action=ONLINE_CHECKOUT table=Sale id=SAL079 status=SUCCESS
[2026-04-05 10:38:52] user=sneha role=user action=ONLINE_CHECKOUT table=Sale id=SAL080 status=SUCCESS
[2026-04-05 10:38:55] user=sneha role=user action=ONLINE_CHECKOUT table=Sale id=SAL081 status=SUCCESS
[2026-04-05 10:39:04] user=vikram role=user action=ONLINE_CHECKOUT table=Sale id=SAL082 status=SUCCESS
[2026-04-05 10:39:06] user=sneha role=user action=ONLINE_CHECKOUT table=Sale id=SAL083 status=SUCCESS
[2026-04-05 10:39:11] user=rajesh role=user action=ONLINE_CHECKOUT table=Sale id=SAL084 status=SUCCESS
[2026-04-05 10:39:12] user=vikram role=user action=ONLINE_CHECKOUT table=Sale id=SAL085 status=SUCCESS
[2026-04-05 10:39:15] user=amit role=user action=ONLINE_CHECKOUT table=Sale id=SAL086 status=SUCCESS
[2026-04-05 10:39:16] user=vikram role=user action=ONLINE_CHECKOUT table=Sale id=SAL087 status=SUCCESS
[2026-04-05 10:39:18] user=rajesh role=user action=ONLINE_CHECKOUT table=Sale id=SAL088 status=SUCCESS
[2026-04-05 10:39:20] user=rajesh role=user action=ONLINE_CHECKOUT table=Sale id=SAL089 status=SUCCESS
[2026-04-05 10:39:20] user=sneha role=user action=ONLINE_CHECKOUT table=Sale id=SAL090 status=SUCCESS
[2026-04-05 10:39:22] user=vikram role=user action=ONLINE_CHECKOUT table=Sale id=SAL091 status=SUCCESS
[2026-04-05 10:39:23] user=rajesh role=user action=ONLINE_CHECKOUT table=Sale id=SAL092 status=SUCCESS
[2026-04-05 10:39:23] user=vikram role=user action=ONLINE_CHECKOUT table=Sale id=SAL093 status=SUCCESS
[2026-04-05 10:40:31] user=vikram role=user action=LOGIN table=- id=- status=SUCCESS
[2026-04-05 10:40:31] user=rajesh role=user action=LOGIN table=- id=- status=SUCCESS
[2026-04-05 10:40:31] user=sneha role=user action=LOGIN table=- id=- status=SUCCESS
[2026-04-05 10:40:31] user=vikram role=user action=LOGIN table=- id=- status=SUCCESS
[2026-04-05 10:40:31] user=priya role=user action=LOGIN table=- id=- status=SUCCESS
[2026-04-05 10:40:32] user=sneha role=user action=LOGIN table=- id=- status=SUCCESS
[2026-04-05 10:40:32] user=amit role=user action=LOGIN table=- id=- status=SUCCESS
[2026-04-05 10:40:32] user=rajesh role=user action=LOGIN table=- id=- status=SUCCESS
[2026-04-05 10:40:32] user=amit role=user action=LOGIN table=- id=- status=SUCCESS
[2026-04-05 10:40:32] user=rajesh role=user action=LOGIN table=- id=- status=SUCCESS
[2026-04-05 10:40:33] user=sneha role=user action=LOGIN table=- id=- status=SUCCESS
[2026-04-05 10:40:33] user=sneha role=user action=LOGIN table=- id=- status=SUCCESS
[2026-04-05 10:40:33] user=priya role=user action=LOGIN table=- id=- status=SUCCESS
[2026-04-05 10:40:33] user=rajesh role=user action=LOGIN table=- id=- status=SUCCESS
[2026-04-05 10:40:33] user=amit role=user action=LOGIN table=- id=- status=SUCCESS
[2026-04-05 10:40:33] user=amit role=user action=ONLINE_CHECKOUT table=Sale id=SAL094 status=SUCCESS
[2026-04-05 10:40:34] user=sneha role=user action=LOGIN table=- id=- status=SUCCESS
[2026-04-05 10:40:34] user=priya role=user action=LOGIN table=- id=- status=SUCCESS
[2026-04-05 10:40:34] user=amit role=user action=LOGIN table=- id=- status=SUCCESS
[2026-04-05 10:40:34] user=sneha role=user action=LOGIN table=- id=- status=SUCCESS
[2026-04-05 10:40:34] user=rajesh role=user action=LOGIN table=- id=- status=SUCCESS
[2026-04-05 10:40:35] user=rajesh role=user action=ONLINE_CHECKOUT table=Sale id=SAL095 status=SUCCESS
[2026-04-05 10:40:37] user=sneha role=user action=ONLINE_CHECKOUT table=Sale id=SAL096 status=SUCCESS
[2026-04-05 10:40:37] user=sneha role=user action=ONLINE_CHECKOUT table=Sale id=SAL097 status=SUCCESS
[2026-04-05 10:40:38] user=sneha role=user action=ONLINE_CHECKOUT table=Sale id=SAL098 status=SUCCESS
[2026-04-05 10:40:41] user=rajesh role=user action=ONLINE_CHECKOUT table=Sale id=SAL099 status=SUCCESS
[2026-04-05 10:40:43] user=rajesh role=user action=ONLINE_CHECKOUT table=Sale id=SAL100 status=SUCCESS
[2026-04-05 10:40:44] user=vikram role=user action=ONLINE_CHECKOUT table=Sale id=SAL101 status=SUCCESS
[2026-04-05 10:40:44] user=rajesh role=user action=ONLINE_CHECKOUT table=Sale id=SAL102 status=SUCCESS
[2026-04-05 10:40:45] user=priya role=user action=ONLINE_CHECKOUT table=Sale id=SAL103 status=SUCCESS
[2026-04-05 10:40:49] user=sneha role=user action=ONLINE_CHECKOUT table=Sale id=SAL104 status=SUCCESS
[2026-04-05 10:40:54] user=sneha role=user action=ONLINE_CHECKOUT table=Sale id=SAL105 status=SUCCESS
[2026-04-05 10:40:55] user=priya role=user action=ONLINE_CHECKOUT table=Sale id=SAL106 status=SUCCESS
[2026-04-05 10:40:58] user=sneha role=user action=ONLINE_CHECKOUT table=Sale id=SAL107 status=SUCCESS
[2026-04-05 10:40:58] user=amit role=user action=ONLINE_CHECKOUT table=Sale id=SAL108 status=SUCCESS
[2026-04-05 10:41:00] user=amit role=user action=ONLINE_CHECKOUT table=Sale id=SAL109 status=SUCCESS
[2026-04-05 10:41:01] user=amit role=user action=ONLINE_CHECKOUT table=Sale id=SAL110 status=SUCCESS
[2026-04-05 10:41:01] user=rajesh role=user action=ONLINE_CHECKOUT table=Sale id=SAL111 status=SUCCESS
[2026-04-05 10:41:02] user=rajesh role=user action=ONLINE_CHECKOUT table=Sale id=SAL112 status=SUCCESS
[2026-04-05 10:41:03] user=priya role=user action=ONLINE_CHECKOUT table=Sale id=SAL113 status=SUCCESS
[2026-04-05 10:41:05] user=vikram role=user action=ONLINE_CHECKOUT table=Sale id=SAL114 status=SUCCESS
[2026-04-05 10:41:05] user=vikram role=user action=ONLINE_CHECKOUT table=Sale id=SAL115 status=SUCCESS
[2026-04-05 10:41:05] user=amit role=user action=ONLINE_CHECKOUT table=Sale id=SAL116 status=SUCCESS
[2026-04-05 10:41:12] user=amit role=user action=ONLINE_CHECKOUT table=Sale id=SAL117 status=SUCCESS
[2026-04-05 10:41:12] user=rajesh role=user action=ONLINE_CHECKOUT table=Sale id=SAL118 status=SUCCESS
[2026-04-05 10:41:13] user=rajesh role=user action=ONLINE_CHECKOUT table=Sale id=SAL119 status=SUCCESS
[2026-04-05 10:41:21] user=vikram role=user action=ONLINE_CHECKOUT table=Sale id=SAL120 status=SUCCESS
[2026-04-05 10:41:24] user=sneha role=user action=ONLINE_CHECKOUT table=Sale id=SAL121 status=SUCCESS
[2026-04-05 10:41:25] user=sneha role=user action=ONLINE_CHECKOUT table=Sale id=SAL122 status=SUCCESS
[2026-04-05 10:41:28] user=priya role=user action=ONLINE_CHECKOUT table=Sale id=SAL123 status=SUCCESS
[2026-04-05 10:41:32] user=rajesh role=user action=ONLINE_CHECKOUT table=Sale id=SAL124 status=SUCCESS
[2026-04-05 10:41:32] user=sneha role=user action=ONLINE_CHECKOUT table=Sale id=SAL125 status=SUCCESS
[2026-04-05 10:41:39] user=rajesh role=user action=ONLINE_CHECKOUT table=Sale id=SAL126 status=SUCCESS
[2026-04-05 10:41:42] user=rajesh role=user action=ONLINE_CHECKOUT table=Sale id=SAL127 status=SUCCESS
[2026-04-05 10:41:43] user=amit role=user action=ONLINE_CHECKOUT table=Sale id=SAL128 status=SUCCESS
[2026-04-05 10:41:47] user=amit role=user action=ONLINE_CHECKOUT table=Sale id=SAL129 status=SUCCESS
[2026-04-05 10:42:00] user=sneha role=user action=LOGIN table=- id=- status=SUCCESS
[2026-04-05 10:42:00] user=priya role=user action=LOGIN table=- id=- status=SUCCESS
[2026-04-05 10:42:00] user=vikram role=user action=LOGIN table=- id=- status=SUCCESS
[2026-04-05 10:42:00] user=priya role=user action=LOGIN table=- id=- status=SUCCESS
[2026-04-05 10:42:00] user=sneha role=user action=LOGIN table=- id=- status=SUCCESS
[2026-04-05 10:42:00] user=sneha role=user action=LOGIN table=- id=- status=SUCCESS
[2026-04-05 10:42:00] user=sneha role=user action=LOGIN table=- id=- status=SUCCESS
[2026-04-05 10:42:00] user=vikram role=user action=ONLINE_CHECKOUT table=Sale id=SAL130 status=SUCCESS
[2026-04-05 10:42:00] user=priya role=user action=LOGIN table=- id=- status=SUCCESS
[2026-04-05 10:42:00] user=amit role=user action=LOGIN table=- id=- status=SUCCESS
[2026-04-05 10:42:00] user=amit role=user action=LOGIN table=- id=- status=SUCCESS
[2026-04-05 10:42:00] user=sneha role=user action=ONLINE_CHECKOUT table=Sale id=SAL131 status=SUCCESS
[2026-04-05 10:42:00] user=amit role=user action=ONLINE_CHECKOUT table=Sale id=SAL132 status=SUCCESS
[2026-04-05 10:42:01] user=priya role=user action=LOGIN table=- id=- status=SUCCESS
[2026-04-05 10:42:01] user=amit role=user action=LOGIN table=- id=- status=SUCCESS
[2026-04-05 10:42:01] user=vikram role=user action=LOGIN table=- id=- status=SUCCESS
[2026-04-05 10:42:01] user=rajesh role=user action=LOGIN table=- id=- status=SUCCESS
[2026-04-05 10:42:01] user=sneha role=user action=LOGIN table=- id=- status=SUCCESS
[2026-04-05 10:42:01] user=amit role=user action=LOGIN table=- id=- status=SUCCESS
[2026-04-05 10:42:01] user=priya role=user action=LOGIN table=- id=- status=SUCCESS
[2026-04-05 10:42:01] user=priya role=user action=LOGIN table=- id=- status=SUCCESS
[2026-04-05 10:42:01] user=priya role=user action=LOGIN table=- id=- status=SUCCESS
[2026-04-05 10:42:01] user=priya role=user action=LOGIN table=- id=- status=SUCCESS
[2026-04-05 10:42:02] user=rajesh role=user action=LOGIN table=- id=- status=SUCCESS
[2026-04-05 10:42:02] user=amit role=user action=LOGIN table=- id=- status=SUCCESS
[2026-04-05 10:42:02] user=vikram role=user action=LOGIN table=- id=- status=SUCCESS
[2026-04-05 10:42:02] user=amit role=user action=LOGIN table=- id=- status=SUCCESS
[2026-04-05 10:42:02] user=sneha role=user action=LOGIN table=- id=- status=SUCCESS
[2026-04-05 10:42:02] user=rajesh role=user action=LOGIN table=- id=- status=SUCCESS
[2026-04-05 10:42:02] user=priya role=user action=LOGIN table=- id=- status=SUCCESS
[2026-04-05 10:42:02] user=rajesh role=user action=LOGIN table=- id=- status=SUCCESS
[2026-04-05 10:42:02] user=rajesh role=user action=LOGIN table=- id=- status=SUCCESS
[2026-04-05 10:42:02] user=rajesh role=user action=LOGIN table=- id=- status=SUCCESS
[2026-04-05 10:42:03] user=priya role=user action=LOGIN table=- id=- status=SUCCESS
[2026-04-05 10:42:03] user=vikram role=user action=LOGIN table=- id=- status=SUCCESS
[2026-04-05 10:42:03] user=rajesh role=user action=LOGIN table=- id=- status=SUCCESS
[2026-04-05 10:42:03] user=sneha role=user action=LOGIN table=- id=- status=SUCCESS
[2026-04-05 10:42:04] user=vikram role=user action=ONLINE_CHECKOUT table=Sale id=SAL133 status=SUCCESS
[2026-04-05 10:42:04] user=sneha role=user action=LOGIN table=- id=- status=SUCCESS
[2026-04-05 10:42:04] user=priya role=user action=LOGIN table=- id=- status=SUCCESS
[2026-04-05 10:42:04] user=rajesh role=user action=LOGIN table=- id=- status=SUCCESS
[2026-04-05 10:42:04] user=sneha role=user action=LOGIN table=- id=- status=SUCCESS
[2026-04-05 10:42:04] user=amit role=user action=LOGIN table=- id=- status=SUCCESS
[2026-04-05 10:42:04] user=amit role=user action=LOGIN table=- id=- status=SUCCESS
[2026-04-05 10:42:04] user=vikram role=user action=ONLINE_CHECKOUT table=Sale id=SAL134 status=SUCCESS
[2026-04-05 10:42:04] user=sneha role=user action=LOGIN table=- id=- status=SUCCESS
[2026-04-05 10:42:04] user=amit role=user action=LOGIN table=- id=- status=SUCCESS
[2026-04-05 10:42:04] user=amit role=user action=LOGIN table=- id=- status=SUCCESS
[2026-04-05 10:42:05] user=priya role=user action=LOGIN table=- id=- status=SUCCESS
[2026-04-05 10:42:05] user=priya role=user action=ONLINE_CHECKOUT table=Sale id=SAL135 status=SUCCESS
[2026-04-05 10:42:05] user=amit role=user action=LOGIN table=- id=- status=SUCCESS
[2026-04-05 10:42:05] user=vikram role=user action=LOGIN table=- id=- status=SUCCESS
[2026-04-05 10:42:05] user=rajesh role=user action=LOGIN table=- id=- status=SUCCESS
[2026-04-05 10:42:05] user=sneha role=user action=LOGIN table=- id=- status=SUCCESS
[2026-04-05 10:42:05] user=rajesh role=user action=LOGIN table=- id=- status=SUCCESS
[2026-04-05 10:42:05] user=sneha role=user action=LOGIN table=- id=- status=SUCCESS
[2026-04-05 10:42:05] user=amit role=user action=ONLINE_CHECKOUT table=Sale id=SAL136 status=SUCCESS
[2026-04-05 10:42:05] user=rajesh role=user action=ONLINE_CHECKOUT table=Sale id=SAL137 status=SUCCESS
[2026-04-05 10:42:05] user=sneha role=user action=ONLINE_CHECKOUT table=Sale id=SAL138 status=SUCCESS
[2026-04-05 10:42:05] user=rajesh role=user action=LOGIN table=- id=- status=SUCCESS
[2026-04-05 10:42:05] user=amit role=user action=LOGIN table=- id=- status=SUCCESS
[2026-04-05 10:42:05] user=rajesh role=user action=LOGIN table=- id=- status=SUCCESS
[2026-04-05 10:42:05] user=sneha role=user action=LOGIN table=- id=- status=SUCCESS
[2026-04-05 10:42:05] user=priya role=user action=LOGIN table=- id=- status=SUCCESS
[2026-04-05 10:42:05] user=rajesh role=user action=LOGIN table=- id=- status=SUCCESS
[2026-04-05 10:42:05] user=priya role=user action=LOGIN table=- id=- status=SUCCESS
[2026-04-05 10:42:05] user=rajesh role=user action=LOGIN table=- id=- status=SUCCESS
[2026-04-05 10:42:05] user=priya role=user action=LOGIN table=- id=- status=SUCCESS
[2026-04-05 10:42:05] user=sneha role=user action=LOGIN table=- id=- status=SUCCESS
[2026-04-05 10:42:06] user=rajesh role=user action=ONLINE_CHECKOUT table=Sale id=SAL139 status=SUCCESS
[2026-04-05 10:42:06] user=sneha role=user action=ONLINE_CHECKOUT table=Sale id=SAL140 status=SUCCESS
[2026-04-05 10:42:06] user=rajesh role=user action=ONLINE_CHECKOUT table=Sale id=SAL141 status=SUCCESS
[2026-04-05 10:42:06] user=amit role=user action=ONLINE_CHECKOUT table=Sale id=SAL142 status=SUCCESS
[2026-04-05 10:42:06] user=rajesh role=user action=LOGIN table=- id=- status=SUCCESS
[2026-04-05 10:42:06] user=priya role=user action=LOGIN table=- id=- status=SUCCESS
[2026-04-05 10:42:06] user=amit role=user action=LOGIN table=- id=- status=SUCCESS
[2026-04-05 10:42:06] user=rajesh role=user action=LOGIN table=- id=- status=SUCCESS
[2026-04-05 10:42:06] user=rajesh role=user action=LOGIN table=- id=- status=SUCCESS
[2026-04-05 10:42:06] user=rajesh role=user action=LOGIN table=- id=- status=SUCCESS
[2026-04-05 10:42:06] user=vikram role=user action=LOGIN table=- id=- status=SUCCESS
[2026-04-05 10:42:06] user=sneha role=user action=LOGIN table=- id=- status=SUCCESS
[2026-04-05 10:42:06] user=amit role=user action=LOGIN table=- id=- status=SUCCESS
[2026-04-05 10:42:06] user=vikram role=user action=LOGIN table=- id=- status=SUCCESS
[2026-04-05 10:42:07] user=rajesh role=user action=ONLINE_CHECKOUT table=Sale id=SAL143 status=SUCCESS
[2026-04-05 10:42:07] user=amit role=user action=LOGIN table=- id=- status=SUCCESS
[2026-04-05 10:42:07] user=rajesh role=user action=LOGIN table=- id=- status=SUCCESS
[2026-04-05 10:42:07] user=priya role=user action=LOGIN table=- id=- status=SUCCESS
[2026-04-05 10:42:07] user=rajesh role=user action=LOGIN table=- id=- status=SUCCESS
[2026-04-05 10:42:07] user=amit role=user action=LOGIN table=- id=- status=SUCCESS
[2026-04-05 10:42:07] user=sneha role=user action=LOGIN table=- id=- status=SUCCESS
[2026-04-05 10:42:07] user=priya role=user action=LOGIN table=- id=- status=SUCCESS
[2026-04-05 10:42:07] user=sneha role=user action=LOGIN table=- id=- status=SUCCESS
[2026-04-05 10:42:07] user=vikram role=user action=LOGIN table=- id=- status=SUCCESS
[2026-04-05 10:42:07] user=priya role=user action=LOGIN table=- id=- status=SUCCESS
[2026-04-05 10:42:08] user=rajesh role=user action=ONLINE_CHECKOUT table=Sale id=SAL144 status=SUCCESS
[2026-04-05 10:42:08] user=sneha role=user action=LOGIN table=- id=- status=SUCCESS
[2026-04-05 10:42:09] user=priya role=user action=ONLINE_CHECKOUT table=Sale id=SAL145 status=SUCCESS
[2026-04-05 10:42:09] user=amit role=user action=LOGIN table=- id=- status=SUCCESS
[2026-04-05 10:42:09] user=rajesh role=user action=LOGIN table=- id=- status=SUCCESS
[2026-04-05 10:42:09] user=rajesh role=user action=LOGIN table=- id=- status=SUCCESS
[2026-04-05 10:42:09] user=priya role=user action=LOGIN table=- id=- status=SUCCESS
[2026-04-05 10:42:09] user=sneha role=user action=LOGIN table=- id=- status=SUCCESS
[2026-04-05 10:42:09] user=sneha role=user action=LOGIN table=- id=- status=SUCCESS
[2026-04-05 10:42:09] user=vikram role=user action=LOGIN table=- id=- status=SUCCESS
[2026-04-05 10:42:09] user=sneha role=user action=LOGIN table=- id=- status=SUCCESS
[2026-04-05 10:42:09] user=rajesh role=user action=LOGIN table=- id=- status=SUCCESS
[2026-04-05 10:42:09] user=sneha role=user action=ONLINE_CHECKOUT table=Sale id=SAL146 status=SUCCESS
[2026-04-05 10:42:09] user=rajesh role=user action=LOGIN table=- id=- status=SUCCESS
[2026-04-05 10:42:09] user=vikram role=user action=LOGIN table=- id=- status=SUCCESS
[2026-04-05 10:42:09] user=amit role=user action=LOGIN table=- id=- status=SUCCESS
[2026-04-05 10:42:09] user=vikram role=user action=LOGIN table=- id=- status=SUCCESS
[2026-04-05 10:42:09] user=rajesh role=user action=LOGIN table=- id=- status=SUCCESS
[2026-04-05 10:42:09] user=sneha role=user action=LOGIN table=- id=- status=SUCCESS
[2026-04-05 10:42:09] user=vikram role=user action=LOGIN table=- id=- status=SUCCESS
[2026-04-05 10:42:09] user=sneha role=user action=LOGIN table=- id=- status=SUCCESS
[2026-04-05 10:42:09] user=priya role=user action=LOGIN table=- id=- status=SUCCESS
[2026-04-05 10:42:10] user=rajesh role=user action=LOGIN table=- id=- status=SUCCESS
[2026-04-05 10:42:10] user=rajesh role=user action=ONLINE_CHECKOUT table=Sale id=SAL147 status=SUCCESS
[2026-04-05 10:42:10] user=priya role=user action=ONLINE_CHECKOUT table=Sale id=SAL148 status=SUCCESS
[2026-04-05 10:42:10] user=amit role=user action=ONLINE_CHECKOUT table=Sale id=SAL149 status=SUCCESS
[2026-04-05 10:42:10] user=priya role=user action=ONLINE_CHECKOUT table=Sale id=SAL150 status=SUCCESS
[2026-04-05 10:42:10] user=vikram role=user action=ONLINE_CHECKOUT table=Sale id=SAL151 status=SUCCESS
[2026-04-05 10:42:11] user=amit role=user action=ONLINE_CHECKOUT table=Sale id=SAL152 status=SUCCESS
[2026-04-05 10:42:11] user=rajesh role=user action=ONLINE_CHECKOUT table=Sale id=SAL153 status=SUCCESS
[2026-04-05 10:42:12] user=vikram role=user action=ONLINE_CHECKOUT table=Sale id=SAL154 status=SUCCESS
[2026-04-05 10:42:12] user=sneha role=user action=ONLINE_CHECKOUT table=Sale id=SAL155 status=SUCCESS
[2026-04-05 10:42:13] user=priya role=user action=ONLINE_CHECKOUT table=Sale id=SAL156 status=SUCCESS
[2026-04-05 10:42:13] user=sneha role=user action=ONLINE_CHECKOUT table=Sale id=SAL157 status=SUCCESS
[2026-04-05 10:42:14] user=priya role=user action=ONLINE_CHECKOUT table=Sale id=SAL158 status=SUCCESS
[2026-04-05 10:42:15] user=sneha role=user action=ONLINE_CHECKOUT table=Sale id=SAL159 status=SUCCESS
[2026-04-05 10:42:15] user=sneha role=user action=ONLINE_CHECKOUT table=Sale id=SAL160 status=SUCCESS
[2026-04-05 10:42:15] user=sneha role=user action=ONLINE_CHECKOUT table=Sale id=SAL161 status=SUCCESS
[2026-04-05 10:42:15] user=sneha role=user action=ONLINE_CHECKOUT table=Sale id=SAL162 status=SUCCESS
[2026-04-05 10:42:16] user=rajesh role=user action=ONLINE_CHECKOUT table=Sale id=SAL163 status=SUCCESS
[2026-04-05 10:42:17] user=sneha role=user action=ONLINE_CHECKOUT table=Sale id=SAL164 status=SUCCESS
[2026-04-05 10:42:17] user=rajesh role=user action=ONLINE_CHECKOUT table=Sale id=SAL165 status=SUCCESS
[2026-04-05 10:42:17] user=amit role=user action=ONLINE_CHECKOUT table=Sale id=SAL166 status=SUCCESS
[2026-04-05 10:42:18] user=sneha role=user action=ONLINE_CHECKOUT table=Sale id=SAL167 status=SUCCESS
[2026-04-05 10:42:18] user=amit role=user action=ONLINE_CHECKOUT table=Sale id=SAL168 status=SUCCESS
[2026-04-05 10:42:18] user=amit role=user action=ONLINE_CHECKOUT table=Sale id=SAL169 status=SUCCESS
[2026-04-05 10:42:19] user=priya role=user action=ONLINE_CHECKOUT table=Sale id=SAL170 status=SUCCESS
[2026-04-05 10:42:19] user=priya role=user action=ONLINE_CHECKOUT table=Sale id=SAL171 status=SUCCESS
[2026-04-05 10:42:19] user=vikram role=user action=ONLINE_CHECKOUT table=Sale id=SAL172 status=SUCCESS
[2026-04-05 10:42:19] user=rajesh role=user action=ONLINE_CHECKOUT table=Sale id=SAL173 status=SUCCESS
[2026-04-05 10:42:19] user=sneha role=user action=ONLINE_CHECKOUT table=Sale id=SAL174 status=SUCCESS
[2026-04-05 10:42:20] user=rajesh role=user action=ONLINE_CHECKOUT table=Sale id=SAL175 status=SUCCESS
[2026-04-05 10:42:20] user=sneha role=user action=ONLINE_CHECKOUT table=Sale id=SAL176 status=SUCCESS
[2026-04-05 10:42:20] user=sneha role=user action=ONLINE_CHECKOUT table=Sale id=SAL177 status=SUCCESS
[2026-04-05 10:42:20] user=rajesh role=user action=ONLINE_CHECKOUT table=Sale id=SAL178 status=SUCCESS
[2026-04-05 10:42:20] user=amit role=user action=ONLINE_CHECKOUT table=Sale id=SAL179 status=SUCCESS
[2026-04-05 10:42:20] user=priya role=user action=ONLINE_CHECKOUT table=Sale id=SAL180 status=SUCCESS
[2026-04-05 10:42:21] user=priya role=user action=ONLINE_CHECKOUT table=Sale id=SAL181 status=SUCCESS
[2026-04-05 10:42:21] user=priya role=user action=ONLINE_CHECKOUT table=Sale id=SAL182 status=SUCCESS
[2026-04-05 10:42:21] user=sneha role=user action=ONLINE_CHECKOUT table=Sale id=SAL183 status=SUCCESS
[2026-04-05 10:42:21] user=rajesh role=user action=ONLINE_CHECKOUT table=Sale id=SAL184 status=SUCCESS
[2026-04-05 10:42:22] user=rajesh role=user action=ONLINE_CHECKOUT table=Sale id=SAL185 status=SUCCESS
[2026-04-05 10:42:22] user=vikram role=user action=ONLINE_CHECKOUT table=Sale id=SAL186 status=SUCCESS
[2026-04-05 10:42:22] user=priya role=user action=ONLINE_CHECKOUT table=Sale id=SAL187 status=SUCCESS
[2026-04-05 10:42:22] user=amit role=user action=ONLINE_CHECKOUT table=Sale id=SAL188 status=SUCCESS
[2026-04-05 10:42:23] user=sneha role=user action=ONLINE_CHECKOUT table=Sale id=SAL189 status=SUCCESS
[2026-04-05 10:42:23] user=sneha role=user action=ONLINE_CHECKOUT table=Sale id=SAL190 status=SUCCESS
[2026-04-05 10:42:24] user=priya role=user action=ONLINE_CHECKOUT table=Sale id=SAL191 status=SUCCESS
[2026-04-05 10:42:24] user=priya role=user action=ONLINE_CHECKOUT table=Sale id=SAL192 status=SUCCESS
[2026-04-05 10:42:24] user=sneha role=user action=ONLINE_CHECKOUT table=Sale id=SAL193 status=SUCCESS
[2026-04-05 10:42:24] user=sneha role=user action=ONLINE_CHECKOUT table=Sale id=SAL194 status=SUCCESS
[2026-04-05 10:42:25] user=amit role=user action=ONLINE_CHECKOUT table=Sale id=SAL195 status=SUCCESS
[2026-04-05 10:42:25] user=vikram role=user action=ONLINE_CHECKOUT table=Sale id=SAL196 status=SUCCESS
[2026-04-05 10:42:25] user=sneha role=user action=ONLINE_CHECKOUT table=Sale id=SAL197 status=SUCCESS
[2026-04-05 10:42:25] user=amit role=user action=ONLINE_CHECKOUT table=Sale id=SAL198 status=SUCCESS
[2026-04-05 10:42:26] user=rajesh role=user action=ONLINE_CHECKOUT table=Sale id=SAL199 status=SUCCESS
[2026-04-05 10:42:26] user=sneha role=user action=ONLINE_CHECKOUT table=Sale id=SAL200 status=SUCCESS
[2026-04-05 10:42:27] user=amit role=user action=ONLINE_CHECKOUT table=Sale id=SAL201 status=SUCCESS
[2026-04-05 10:42:27] user=rajesh role=user action=ONLINE_CHECKOUT table=Sale id=SAL202 status=SUCCESS
[2026-04-05 10:42:27] user=priya role=user action=ONLINE_CHECKOUT table=Sale id=SAL203 status=SUCCESS
[2026-04-05 10:42:27] user=sneha role=user action=ONLINE_CHECKOUT table=Sale id=SAL204 status=SUCCESS
[2026-04-05 10:42:28] user=rajesh role=user action=ONLINE_CHECKOUT table=Sale id=SAL205 status=SUCCESS
[2026-04-05 10:42:28] user=priya role=user action=ONLINE_CHECKOUT table=Sale id=SAL206 status=SUCCESS
[2026-04-05 10:42:28] user=amit role=user action=ONLINE_CHECKOUT table=Sale id=SAL207 status=SUCCESS
[2026-04-05 10:42:28] user=rajesh role=user action=ONLINE_CHECKOUT table=Sale id=SAL208 status=SUCCESS
[2026-04-05 10:42:28] user=vikram role=user action=ONLINE_CHECKOUT table=Sale id=SAL209 status=SUCCESS
[2026-04-05 10:42:28] user=rajesh role=user action=ONLINE_CHECKOUT table=Sale id=SAL210 status=SUCCESS
[2026-04-05 10:42:29] user=sneha role=user action=ONLINE_CHECKOUT table=Sale id=SAL211 status=SUCCESS
[2026-04-05 10:42:30] user=sneha role=user action=ONLINE_CHECKOUT table=Sale id=SAL212 status=SUCCESS
[2026-04-05 10:42:30] user=priya role=user action=ONLINE_CHECKOUT table=Sale id=SAL213 status=SUCCESS
[2026-04-05 10:42:30] user=rajesh role=user action=ONLINE_CHECKOUT table=Sale id=SAL214 status=SUCCESS
[2026-04-05 10:42:31] user=sneha role=user action=ONLINE_CHECKOUT table=Sale id=SAL215 status=SUCCESS
[2026-04-05 10:42:31] user=priya role=user action=ONLINE_CHECKOUT table=Sale id=SAL216 status=SUCCESS
[2026-04-05 10:42:32] user=priya role=user action=ONLINE_CHECKOUT table=Sale id=SAL217 status=SUCCESS
[2026-04-05 10:42:33] user=vikram role=user action=ONLINE_CHECKOUT table=Sale id=SAL218 status=SUCCESS
[2026-04-05 10:42:33] user=amit role=user action=ONLINE_CHECKOUT table=Sale id=SAL219 status=SUCCESS
[2026-04-05 10:42:33] user=vikram role=user action=ONLINE_CHECKOUT table=Sale id=SAL220 status=SUCCESS
[2026-04-05 10:42:34] user=amit role=user action=ONLINE_CHECKOUT table=Sale id=SAL221 status=SUCCESS
[2026-04-05 10:42:34] user=amit role=user action=ONLINE_CHECKOUT table=Sale id=SAL222 status=SUCCESS
[2026-04-05 10:42:34] user=rajesh role=user action=ONLINE_CHECKOUT table=Sale id=SAL223 status=SUCCESS
[2026-04-05 10:42:34] user=sneha role=user action=ONLINE_CHECKOUT table=Sale id=SAL224 status=SUCCESS
[2026-04-05 10:42:34] user=sneha role=user action=ONLINE_CHECKOUT table=Sale id=SAL225 status=SUCCESS
[2026-04-05 10:42:34] user=sneha role=user action=ONLINE_CHECKOUT table=Sale id=SAL226 status=SUCCESS
[2026-04-05 10:42:36] user=rajesh role=user action=ONLINE_CHECKOUT table=Sale id=SAL227 status=SUCCESS
[2026-04-05 10:42:36] user=priya role=user action=ONLINE_CHECKOUT table=Sale id=SAL228 status=SUCCESS
[2026-04-05 10:42:36] user=vikram role=user action=ONLINE_CHECKOUT table=Sale id=SAL229 status=SUCCESS
[2026-04-05 10:42:36] user=rajesh role=user action=ONLINE_CHECKOUT table=Sale id=SAL230 status=SUCCESS
[2026-04-05 10:42:37] user=priya role=user action=ONLINE_CHECKOUT table=Sale id=SAL231 status=SUCCESS
[2026-04-05 10:42:38] user=sneha role=user action=ONLINE_CHECKOUT table=Sale id=SAL232 status=SUCCESS
[2026-04-05 10:42:38] user=sneha role=user action=ONLINE_CHECKOUT table=Sale id=SAL233 status=SUCCESS
[2026-04-05 10:42:38] user=vikram role=user action=ONLINE_CHECKOUT table=Sale id=SAL234 status=SUCCESS
[2026-04-05 10:42:39] user=priya role=user action=ONLINE_CHECKOUT table=Sale id=SAL235 status=SUCCESS
[2026-04-05 10:42:39] user=rajesh role=user action=ONLINE_CHECKOUT table=Sale id=SAL236 status=SUCCESS
[2026-04-05 10:42:40] user=sneha role=user action=ONLINE_CHECKOUT table=Sale id=SAL237 status=SUCCESS
[2026-04-05 10:42:41] user=rajesh role=user action=ONLINE_CHECKOUT table=Sale id=SAL238 status=SUCCESS
[2026-04-05 10:42:41] user=sneha role=user action=ONLINE_CHECKOUT table=Sale id=SAL239 status=SUCCESS
[2026-04-05 10:42:41] user=sneha role=user action=ONLINE_CHECKOUT table=Sale id=SAL240 status=SUCCESS
[2026-04-05 10:42:42] user=vikram role=user action=ONLINE_CHECKOUT table=Sale id=SAL241 status=SUCCESS
[2026-04-05 10:42:42] user=sneha role=user action=ONLINE_CHECKOUT table=Sale id=SAL242 status=SUCCESS
[2026-04-05 10:42:42] user=sneha role=user action=ONLINE_CHECKOUT table=Sale id=SAL243 status=SUCCESS
[2026-04-05 10:42:43] user=amit role=user action=ONLINE_CHECKOUT table=Sale id=SAL244 status=SUCCESS
[2026-04-05 10:42:43] user=priya role=user action=ONLINE_CHECKOUT table=Sale id=SAL245 status=SUCCESS
[2026-04-05 10:42:43] user=priya role=user action=ONLINE_CHECKOUT table=Sale id=SAL246 status=SUCCESS
[2026-04-05 10:42:44] user=sneha role=user action=ONLINE_CHECKOUT table=Sale id=SAL247 status=SUCCESS
[2026-04-05 10:42:44] user=amit role=user action=ONLINE_CHECKOUT table=Sale id=SAL248 status=SUCCESS
[2026-04-05 10:42:44] user=priya role=user action=ONLINE_CHECKOUT table=Sale id=SAL249 status=SUCCESS
[2026-04-05 10:42:44] user=sneha role=user action=ONLINE_CHECKOUT table=Sale id=SAL250 status=SUCCESS
[2026-04-05 10:42:44] user=amit role=user action=ONLINE_CHECKOUT table=Sale id=SAL251 status=SUCCESS
[2026-04-05 10:42:44] user=priya role=user action=ONLINE_CHECKOUT table=Sale id=SAL252 status=SUCCESS
[2026-04-05 10:42:44] user=rajesh role=user action=ONLINE_CHECKOUT table=Sale id=SAL253 status=SUCCESS
[2026-04-05 10:42:45] user=sneha role=user action=ONLINE_CHECKOUT table=Sale id=SAL254 status=SUCCESS
[2026-04-05 10:42:45] user=amit role=user action=ONLINE_CHECKOUT table=Sale id=SAL255 status=SUCCESS
[2026-04-05 10:42:45] user=sneha role=user action=ONLINE_CHECKOUT table=Sale id=SAL256 status=SUCCESS
[2026-04-05 10:42:45] user=rajesh role=user action=ONLINE_CHECKOUT table=Sale id=SAL257 status=SUCCESS
[2026-04-05 10:42:46] user=vikram role=user action=ONLINE_CHECKOUT table=Sale id=SAL258 status=SUCCESS
[2026-04-05 10:42:46] user=rajesh role=user action=ONLINE_CHECKOUT table=Sale id=SAL259 status=SUCCESS
[2026-04-05 10:42:46] user=sneha role=user action=ONLINE_CHECKOUT table=Sale id=SAL260 status=SUCCESS
[2026-04-05 10:42:46] user=sneha role=user action=ONLINE_CHECKOUT table=Sale id=SAL261 status=SUCCESS
[2026-04-05 10:42:47] user=priya role=user action=ONLINE_CHECKOUT table=Sale id=SAL262 status=SUCCESS
[2026-04-05 10:42:47] user=priya role=user action=ONLINE_CHECKOUT table=Sale id=SAL263 status=SUCCESS
[2026-04-05 10:42:47] user=priya role=user action=ONLINE_CHECKOUT table=Sale id=SAL264 status=SUCCESS
[2026-04-05 10:42:48] user=amit role=user action=ONLINE_CHECKOUT table=Sale id=SAL265 status=SUCCESS
[2026-04-05 10:42:48] user=sneha role=user action=ONLINE_CHECKOUT table=Sale id=SAL266 status=SUCCESS
[2026-04-05 10:42:48] user=rajesh role=user action=ONLINE_CHECKOUT table=Sale id=SAL267 status=SUCCESS
[2026-04-05 10:42:48] user=rajesh role=user action=ONLINE_CHECKOUT table=Sale id=SAL268 status=SUCCESS
[2026-04-05 10:42:49] user=rajesh role=user action=ONLINE_CHECKOUT table=Sale id=SAL269 status=SUCCESS
[2026-04-05 10:42:50] user=vikram role=user action=ONLINE_CHECKOUT table=Sale id=SAL270 status=SUCCESS
[2026-04-05 10:42:50] user=priya role=user action=ONLINE_CHECKOUT table=Sale id=SAL271 status=SUCCESS
[2026-04-05 10:42:50] user=priya role=user action=ONLINE_CHECKOUT table=Sale id=SAL272 status=SUCCESS
[2026-04-05 10:42:51] user=amit role=user action=ONLINE_CHECKOUT table=Sale id=SAL273 status=SUCCESS
[2026-04-05 10:42:51] user=vikram role=user action=ONLINE_CHECKOUT table=Sale id=SAL274 status=SUCCESS
[2026-04-05 10:42:51] user=rajesh role=user action=ONLINE_CHECKOUT table=Sale id=SAL275 status=SUCCESS
[2026-04-05 10:42:51] user=priya role=user action=ONLINE_CHECKOUT table=Sale id=SAL276 status=SUCCESS
[2026-04-05 10:42:52] user=rajesh role=user action=ONLINE_CHECKOUT table=Sale id=SAL277 status=SUCCESS
[2026-04-05 10:42:52] user=amit role=user action=ONLINE_CHECKOUT table=Sale id=SAL278 status=SUCCESS
[2026-04-05 10:42:52] user=rajesh role=user action=ONLINE_CHECKOUT table=Sale id=SAL279 status=SUCCESS
[2026-04-05 10:42:53] user=rajesh role=user action=ONLINE_CHECKOUT table=Sale id=SAL280 status=SUCCESS
[2026-04-05 10:42:53] user=rajesh role=user action=ONLINE_CHECKOUT table=Sale id=SAL281 status=SUCCESS
[2026-04-05 10:42:55] user=sneha role=user action=ONLINE_CHECKOUT table=Sale id=SAL282 status=SUCCESS
[2026-04-05 10:42:55] user=rajesh role=user action=ONLINE_CHECKOUT table=Sale id=SAL283 status=SUCCESS
[2026-04-05 10:42:56] user=vikram role=user action=ONLINE_CHECKOUT table=Sale id=SAL284 status=SUCCESS
[2026-04-05 10:42:57] user=priya role=user action=ONLINE_CHECKOUT table=Sale id=SAL285 status=SUCCESS
[2026-04-05 10:42:57] user=sneha role=user action=ONLINE_CHECKOUT table=Sale id=SAL286 status=SUCCESS
[2026-04-05 10:42:57] user=priya role=user action=ONLINE_CHECKOUT table=Sale id=SAL287 status=SUCCESS
[2026-04-05 10:42:57] user=rajesh role=user action=ONLINE_CHECKOUT table=Sale id=SAL288 status=SUCCESS
[2026-04-05 10:42:58] user=vikram role=user action=ONLINE_CHECKOUT table=Sale id=SAL289 status=SUCCESS
[2026-04-05 10:42:58] user=amit role=user action=ONLINE_CHECKOUT table=Sale id=SAL290 status=SUCCESS
[2026-04-05 10:42:59] user=amit role=user action=ONLINE_CHECKOUT table=Sale id=SAL291 status=SUCCESS
[2026-04-05 10:42:59] user=sneha role=user action=ONLINE_CHECKOUT table=Sale id=SAL292 status=SUCCESS
[2026-04-05 10:42:59] user=priya role=user action=ONLINE_CHECKOUT table=Sale id=SAL293 status=SUCCESS
[2026-04-05 10:42:59] user=priya role=user action=ONLINE_CHECKOUT table=Sale id=SAL294 status=SUCCESS
[2026-04-05 10:42:59] user=rajesh role=user action=ONLINE_CHECKOUT table=Sale id=SAL295 status=SUCCESS
[2026-04-05 10:42:59] user=amit role=user action=ONLINE_CHECKOUT table=Sale id=SAL296 status=SUCCESS
[2026-04-05 10:43:00] user=priya role=user action=ONLINE_CHECKOUT table=Sale id=SAL297 status=SUCCESS
[2026-04-05 10:43:00] user=sneha role=user action=ONLINE_CHECKOUT table=Sale id=SAL298 status=SUCCESS
[2026-04-05 10:43:00] user=rajesh role=user action=ONLINE_CHECKOUT table=Sale id=SAL299 status=SUCCESS
[2026-04-05 10:43:01] user=sneha role=user action=ONLINE_CHECKOUT table=Sale id=SAL300 status=SUCCESS
[2026-04-05 10:43:01] user=amit role=user action=ONLINE_CHECKOUT table=Sale id=SAL301 status=SUCCESS
[2026-04-05 10:43:01] user=rajesh role=user action=ONLINE_CHECKOUT table=Sale id=SAL302 status=SUCCESS
[2026-04-05 10:43:02] user=rajesh role=user action=ONLINE_CHECKOUT table=Sale id=SAL303 status=SUCCESS
[2026-04-05 10:43:02] user=rajesh role=user action=ONLINE_CHECKOUT table=Sale id=SAL304 status=SUCCESS
[2026-04-05 10:43:02] user=rajesh role=user action=ONLINE_CHECKOUT table=Sale id=SAL305 status=SUCCESS
[2026-04-05 10:43:03] user=rajesh role=user action=ONLINE_CHECKOUT table=Sale id=SAL306 status=SUCCESS
[2026-04-05 10:43:03] user=amit role=user action=ONLINE_CHECKOUT table=Sale id=SAL307 status=SUCCESS
[2026-04-05 10:43:04] user=priya role=user action=ONLINE_CHECKOUT table=Sale id=SAL308 status=SUCCESS
[2026-04-05 10:43:04] user=amit role=user action=ONLINE_CHECKOUT table=Sale id=SAL309 status=SUCCESS
[2026-04-05 10:43:05] user=priya role=user action=ONLINE_CHECKOUT table=Sale id=SAL310 status=SUCCESS
[2026-04-05 10:43:05] user=rajesh role=user action=ONLINE_CHECKOUT table=Sale id=SAL311 status=SUCCESS
[2026-04-05 10:43:05] user=rajesh role=user action=ONLINE_CHECKOUT table=Sale id=SAL312 status=SUCCESS
[2026-04-05 10:43:05] user=rajesh role=user action=ONLINE_CHECKOUT table=Sale id=SAL313 status=SUCCESS
[2026-04-05 10:43:05] user=priya role=user action=ONLINE_CHECKOUT table=Sale id=SAL314 status=SUCCESS
[2026-04-05 10:43:06] user=sneha role=user action=ONLINE_CHECKOUT table=Sale id=SAL315 status=SUCCESS
[2026-04-05 10:43:06] user=sneha role=user action=ONLINE_CHECKOUT table=Sale id=SAL316 status=SUCCESS
[2026-04-05 10:43:07] user=amit role=user action=ONLINE_CHECKOUT table=Sale id=SAL317 status=SUCCESS
[2026-04-05 10:43:07] user=rajesh role=user action=ONLINE_CHECKOUT table=Sale id=SAL318 status=SUCCESS
[2026-04-05 10:43:07] user=sneha role=user action=ONLINE_CHECKOUT table=Sale id=SAL319 status=SUCCESS
[2026-04-05 10:43:08] user=rajesh role=user action=ONLINE_CHECKOUT table=Sale id=SAL320 status=SUCCESS
[2026-04-05 10:43:08] user=amit role=user action=ONLINE_CHECKOUT table=Sale id=SAL321 status=SUCCESS
[2026-04-05 10:43:09] user=rajesh role=user action=ONLINE_CHECKOUT table=Sale id=SAL322 status=SUCCESS
[2026-04-05 10:43:09] user=amit role=user action=ONLINE_CHECKOUT table=Sale id=SAL323 status=SUCCESS
[2026-04-05 10:43:09] user=rajesh role=user action=ONLINE_CHECKOUT table=Sale id=SAL324 status=SUCCESS
[2026-04-05 10:43:10] user=priya role=user action=ONLINE_CHECKOUT table=Sale id=SAL325 status=SUCCESS
[2026-04-05 10:43:10] user=sneha role=user action=ONLINE_CHECKOUT table=Sale id=SAL326 status=SUCCESS
[2026-04-05 10:43:10] user=sneha role=user action=ONLINE_CHECKOUT table=Sale id=SAL327 status=SUCCESS
[2026-04-05 10:43:10] user=priya role=user action=ONLINE_CHECKOUT table=Sale id=SAL328 status=SUCCESS
[2026-04-05 10:43:11] user=rajesh role=user action=ONLINE_CHECKOUT table=Sale id=SAL329 status=SUCCESS
[2026-04-05 10:43:11] user=amit role=user action=ONLINE_CHECKOUT table=Sale id=SAL330 status=SUCCESS
[2026-04-05 10:43:12] user=priya role=user action=ONLINE_CHECKOUT table=Sale id=SAL331 status=SUCCESS
[2026-04-05 10:43:12] user=sneha role=user action=ONLINE_CHECKOUT table=Sale id=SAL332 status=SUCCESS
[2026-04-05 10:43:12] user=rajesh role=user action=ONLINE_CHECKOUT table=Sale id=SAL333 status=SUCCESS
[2026-04-05 10:43:12] user=sneha role=user action=ONLINE_CHECKOUT table=Sale id=SAL334 status=SUCCESS
[2026-04-05 10:43:12] user=sneha role=user action=ONLINE_CHECKOUT table=Sale id=SAL335 status=SUCCESS
[2026-04-05 10:43:14] user=sneha role=user action=ONLINE_CHECKOUT table=Sale id=SAL336 status=SUCCESS
[2026-04-05 10:43:14] user=sneha role=user action=ONLINE_CHECKOUT table=Sale id=SAL337 status=SUCCESS
[2026-04-05 10:43:14] user=rajesh role=user action=ONLINE_CHECKOUT table=Sale id=SAL338 status=SUCCESS
[2026-04-05 10:43:15] user=rajesh role=user action=ONLINE_CHECKOUT table=Sale id=SAL339 status=SUCCESS
[2026-04-05 10:43:16] user=sneha role=user action=ONLINE_CHECKOUT table=Sale id=SAL340 status=SUCCESS
[2026-04-05 10:43:16] user=amit role=user action=ONLINE_CHECKOUT table=Sale id=SAL341 status=SUCCESS
[2026-04-05 10:43:17] user=sneha role=user action=ONLINE_CHECKOUT table=Sale id=SAL342 status=SUCCESS
[2026-04-05 10:43:18] user=rajesh role=user action=ONLINE_CHECKOUT table=Sale id=SAL343 status=SUCCESS
[2026-04-05 10:43:18] user=vikram role=user action=ONLINE_CHECKOUT table=Sale id=SAL344 status=SUCCESS
[2026-04-05 10:43:18] user=sneha role=user action=ONLINE_CHECKOUT table=Sale id=SAL345 status=SUCCESS
[2026-04-05 10:43:19] user=amit role=user action=ONLINE_CHECKOUT table=Sale id=SAL346 status=SUCCESS
[2026-04-05 10:43:19] user=rajesh role=user action=ONLINE_CHECKOUT table=Sale id=SAL347 status=SUCCESS
[2026-04-05 10:43:19] user=rajesh role=user action=ONLINE_CHECKOUT table=Sale id=SAL348 status=SUCCESS
[2026-04-05 10:43:19] user=rajesh role=user action=ONLINE_CHECKOUT table=Sale id=SAL349 status=SUCCESS
[2026-04-05 10:43:19] user=priya role=user action=ONLINE_CHECKOUT table=Sale id=SAL350 status=SUCCESS
[2026-04-05 10:43:19] user=amit role=user action=ONLINE_CHECKOUT table=Sale id=SAL351 status=SUCCESS
[2026-04-05 10:43:20] user=rajesh role=user action=ONLINE_CHECKOUT table=Sale id=SAL352 status=SUCCESS
[2026-04-05 10:43:21] user=rajesh role=user action=ONLINE_CHECKOUT table=Sale id=SAL353 status=SUCCESS
[2026-04-05 10:43:21] user=vikram role=user action=ONLINE_CHECKOUT table=Sale id=SAL354 status=SUCCESS
[2026-04-05 10:43:22] user=priya role=user action=ONLINE_CHECKOUT table=Sale id=SAL355 status=SUCCESS
[2026-04-05 10:43:23] user=sneha role=user action=ONLINE_CHECKOUT table=Sale id=SAL356 status=SUCCESS
[2026-04-05 10:43:25] user=amit role=user action=ONLINE_CHECKOUT table=Sale id=SAL357 status=SUCCESS
[2026-04-05 10:43:26] user=rajesh role=user action=ONLINE_CHECKOUT table=Sale id=SAL358 status=SUCCESS
[2026-04-05 10:43:27] user=sneha role=user action=ONLINE_CHECKOUT table=Sale id=SAL359 status=SUCCESS
[2026-04-05 10:43:27] user=rajesh role=user action=ONLINE_CHECKOUT table=Sale id=SAL360 status=SUCCESS
[2026-04-05 10:43:27] user=rajesh role=user action=ONLINE_CHECKOUT table=Sale id=SAL361 status=SUCCESS
[2026-04-05 10:43:28] user=rajesh role=user action=ONLINE_CHECKOUT table=Sale id=SAL362 status=SUCCESS
[2026-04-05 10:43:28] user=priya role=user action=ONLINE_CHECKOUT table=Sale id=SAL363 status=SUCCESS
[2026-04-05 10:43:28] user=rajesh role=user action=ONLINE_CHECKOUT table=Sale id=SAL364 status=SUCCESS
[2026-04-05 10:43:28] user=vikram role=user action=ONLINE_CHECKOUT table=Sale id=SAL365 status=SUCCESS
[2026-04-05 10:43:28] user=amit role=user action=ONLINE_CHECKOUT table=Sale id=SAL366 status=SUCCESS
[2026-04-05 10:43:28] user=priya role=user action=ONLINE_CHECKOUT table=Sale id=SAL367 status=SUCCESS
[2026-04-05 10:43:31] user=rajesh role=user action=ONLINE_CHECKOUT table=Sale id=SAL368 status=SUCCESS
[2026-04-05 10:43:31] user=rajesh role=user action=ONLINE_CHECKOUT table=Sale id=SAL369 status=SUCCESS
[2026-04-05 10:43:31] user=priya role=user action=ONLINE_CHECKOUT table=Sale id=SAL370 status=SUCCESS
[2026-04-05 10:43:31] user=vikram role=user action=ONLINE_CHECKOUT table=Sale id=SAL371 status=SUCCESS
[2026-04-05 10:43:32] user=priya role=user action=ONLINE_CHECKOUT table=Sale id=SAL372 status=SUCCESS
[2026-04-05 10:43:33] user=vikram role=user action=ONLINE_CHECKOUT table=Sale id=SAL373 status=SUCCESS
[2026-04-05 10:43:33] user=sneha role=user action=ONLINE_CHECKOUT table=Sale id=SAL374 status=SUCCESS
[2026-04-05 10:43:34] user=sneha role=user action=ONLINE_CHECKOUT table=Sale id=SAL375 status=SUCCESS
[2026-04-05 10:43:35] user=vikram role=user action=ONLINE_CHECKOUT table=Sale id=SAL376 status=SUCCESS
[2026-04-05 10:43:35] user=amit role=user action=ONLINE_CHECKOUT table=Sale id=SAL377 status=SUCCESS
[2026-04-05 10:43:36] user=sneha role=user action=ONLINE_CHECKOUT table=Sale id=SAL378 status=SUCCESS
[2026-04-05 10:43:36] user=sneha role=user action=ONLINE_CHECKOUT table=Sale id=SAL379 status=SUCCESS
[2026-04-05 10:43:37] user=rajesh role=user action=ONLINE_CHECKOUT table=Sale id=SAL380 status=SUCCESS
[2026-04-05 10:43:37] user=vikram role=user action=ONLINE_CHECKOUT table=Sale id=SAL381 status=SUCCESS
[2026-04-05 10:43:38] user=rajesh role=user action=ONLINE_CHECKOUT table=Sale id=SAL382 status=SUCCESS
[2026-04-05 10:43:39] user=rajesh role=user action=ONLINE_CHECKOUT table=Sale id=SAL383 status=SUCCESS
[2026-04-05 10:43:39] user=sneha role=user action=ONLINE_CHECKOUT table=Sale id=SAL384 status=SUCCESS
[2026-04-05 10:43:39] user=rajesh role=user action=ONLINE_CHECKOUT table=Sale id=SAL385 status=SUCCESS
[2026-04-05 10:43:40] user=sneha role=user action=ONLINE_CHECKOUT table=Sale id=SAL386 status=SUCCESS
[2026-04-05 10:43:41] user=rajesh role=user action=ONLINE_CHECKOUT table=Sale id=SAL387 status=SUCCESS
[2026-04-05 10:43:41] user=rajesh role=user action=ONLINE_CHECKOUT table=Sale id=SAL388 status=SUCCESS
[2026-04-05 10:43:42] user=sneha role=user action=ONLINE_CHECKOUT table=Sale id=SAL389 status=SUCCESS
[2026-04-05 10:43:42] user=amit role=user action=ONLINE_CHECKOUT table=Sale id=SAL390 status=SUCCESS
[2026-04-05 10:43:43] user=rajesh role=user action=ONLINE_CHECKOUT table=Sale id=SAL391 status=SUCCESS
[2026-04-05 10:43:44] user=rajesh role=user action=ONLINE_CHECKOUT table=Sale id=SAL392 status=SUCCESS
[2026-04-05 10:43:44] user=priya role=user action=ONLINE_CHECKOUT table=Sale id=SAL393 status=SUCCESS
[2026-04-05 10:43:44] user=sneha role=user action=ONLINE_CHECKOUT table=Sale id=SAL394 status=SUCCESS
[2026-04-05 10:43:45] user=priya role=user action=ONLINE_CHECKOUT table=Sale id=SAL395 status=SUCCESS
[2026-04-05 10:43:46] user=sneha role=user action=ONLINE_CHECKOUT table=Sale id=SAL396 status=SUCCESS
[2026-04-05 10:43:46] user=rajesh role=user action=ONLINE_CHECKOUT table=Sale id=SAL397 status=SUCCESS
[2026-04-05 10:43:46] user=vikram role=user action=ONLINE_CHECKOUT table=Sale id=SAL398 status=SUCCESS
[2026-04-05 10:43:47] user=rajesh role=user action=ONLINE_CHECKOUT table=Sale id=SAL399 status=SUCCESS
[2026-04-05 10:43:47] user=amit role=user action=ONLINE_CHECKOUT table=Sale id=SAL400 status=SUCCESS
[2026-04-05 10:43:48] user=rajesh role=user action=ONLINE_CHECKOUT table=Sale id=SAL401 status=SUCCESS
[2026-04-05 10:43:48] user=sneha role=user action=ONLINE_CHECKOUT table=Sale id=SAL402 status=SUCCESS
[2026-04-05 10:43:49] user=priya role=user action=ONLINE_CHECKOUT table=Sale id=SAL403 status=SUCCESS
[2026-04-05 10:43:49] user=priya role=user action=ONLINE_CHECKOUT table=Sale id=SAL404 status=SUCCESS
[2026-04-05 10:43:49] user=rajesh role=user action=ONLINE_CHECKOUT table=Sale id=SAL405 status=SUCCESS
[2026-04-05 10:43:50] user=amit role=user action=ONLINE_CHECKOUT table=Sale id=SAL406 status=SUCCESS
[2026-04-05 10:43:50] user=vikram role=user action=ONLINE_CHECKOUT table=Sale id=SAL407 status=SUCCESS
[2026-04-05 10:43:50] user=rajesh role=user action=ONLINE_CHECKOUT table=Sale id=SAL408 status=SUCCESS
[2026-04-05 10:43:51] user=sneha role=user action=ONLINE_CHECKOUT table=Sale id=SAL409 status=SUCCESS
[2026-04-05 10:43:51] user=amit role=user action=ONLINE_CHECKOUT table=Sale id=SAL410 status=SUCCESS
[2026-04-05 10:43:52] user=priya role=user action=ONLINE_CHECKOUT table=Sale id=SAL411 status=SUCCESS
[2026-04-05 10:43:52] user=sneha role=user action=ONLINE_CHECKOUT table=Sale id=SAL412 status=SUCCESS
[2026-04-05 10:43:52] user=sneha role=user action=ONLINE_CHECKOUT table=Sale id=SAL413 status=SUCCESS
[2026-04-05 10:43:53] user=sneha role=user action=ONLINE_CHECKOUT table=Sale id=SAL414 status=SUCCESS
[2026-04-05 10:43:53] user=sneha role=user action=ONLINE_CHECKOUT table=Sale id=SAL415 status=SUCCESS
[2026-04-05 10:44:07] user=amit role=user action=LOGIN table=- id=- status=SUCCESS
[2026-04-05 10:44:07] user=vikram role=user action=LOGIN table=- id=- status=SUCCESS
[2026-04-05 10:44:07] user=vikram role=user action=LOGIN table=- id=- status=SUCCESS
[2026-04-05 10:44:07] user=vikram role=user action=LOGIN table=- id=- status=SUCCESS
[2026-04-05 10:44:07] user=amit role=user action=LOGIN table=- id=- status=SUCCESS
[2026-04-05 10:44:07] user=vikram role=user action=LOGIN table=- id=- status=SUCCESS
[2026-04-05 10:44:07] user=sneha role=user action=LOGIN table=- id=- status=SUCCESS
[2026-04-05 10:44:07] user=priya role=user action=LOGIN table=- id=- status=SUCCESS
[2026-04-05 10:44:07] user=sneha role=user action=LOGIN table=- id=- status=SUCCESS
[2026-04-05 10:44:07] user=amit role=user action=LOGIN table=- id=- status=SUCCESS
[2026-04-05 10:44:07] user=amit role=user action=ONLINE_CHECKOUT table=Sale id=SAL416 status=SUCCESS
[2026-04-05 10:44:08] user=rajesh role=user action=LOGIN table=- id=- status=SUCCESS
[2026-04-05 10:44:08] user=amit role=user action=LOGIN table=- id=- status=SUCCESS
[2026-04-05 10:44:08] user=priya role=user action=LOGIN table=- id=- status=SUCCESS
[2026-04-05 10:44:08] user=amit role=user action=LOGIN table=- id=- status=SUCCESS
[2026-04-05 10:44:08] user=priya role=user action=LOGIN table=- id=- status=SUCCESS
[2026-04-05 10:44:08] user=priya role=user action=LOGIN table=- id=- status=SUCCESS
[2026-04-05 10:44:08] user=sneha role=user action=LOGIN table=- id=- status=SUCCESS
[2026-04-05 10:44:08] user=priya role=user action=LOGIN table=- id=- status=SUCCESS
[2026-04-05 10:44:08] user=rajesh role=user action=ONLINE_CHECKOUT table=Sale id=SAL417 status=SUCCESS
[2026-04-05 10:44:08] user=priya role=user action=LOGIN table=- id=- status=SUCCESS
[2026-04-05 10:44:08] user=sneha role=user action=LOGIN table=- id=- status=SUCCESS
[2026-04-05 10:44:09] user=priya role=user action=LOGIN table=- id=- status=SUCCESS
[2026-04-05 10:44:09] user=priya role=user action=ONLINE_CHECKOUT table=Sale id=SAL418 status=SUCCESS
[2026-04-05 10:44:09] user=amit role=user action=LOGIN table=- id=- status=SUCCESS
[2026-04-05 10:44:09] user=amit role=user action=LOGIN table=- id=- status=SUCCESS
[2026-04-05 10:44:09] user=sneha role=user action=LOGIN table=- id=- status=SUCCESS
[2026-04-05 10:44:09] user=priya role=user action=LOGIN table=- id=- status=SUCCESS
[2026-04-05 10:44:09] user=sneha role=user action=LOGIN table=- id=- status=SUCCESS
[2026-04-05 10:44:09] user=sneha role=user action=LOGIN table=- id=- status=SUCCESS
[2026-04-05 10:44:09] user=rajesh role=user action=LOGIN table=- id=- status=SUCCESS
[2026-04-05 10:44:09] user=rajesh role=user action=LOGIN table=- id=- status=SUCCESS
[2026-04-05 10:44:09] user=rajesh role=user action=LOGIN table=- id=- status=SUCCESS
[2026-04-05 10:44:09] user=vikram role=user action=ONLINE_CHECKOUT table=Sale id=SAL419 status=SUCCESS
[2026-04-05 10:44:10] user=rajesh role=user action=LOGIN table=- id=- status=SUCCESS
[2026-04-05 10:44:10] user=priya role=user action=LOGIN table=- id=- status=SUCCESS
[2026-04-05 10:44:10] user=amit role=user action=LOGIN table=- id=- status=SUCCESS
[2026-04-05 10:44:10] user=priya role=user action=LOGIN table=- id=- status=SUCCESS
[2026-04-05 10:44:10] user=rajesh role=user action=LOGIN table=- id=- status=SUCCESS
[2026-04-05 10:44:10] user=amit role=user action=LOGIN table=- id=- status=SUCCESS
[2026-04-05 10:44:10] user=vikram role=user action=LOGIN table=- id=- status=SUCCESS
[2026-04-05 10:44:10] user=vikram role=user action=LOGIN table=- id=- status=SUCCESS
[2026-04-05 10:44:10] user=amit role=user action=LOGIN table=- id=- status=SUCCESS
[2026-04-05 10:44:10] user=priya role=user action=LOGIN table=- id=- status=SUCCESS
[2026-04-05 10:44:11] user=vikram role=user action=LOGIN table=- id=- status=SUCCESS
[2026-04-05 10:44:11] user=vikram role=user action=LOGIN table=- id=- status=SUCCESS
[2026-04-05 10:44:11] user=rajesh role=user action=LOGIN table=- id=- status=SUCCESS
[2026-04-05 10:44:11] user=priya role=user action=LOGIN table=- id=- status=SUCCESS
[2026-04-05 10:44:11] user=amit role=user action=LOGIN table=- id=- status=SUCCESS
[2026-04-05 10:44:11] user=priya role=user action=LOGIN table=- id=- status=SUCCESS
[2026-04-05 10:44:11] user=priya role=user action=LOGIN table=- id=- status=SUCCESS
[2026-04-05 10:44:11] user=rajesh role=user action=LOGIN table=- id=- status=SUCCESS
[2026-04-05 10:44:11] user=rajesh role=user action=LOGIN table=- id=- status=SUCCESS
[2026-04-05 10:44:11] user=sneha role=user action=LOGIN table=- id=- status=SUCCESS
[2026-04-05 10:44:12] user=rajesh role=user action=LOGIN table=- id=- status=SUCCESS
[2026-04-05 10:44:12] user=priya role=user action=LOGIN table=- id=- status=SUCCESS
[2026-04-05 10:44:12] user=rajesh role=user action=ONLINE_CHECKOUT table=Sale id=SAL420 status=SUCCESS
[2026-04-05 10:44:12] user=sneha role=user action=LOGIN table=- id=- status=SUCCESS
[2026-04-05 10:44:12] user=amit role=user action=LOGIN table=- id=- status=SUCCESS
[2026-04-05 10:44:12] user=vikram role=user action=LOGIN table=- id=- status=SUCCESS
[2026-04-05 10:44:12] user=priya role=user action=LOGIN table=- id=- status=SUCCESS
[2026-04-05 10:44:12] user=sneha role=user action=LOGIN table=- id=- status=SUCCESS
[2026-04-05 10:44:12] user=amit role=user action=LOGIN table=- id=- status=SUCCESS
[2026-04-05 10:44:12] user=priya role=user action=LOGIN table=- id=- status=SUCCESS
[2026-04-05 10:44:12] user=priya role=user action=LOGIN table=- id=- status=SUCCESS
[2026-04-05 10:44:12] user=priya role=user action=ONLINE_CHECKOUT table=Sale id=SAL421 status=SUCCESS
[2026-04-05 10:44:13] user=vikram role=user action=ONLINE_CHECKOUT table=Sale id=SAL422 status=SUCCESS
[2026-04-05 10:44:13] user=sneha role=user action=LOGIN table=- id=- status=SUCCESS
[2026-04-05 10:44:13] user=priya role=user action=ONLINE_CHECKOUT table=Sale id=SAL423 status=SUCCESS
[2026-04-05 10:44:13] user=vikram role=user action=LOGIN table=- id=- status=SUCCESS
[2026-04-05 10:44:13] user=vikram role=user action=LOGIN table=- id=- status=SUCCESS
[2026-04-05 10:44:13] user=vikram role=user action=ONLINE_CHECKOUT table=Sale id=SAL424 status=SUCCESS
[2026-04-05 10:44:13] user=vikram role=user action=LOGIN table=- id=- status=SUCCESS
[2026-04-05 10:44:13] user=rajesh role=user action=LOGIN table=- id=- status=SUCCESS
[2026-04-05 10:44:13] user=sneha role=user action=LOGIN table=- id=- status=SUCCESS
[2026-04-05 10:44:13] user=priya role=user action=LOGIN table=- id=- status=SUCCESS
[2026-04-05 10:44:13] user=amit role=user action=LOGIN table=- id=- status=SUCCESS
[2026-04-05 10:44:13] user=sneha role=user action=LOGIN table=- id=- status=SUCCESS
[2026-04-05 10:44:13] user=amit role=user action=LOGIN table=- id=- status=SUCCESS
[2026-04-05 10:44:14] user=amit role=user action=LOGIN table=- id=- status=SUCCESS
[2026-04-05 10:44:14] user=sneha role=user action=LOGIN table=- id=- status=SUCCESS
[2026-04-05 10:44:14] user=vikram role=user action=LOGIN table=- id=- status=SUCCESS
[2026-04-05 10:44:14] user=sneha role=user action=LOGIN table=- id=- status=SUCCESS
[2026-04-05 10:44:14] user=sneha role=user action=LOGIN table=- id=- status=SUCCESS
[2026-04-05 10:44:14] user=amit role=user action=ONLINE_CHECKOUT table=Sale id=SAL425 status=SUCCESS
[2026-04-05 10:44:14] user=sneha role=user action=LOGIN table=- id=- status=SUCCESS
[2026-04-05 10:44:14] user=rajesh role=user action=LOGIN table=- id=- status=SUCCESS
[2026-04-05 10:44:14] user=rajesh role=user action=LOGIN table=- id=- status=SUCCESS
[2026-04-05 10:44:14] user=vikram role=user action=LOGIN table=- id=- status=SUCCESS
[2026-04-05 10:44:14] user=sneha role=user action=LOGIN table=- id=- status=SUCCESS
[2026-04-05 10:44:14] user=sneha role=user action=ONLINE_CHECKOUT table=Sale id=SAL426 status=SUCCESS
[2026-04-05 10:44:15] user=rajesh role=user action=ONLINE_CHECKOUT table=Sale id=SAL427 status=SUCCESS
[2026-04-05 10:44:15] user=sneha role=user action=ONLINE_CHECKOUT table=Sale id=SAL428 status=SUCCESS
[2026-04-05 10:44:15] user=vikram role=user action=ONLINE_CHECKOUT table=Sale id=SAL429 status=SUCCESS
[2026-04-05 10:44:15] user=vikram role=user action=LOGIN table=- id=- status=SUCCESS
[2026-04-05 10:44:15] user=sneha role=user action=LOGIN table=- id=- status=SUCCESS
[2026-04-05 10:44:15] user=rajesh role=user action=LOGIN table=- id=- status=SUCCESS
[2026-04-05 10:44:15] user=priya role=user action=LOGIN table=- id=- status=SUCCESS
[2026-04-05 10:44:15] user=sneha role=user action=LOGIN table=- id=- status=SUCCESS
[2026-04-05 10:44:15] user=rajesh role=user action=LOGIN table=- id=- status=SUCCESS
[2026-04-05 10:44:15] user=sneha role=user action=LOGIN table=- id=- status=SUCCESS
[2026-04-05 10:44:15] user=rajesh role=user action=LOGIN table=- id=- status=SUCCESS
[2026-04-05 10:44:15] user=priya role=user action=LOGIN table=- id=- status=SUCCESS
[2026-04-05 10:44:15] user=rajesh role=user action=LOGIN table=- id=- status=SUCCESS
[2026-04-05 10:44:16] user=amit role=user action=ONLINE_CHECKOUT table=Sale id=SAL430 status=SUCCESS
[2026-04-05 10:44:16] user=vikram role=user action=ONLINE_CHECKOUT table=Sale id=SAL431 status=SUCCESS
[2026-04-05 10:44:16] user=sneha role=user action=LOGIN table=- id=- status=SUCCESS
[2026-04-05 10:44:16] user=sneha role=user action=ONLINE_CHECKOUT table=Sale id=SAL432 status=SUCCESS
[2026-04-05 10:44:16] user=priya role=user action=LOGIN table=- id=- status=SUCCESS
[2026-04-05 10:44:16] user=priya role=user action=LOGIN table=- id=- status=SUCCESS
[2026-04-05 10:44:16] user=rajesh role=user action=LOGIN table=- id=- status=SUCCESS
[2026-04-05 10:44:16] user=priya role=user action=LOGIN table=- id=- status=SUCCESS
[2026-04-05 10:44:16] user=rajesh role=user action=LOGIN table=- id=- status=SUCCESS
[2026-04-05 10:44:16] user=priya role=user action=LOGIN table=- id=- status=SUCCESS
[2026-04-05 10:44:16] user=sneha role=user action=LOGIN table=- id=- status=SUCCESS
[2026-04-05 10:44:16] user=vikram role=user action=LOGIN table=- id=- status=SUCCESS
[2026-04-05 10:44:16] user=rajesh role=user action=ONLINE_CHECKOUT table=Sale id=SAL433 status=SUCCESS
[2026-04-05 10:44:16] user=amit role=user action=LOGIN table=- id=- status=SUCCESS
[2026-04-05 10:44:16] user=sneha role=user action=ONLINE_CHECKOUT table=Sale id=SAL434 status=SUCCESS
[2026-04-05 10:44:17] user=sneha role=user action=ONLINE_CHECKOUT table=Sale id=SAL435 status=SUCCESS
[2026-04-05 10:44:17] user=sneha role=user action=LOGIN table=- id=- status=SUCCESS
[2026-04-05 10:44:17] user=priya role=user action=LOGIN table=- id=- status=SUCCESS
[2026-04-05 10:44:17] user=rajesh role=user action=LOGIN table=- id=- status=SUCCESS
[2026-04-05 10:44:17] user=sneha role=user action=LOGIN table=- id=- status=SUCCESS
[2026-04-05 10:44:17] user=amit role=user action=LOGIN table=- id=- status=SUCCESS
[2026-04-05 10:44:17] user=priya role=user action=LOGIN table=- id=- status=SUCCESS
[2026-04-05 10:44:17] user=amit role=user action=LOGIN table=- id=- status=SUCCESS
[2026-04-05 10:44:17] user=priya role=user action=LOGIN table=- id=- status=SUCCESS
[2026-04-05 10:44:17] user=priya role=user action=LOGIN table=- id=- status=SUCCESS
[2026-04-05 10:44:17] user=amit role=user action=ONLINE_CHECKOUT table=Sale id=SAL436 status=SUCCESS
[2026-04-05 10:44:17] user=amit role=user action=LOGIN table=- id=- status=SUCCESS
[2026-04-05 10:44:18] user=rajesh role=user action=LOGIN table=- id=- status=SUCCESS
[2026-04-05 10:44:18] user=sneha role=user action=LOGIN table=- id=- status=SUCCESS
[2026-04-05 10:44:18] user=rajesh role=user action=LOGIN table=- id=- status=SUCCESS
[2026-04-05 10:44:18] user=rajesh role=user action=LOGIN table=- id=- status=SUCCESS
[2026-04-05 10:44:18] user=rajesh role=user action=LOGIN table=- id=- status=SUCCESS
[2026-04-05 10:44:18] user=sneha role=user action=LOGIN table=- id=- status=SUCCESS
[2026-04-05 10:44:18] user=rajesh role=user action=LOGIN table=- id=- status=SUCCESS
[2026-04-05 10:44:18] user=priya role=user action=LOGIN table=- id=- status=SUCCESS
[2026-04-05 10:44:18] user=sneha role=user action=LOGIN table=- id=- status=SUCCESS
[2026-04-05 10:44:18] user=vikram role=user action=LOGIN table=- id=- status=SUCCESS
[2026-04-05 10:44:19] user=amit role=user action=ONLINE_CHECKOUT table=Sale id=SAL437 status=SUCCESS
[2026-04-05 10:44:19] user=vikram role=user action=LOGIN table=- id=- status=SUCCESS
[2026-04-05 10:44:19] user=vikram role=user action=LOGIN table=- id=- status=SUCCESS
[2026-04-05 10:44:19] user=priya role=user action=LOGIN table=- id=- status=SUCCESS
[2026-04-05 10:44:19] user=vikram role=user action=LOGIN table=- id=- status=SUCCESS
[2026-04-05 10:44:19] user=amit role=user action=LOGIN table=- id=- status=SUCCESS
[2026-04-05 10:44:19] user=vikram role=user action=LOGIN table=- id=- status=SUCCESS
[2026-04-05 10:44:19] user=amit role=user action=LOGIN table=- id=- status=SUCCESS
[2026-04-05 10:44:19] user=sneha role=user action=LOGIN table=- id=- status=SUCCESS
[2026-04-05 10:44:19] user=amit role=user action=LOGIN table=- id=- status=SUCCESS
[2026-04-05 10:44:19] user=rajesh role=user action=LOGIN table=- id=- status=SUCCESS
[2026-04-05 10:44:20] user=amit role=user action=ONLINE_CHECKOUT table=Sale id=SAL438 status=SUCCESS
[2026-04-05 10:44:20] user=rajesh role=user action=LOGIN table=- id=- status=SUCCESS
[2026-04-05 10:44:20] user=amit role=user action=LOGIN table=- id=- status=SUCCESS
[2026-04-05 10:44:20] user=sneha role=user action=LOGIN table=- id=- status=SUCCESS
[2026-04-05 10:44:20] user=rajesh role=user action=ONLINE_CHECKOUT table=Sale id=SAL439 status=SUCCESS
[2026-04-05 10:44:20] user=sneha role=user action=LOGIN table=- id=- status=SUCCESS
[2026-04-05 10:44:20] user=sneha role=user action=LOGIN table=- id=- status=SUCCESS
[2026-04-05 10:44:20] user=priya role=user action=LOGIN table=- id=- status=SUCCESS
[2026-04-05 10:44:20] user=sneha role=user action=LOGIN table=- id=- status=SUCCESS
[2026-04-05 10:44:20] user=rajesh role=user action=LOGIN table=- id=- status=SUCCESS
[2026-04-05 10:44:20] user=sneha role=user action=LOGIN table=- id=- status=SUCCESS
[2026-04-05 10:44:20] user=vikram role=user action=LOGIN table=- id=- status=SUCCESS
[2026-04-05 10:44:20] user=vikram role=user action=ONLINE_CHECKOUT table=Sale id=SAL440 status=SUCCESS
[2026-04-05 10:44:20] user=amit role=user action=ONLINE_CHECKOUT table=Sale id=SAL441 status=SUCCESS
[2026-04-05 10:44:21] user=priya role=user action=ONLINE_CHECKOUT table=Sale id=SAL442 status=SUCCESS
[2026-04-05 10:44:21] user=vikram role=user action=ONLINE_CHECKOUT table=Sale id=SAL443 status=SUCCESS
[2026-04-05 10:44:21] user=sneha role=user action=ONLINE_CHECKOUT table=Sale id=SAL444 status=SUCCESS
[2026-04-05 10:44:21] user=rajesh role=user action=ONLINE_CHECKOUT table=Sale id=SAL445 status=SUCCESS
[2026-04-05 10:44:21] user=rajesh role=user action=ONLINE_CHECKOUT table=Sale id=SAL446 status=SUCCESS
[2026-04-05 10:44:21] user=priya role=user action=ONLINE_CHECKOUT table=Sale id=SAL447 status=SUCCESS
[2026-04-05 10:44:21] user=priya role=user action=LOGIN table=- id=- status=SUCCESS
[2026-04-05 10:44:21] user=rajesh role=user action=LOGIN table=- id=- status=SUCCESS
[2026-04-05 10:44:21] user=rajesh role=user action=LOGIN table=- id=- status=SUCCESS
[2026-04-05 10:44:21] user=sneha role=user action=LOGIN table=- id=- status=SUCCESS
[2026-04-05 10:44:21] user=amit role=user action=LOGIN table=- id=- status=SUCCESS
[2026-04-05 10:44:21] user=rajesh role=user action=LOGIN table=- id=- status=SUCCESS
[2026-04-05 10:44:21] user=rajesh role=user action=LOGIN table=- id=- status=SUCCESS
[2026-04-05 10:44:21] user=vikram role=user action=LOGIN table=- id=- status=SUCCESS
[2026-04-05 10:44:21] user=priya role=user action=LOGIN table=- id=- status=SUCCESS
[2026-04-05 10:44:21] user=priya role=user action=LOGIN table=- id=- status=SUCCESS
[2026-04-05 10:44:22] user=rajesh role=user action=LOGIN table=- id=- status=SUCCESS
[2026-04-05 10:44:22] user=priya role=user action=LOGIN table=- id=- status=SUCCESS
[2026-04-05 10:44:22] user=sneha role=user action=LOGIN table=- id=- status=SUCCESS
[2026-04-05 10:44:22] user=rajesh role=user action=LOGIN table=- id=- status=SUCCESS
[2026-04-05 10:44:22] user=sneha role=user action=LOGIN table=- id=- status=SUCCESS
[2026-04-05 10:44:22] user=sneha role=user action=LOGIN table=- id=- status=SUCCESS
[2026-04-05 10:44:22] user=rajesh role=user action=LOGIN table=- id=- status=SUCCESS
[2026-04-05 10:44:22] user=priya role=user action=LOGIN table=- id=- status=SUCCESS
[2026-04-05 10:44:22] user=sneha role=user action=LOGIN table=- id=- status=SUCCESS
[2026-04-05 10:44:22] user=vikram role=user action=LOGIN table=- id=- status=SUCCESS
[2026-04-05 10:44:22] user=vikram role=user action=ONLINE_CHECKOUT table=Sale id=SAL448 status=SUCCESS
[2026-04-05 10:44:23] user=rajesh role=user action=ONLINE_CHECKOUT table=Sale id=SAL449 status=SUCCESS
[2026-04-05 10:44:23] user=vikram role=user action=ONLINE_CHECKOUT table=Sale id=SAL450 status=SUCCESS
[2026-04-05 10:44:23] user=priya role=user action=LOGIN table=- id=- status=SUCCESS
[2026-04-05 10:44:23] user=sneha role=user action=LOGIN table=- id=- status=SUCCESS
[2026-04-05 10:44:23] user=rajesh role=user action=LOGIN table=- id=- status=SUCCESS
[2026-04-05 10:44:23] user=amit role=user action=LOGIN table=- id=- status=SUCCESS
[2026-04-05 10:44:23] user=rajesh role=user action=LOGIN table=- id=- status=SUCCESS
[2026-04-05 10:44:23] user=amit role=user action=LOGIN table=- id=- status=SUCCESS
[2026-04-05 10:44:23] user=rajesh role=user action=LOGIN table=- id=- status=SUCCESS
[2026-04-05 10:44:23] user=sneha role=user action=LOGIN table=- id=- status=SUCCESS
[2026-04-05 10:44:23] user=vikram role=user action=LOGIN table=- id=- status=SUCCESS
[2026-04-05 10:44:23] user=sneha role=user action=LOGIN table=- id=- status=SUCCESS
[2026-04-05 10:44:24] user=sneha role=user action=LOGIN table=- id=- status=SUCCESS
[2026-04-05 10:44:24] user=rajesh role=user action=LOGIN table=- id=- status=SUCCESS
[2026-04-05 10:44:24] user=sneha role=user action=LOGIN table=- id=- status=SUCCESS
[2026-04-05 10:44:24] user=sneha role=user action=LOGIN table=- id=- status=SUCCESS
[2026-04-05 10:44:24] user=amit role=user action=LOGIN table=- id=- status=SUCCESS
[2026-04-05 10:44:24] user=amit role=user action=LOGIN table=- id=- status=SUCCESS
[2026-04-05 10:44:24] user=rajesh role=user action=LOGIN table=- id=- status=SUCCESS
[2026-04-05 10:44:24] user=rajesh role=user action=LOGIN table=- id=- status=SUCCESS
[2026-04-05 10:44:24] user=sneha role=user action=LOGIN table=- id=- status=SUCCESS
[2026-04-05 10:44:24] user=priya role=user action=LOGIN table=- id=- status=SUCCESS
[2026-04-05 10:44:25] user=amit role=user action=ONLINE_CHECKOUT table=Sale id=SAL451 status=SUCCESS
[2026-04-05 10:44:25] user=priya role=user action=LOGIN table=- id=- status=SUCCESS
[2026-04-05 10:44:25] user=amit role=user action=LOGIN table=- id=- status=SUCCESS
[2026-04-05 10:44:25] user=sneha role=user action=LOGIN table=- id=- status=SUCCESS
[2026-04-05 10:44:25] user=vikram role=user action=LOGIN table=- id=- status=SUCCESS
[2026-04-05 10:44:25] user=rajesh role=user action=LOGIN table=- id=- status=SUCCESS
[2026-04-05 10:44:25] user=priya role=user action=LOGIN table=- id=- status=SUCCESS
[2026-04-05 10:44:25] user=amit role=user action=LOGIN table=- id=- status=SUCCESS
[2026-04-05 10:44:25] user=priya role=user action=LOGIN table=- id=- status=SUCCESS
[2026-04-05 10:44:25] user=amit role=user action=LOGIN table=- id=- status=SUCCESS
[2026-04-05 10:44:25] user=sneha role=user action=LOGIN table=- id=- status=SUCCESS
[2026-04-05 10:44:26] user=sneha role=user action=LOGIN table=- id=- status=SUCCESS
[2026-04-05 10:44:26] user=amit role=user action=LOGIN table=- id=- status=SUCCESS
[2026-04-05 10:44:26] user=vikram role=user action=LOGIN table=- id=- status=SUCCESS
[2026-04-05 10:44:26] user=vikram role=user action=LOGIN table=- id=- status=SUCCESS
[2026-04-05 10:44:26] user=amit role=user action=LOGIN table=- id=- status=SUCCESS
[2026-04-05 10:44:26] user=priya role=user action=LOGIN table=- id=- status=SUCCESS
[2026-04-05 10:44:26] user=priya role=user action=LOGIN table=- id=- status=SUCCESS
[2026-04-05 10:44:26] user=amit role=user action=LOGIN table=- id=- status=SUCCESS
[2026-04-05 10:44:26] user=amit role=user action=LOGIN table=- id=- status=SUCCESS
[2026-04-05 10:44:26] user=priya role=user action=LOGIN table=- id=- status=SUCCESS
[2026-04-05 10:44:27] user=sneha role=user action=ONLINE_CHECKOUT table=Sale id=SAL452 status=SUCCESS
[2026-04-05 10:44:27] user=sneha role=user action=ONLINE_CHECKOUT table=Sale id=SAL453 status=SUCCESS
[2026-04-05 10:44:27] user=amit role=user action=ONLINE_CHECKOUT table=Sale id=SAL454 status=SUCCESS
[2026-04-05 10:44:28] user=rajesh role=user action=ONLINE_CHECKOUT table=Sale id=SAL455 status=SUCCESS
[2026-04-05 10:44:28] user=vikram role=user action=ONLINE_CHECKOUT table=Sale id=SAL456 status=SUCCESS
[2026-04-05 10:44:28] user=vikram role=user action=ONLINE_CHECKOUT table=Sale id=SAL457 status=SUCCESS
[2026-04-05 10:44:28] user=sneha role=user action=ONLINE_CHECKOUT table=Sale id=SAL458 status=SUCCESS
[2026-04-05 10:44:29] user=priya role=user action=ONLINE_CHECKOUT table=Sale id=SAL459 status=SUCCESS
[2026-04-05 10:44:29] user=amit role=user action=ONLINE_CHECKOUT table=Sale id=SAL460 status=SUCCESS
[2026-04-05 10:44:30] user=rajesh role=user action=ONLINE_CHECKOUT table=Sale id=SAL461 status=SUCCESS
[2026-04-05 10:44:30] user=amit role=user action=ONLINE_CHECKOUT table=Sale id=SAL462 status=SUCCESS
[2026-04-05 10:44:30] user=sneha role=user action=ONLINE_CHECKOUT table=Sale id=SAL463 status=SUCCESS
[2026-04-05 10:44:31] user=sneha role=user action=ONLINE_CHECKOUT table=Sale id=SAL464 status=SUCCESS
[2026-04-05 10:44:31] user=priya role=user action=ONLINE_CHECKOUT table=Sale id=SAL465 status=SUCCESS
[2026-04-05 10:44:31] user=amit role=user action=ONLINE_CHECKOUT table=Sale id=SAL466 status=SUCCESS
[2026-04-05 10:44:31] user=sneha role=user action=ONLINE_CHECKOUT table=Sale id=SAL467 status=SUCCESS
[2026-04-05 10:44:32] user=rajesh role=user action=ONLINE_CHECKOUT table=Sale id=SAL468 status=SUCCESS
[2026-04-05 10:44:32] user=priya role=user action=ONLINE_CHECKOUT table=Sale id=SAL469 status=SUCCESS
[2026-04-05 10:44:32] user=rajesh role=user action=ONLINE_CHECKOUT table=Sale id=SAL470 status=SUCCESS
[2026-04-05 10:44:33] user=amit role=user action=ONLINE_CHECKOUT table=Sale id=SAL471 status=SUCCESS
[2026-04-05 10:44:33] user=vikram role=user action=ONLINE_CHECKOUT table=Sale id=SAL472 status=SUCCESS
[2026-04-05 10:44:33] user=vikram role=user action=ONLINE_CHECKOUT table=Sale id=SAL473 status=SUCCESS
[2026-04-05 10:44:34] user=sneha role=user action=ONLINE_CHECKOUT table=Sale id=SAL474 status=SUCCESS
[2026-04-05 10:44:34] user=sneha role=user action=ONLINE_CHECKOUT table=Sale id=SAL475 status=SUCCESS
[2026-04-05 10:44:34] user=priya role=user action=ONLINE_CHECKOUT table=Sale id=SAL476 status=SUCCESS
[2026-04-05 10:44:35] user=rajesh role=user action=ONLINE_CHECKOUT table=Sale id=SAL477 status=SUCCESS
[2026-04-05 10:44:35] user=sneha role=user action=ONLINE_CHECKOUT table=Sale id=SAL478 status=SUCCESS
[2026-04-05 10:44:35] user=vikram role=user action=ONLINE_CHECKOUT table=Sale id=SAL479 status=SUCCESS
[2026-04-05 10:44:36] user=sneha role=user action=ONLINE_CHECKOUT table=Sale id=SAL480 status=SUCCESS
[2026-04-05 10:44:36] user=rajesh role=user action=ONLINE_CHECKOUT table=Sale id=SAL481 status=SUCCESS
[2026-04-05 10:44:36] user=amit role=user action=ONLINE_CHECKOUT table=Sale id=SAL482 status=SUCCESS
[2026-04-05 10:44:37] user=rajesh role=user action=ONLINE_CHECKOUT table=Sale id=SAL483 status=SUCCESS
[2026-04-05 10:44:38] user=vikram role=user action=ONLINE_CHECKOUT table=Sale id=SAL484 status=SUCCESS
[2026-04-05 10:44:39] user=rajesh role=user action=ONLINE_CHECKOUT table=Sale id=SAL485 status=SUCCESS
[2026-04-05 10:44:39] user=amit role=user action=ONLINE_CHECKOUT table=Sale id=SAL486 status=SUCCESS
[2026-04-05 10:44:39] user=amit role=user action=ONLINE_CHECKOUT table=Sale id=SAL487 status=SUCCESS
[2026-04-05 10:44:39] user=priya role=user action=ONLINE_CHECKOUT table=Sale id=SAL488 status=SUCCESS
[2026-04-05 10:44:39] user=sneha role=user action=ONLINE_CHECKOUT table=Sale id=SAL489 status=SUCCESS
[2026-04-05 10:44:40] user=priya role=user action=ONLINE_CHECKOUT table=Sale id=SAL490 status=SUCCESS
[2026-04-05 10:44:40] user=vikram role=user action=ONLINE_CHECKOUT table=Sale id=SAL491 status=SUCCESS
[2026-04-05 10:44:41] user=sneha role=user action=ONLINE_CHECKOUT table=Sale id=SAL492 status=SUCCESS
[2026-04-05 10:44:41] user=priya role=user action=ONLINE_CHECKOUT table=Sale id=SAL493 status=SUCCESS
[2026-04-05 10:44:41] user=rajesh role=user action=ONLINE_CHECKOUT table=Sale id=SAL494 status=SUCCESS
[2026-04-05 10:44:42] user=sneha role=user action=ONLINE_CHECKOUT table=Sale id=SAL495 status=SUCCESS
[2026-04-05 10:44:43] user=priya role=user action=ONLINE_CHECKOUT table=Sale id=SAL496 status=SUCCESS
[2026-04-05 10:44:43] user=rajesh role=user action=ONLINE_CHECKOUT table=Sale id=SAL497 status=SUCCESS
[2026-04-05 10:44:44] user=sneha role=user action=ONLINE_CHECKOUT table=Sale id=SAL498 status=SUCCESS
[2026-04-05 10:44:44] user=sneha role=user action=ONLINE_CHECKOUT table=Sale id=SAL499 status=SUCCESS
[2026-04-05 10:44:45] user=priya role=user action=ONLINE_CHECKOUT table=Sale id=SAL500 status=SUCCESS
[2026-04-05 10:44:46] user=rajesh role=user action=ONLINE_CHECKOUT table=Sale id=SAL501 status=SUCCESS
[2026-04-05 10:44:46] user=priya role=user action=ONLINE_CHECKOUT table=Sale id=SAL502 status=SUCCESS
[2026-04-05 10:44:46] user=rajesh role=user action=ONLINE_CHECKOUT table=Sale id=SAL503 status=SUCCESS
[2026-04-05 10:44:46] user=sneha role=user action=ONLINE_CHECKOUT table=Sale id=SAL504 status=SUCCESS
[2026-04-05 10:44:47] user=rajesh role=user action=ONLINE_CHECKOUT table=Sale id=SAL505 status=SUCCESS
[2026-04-05 10:44:47] user=amit role=user action=ONLINE_CHECKOUT table=Sale id=SAL506 status=SUCCESS
[2026-04-05 10:44:47] user=sneha role=user action=ONLINE_CHECKOUT table=Sale id=SAL507 status=SUCCESS
[2026-04-05 10:44:47] user=rajesh role=user action=ONLINE_CHECKOUT table=Sale id=SAL508 status=SUCCESS
[2026-04-05 10:44:48] user=priya role=user action=ONLINE_CHECKOUT table=Sale id=SAL509 status=SUCCESS
[2026-04-05 10:44:48] user=amit role=user action=ONLINE_CHECKOUT table=Sale id=SAL510 status=SUCCESS
[2026-04-05 10:44:48] user=sneha role=user action=ONLINE_CHECKOUT table=Sale id=SAL511 status=SUCCESS
[2026-04-05 10:44:51] user=sneha role=user action=ONLINE_CHECKOUT table=Sale id=SAL512 status=SUCCESS
[2026-04-05 10:44:51] user=amit role=user action=ONLINE_CHECKOUT table=Sale id=SAL513 status=SUCCESS
[2026-04-05 10:44:51] user=priya role=user action=ONLINE_CHECKOUT table=Sale id=SAL514 status=SUCCESS
[2026-04-05 10:44:51] user=priya role=user action=ONLINE_CHECKOUT table=Sale id=SAL515 status=SUCCESS
[2026-04-05 10:44:52] user=amit role=user action=ONLINE_CHECKOUT table=Sale id=SAL516 status=SUCCESS
[2026-04-05 10:44:52] user=sneha role=user action=ONLINE_CHECKOUT table=Sale id=SAL517 status=SUCCESS
[2026-04-05 10:44:52] user=sneha role=user action=ONLINE_CHECKOUT table=Sale id=SAL518 status=SUCCESS
[2026-04-05 10:44:53] user=amit role=user action=ONLINE_CHECKOUT table=Sale id=SAL519 status=SUCCESS
[2026-04-05 10:44:53] user=amit role=user action=ONLINE_CHECKOUT table=Sale id=SAL520 status=SUCCESS
[2026-04-05 10:44:53] user=sneha role=user action=ONLINE_CHECKOUT table=Sale id=SAL521 status=SUCCESS
[2026-04-05 10:44:54] user=rajesh role=user action=ONLINE_CHECKOUT table=Sale id=SAL522 status=SUCCESS
[2026-04-05 10:44:54] user=priya role=user action=ONLINE_CHECKOUT table=Sale id=SAL523 status=SUCCESS
[2026-04-05 10:44:54] user=vikram role=user action=ONLINE_CHECKOUT table=Sale id=SAL524 status=SUCCESS
[2026-04-05 10:44:55] user=amit role=user action=ONLINE_CHECKOUT table=Sale id=SAL525 status=SUCCESS
[2026-04-05 10:44:55] user=sneha role=user action=ONLINE_CHECKOUT table=Sale id=SAL526 status=SUCCESS
[2026-04-05 10:44:56] user=amit role=user action=ONLINE_CHECKOUT table=Sale id=SAL527 status=SUCCESS
[2026-04-05 10:44:56] user=amit role=user action=ONLINE_CHECKOUT table=Sale id=SAL528 status=SUCCESS
[2026-04-05 10:44:56] user=vikram role=user action=ONLINE_CHECKOUT table=Sale id=SAL529 status=SUCCESS
[2026-04-05 10:44:57] user=rajesh role=user action=ONLINE_CHECKOUT table=Sale id=SAL530 status=SUCCESS
[2026-04-05 10:44:58] user=amit role=user action=ONLINE_CHECKOUT table=Sale id=SAL531 status=SUCCESS
[2026-04-05 10:44:59] user=amit role=user action=ONLINE_CHECKOUT table=Sale id=SAL532 status=SUCCESS
[2026-04-05 10:44:59] user=sneha role=user action=ONLINE_CHECKOUT table=Sale id=SAL533 status=SUCCESS
[2026-04-05 10:46:12] user=rajesh role=user action=LOGIN table=- id=- status=SUCCESS
[2026-04-05 10:46:12] user=amit role=user action=LOGIN table=- id=- status=SUCCESS
[2026-04-05 10:46:12] user=sneha role=user action=LOGIN table=- id=- status=SUCCESS
[2026-04-05 10:46:12] user=vikram role=user action=LOGIN table=- id=- status=SUCCESS
[2026-04-05 10:46:12] user=amit role=user action=LOGIN table=- id=- status=SUCCESS
[2026-04-05 10:46:12] user=vikram role=user action=LOGIN table=- id=- status=SUCCESS
[2026-04-05 10:46:12] user=vikram role=user action=LOGIN table=- id=- status=SUCCESS
[2026-04-05 10:46:12] user=priya role=user action=LOGIN table=- id=- status=SUCCESS
[2026-04-05 10:46:12] user=rajesh role=user action=LOGIN table=- id=- status=SUCCESS
[2026-04-05 10:46:12] user=amit role=user action=LOGIN table=- id=- status=SUCCESS
[2026-04-05 10:46:13] user=priya role=user action=LOGIN table=- id=- status=SUCCESS
[2026-04-05 10:46:13] user=rajesh role=user action=LOGIN table=- id=- status=SUCCESS
[2026-04-05 10:46:13] user=amit role=user action=LOGIN table=- id=- status=SUCCESS
[2026-04-05 10:46:13] user=vikram role=user action=LOGIN table=- id=- status=SUCCESS
[2026-04-05 10:46:13] user=vikram role=user action=LOGIN table=- id=- status=SUCCESS
[2026-04-05 10:46:13] user=priya role=user action=LOGIN table=- id=- status=SUCCESS
[2026-04-05 10:46:13] user=sneha role=user action=LOGIN table=- id=- status=SUCCESS
[2026-04-05 10:46:13] user=amit role=user action=LOGIN table=- id=- status=SUCCESS
[2026-04-05 10:46:13] user=vikram role=user action=LOGIN table=- id=- status=SUCCESS
[2026-04-05 10:46:13] user=rajesh role=user action=LOGIN table=- id=- status=SUCCESS
[2026-04-05 10:46:14] user=amit role=user action=LOGIN table=- id=- status=SUCCESS
[2026-04-05 10:46:14] user=priya role=user action=LOGIN table=- id=- status=SUCCESS
[2026-04-05 10:46:14] user=amit role=user action=LOGIN table=- id=- status=SUCCESS
[2026-04-05 10:46:14] user=vikram role=user action=LOGIN table=- id=- status=SUCCESS
[2026-04-05 10:46:14] user=amit role=user action=LOGIN table=- id=- status=SUCCESS
[2026-04-05 10:46:14] user=rajesh role=user action=LOGIN table=- id=- status=SUCCESS
[2026-04-05 10:46:14] user=rajesh role=user action=LOGIN table=- id=- status=SUCCESS
[2026-04-05 10:46:14] user=priya role=user action=LOGIN table=- id=- status=SUCCESS
[2026-04-05 10:46:14] user=sneha role=user action=LOGIN table=- id=- status=SUCCESS
[2026-04-05 10:46:14] user=priya role=user action=LOGIN table=- id=- status=SUCCESS
[2026-04-05 10:46:15] user=rajesh role=user action=LOGIN table=- id=- status=SUCCESS
[2026-04-05 10:46:15] user=sneha role=user action=LOGIN table=- id=- status=SUCCESS
[2026-04-05 10:46:15] user=sneha role=user action=LOGIN table=- id=- status=SUCCESS
[2026-04-05 10:46:15] user=amit role=user action=LOGIN table=- id=- status=SUCCESS
[2026-04-05 10:46:15] user=amit role=user action=LOGIN table=- id=- status=SUCCESS
[2026-04-05 10:46:15] user=priya role=user action=LOGIN table=- id=- status=SUCCESS
[2026-04-05 10:46:15] user=sneha role=user action=LOGIN table=- id=- status=SUCCESS
[2026-04-05 10:46:15] user=vikram role=user action=LOGIN table=- id=- status=SUCCESS
[2026-04-05 10:46:15] user=rajesh role=user action=LOGIN table=- id=- status=SUCCESS
[2026-04-05 10:46:15] user=sneha role=user action=LOGIN table=- id=- status=SUCCESS
[2026-04-05 10:46:16] user=priya role=user action=LOGIN table=- id=- status=SUCCESS
[2026-04-05 10:46:16] user=priya role=user action=LOGIN table=- id=- status=SUCCESS
[2026-04-05 10:46:16] user=priya role=user action=LOGIN table=- id=- status=SUCCESS
[2026-04-05 10:46:16] user=vikram role=user action=LOGIN table=- id=- status=SUCCESS
[2026-04-05 10:46:16] user=amit role=user action=LOGIN table=- id=- status=SUCCESS
[2026-04-05 10:46:16] user=sneha role=user action=LOGIN table=- id=- status=SUCCESS
[2026-04-05 10:46:16] user=rajesh role=user action=LOGIN table=- id=- status=SUCCESS
[2026-04-05 10:46:16] user=priya role=user action=LOGIN table=- id=- status=SUCCESS
[2026-04-05 10:46:16] user=vikram role=user action=LOGIN table=- id=- status=SUCCESS
[2026-04-05 10:46:16] user=priya role=user action=LOGIN table=- id=- status=SUCCESS
[2026-04-05 10:46:17] user=amit role=user action=LOGIN table=- id=- status=SUCCESS
[2026-04-05 10:46:17] user=vikram role=user action=LOGIN table=- id=- status=SUCCESS
[2026-04-05 10:46:17] user=vikram role=user action=LOGIN table=- id=- status=SUCCESS
[2026-04-05 10:46:17] user=vikram role=user action=LOGIN table=- id=- status=SUCCESS
[2026-04-05 10:46:17] user=amit role=user action=LOGIN table=- id=- status=SUCCESS
[2026-04-05 10:46:17] user=vikram role=user action=LOGIN table=- id=- status=SUCCESS
[2026-04-05 10:46:17] user=amit role=user action=LOGIN table=- id=- status=SUCCESS
[2026-04-05 10:46:17] user=vikram role=user action=LOGIN table=- id=- status=SUCCESS
[2026-04-05 10:46:17] user=sneha role=user action=LOGIN table=- id=- status=SUCCESS
[2026-04-05 10:46:17] user=sneha role=user action=LOGIN table=- id=- status=SUCCESS
[2026-04-05 10:46:18] user=rajesh role=user action=LOGIN table=- id=- status=SUCCESS
[2026-04-05 10:46:18] user=rajesh role=user action=LOGIN table=- id=- status=SUCCESS
[2026-04-05 10:46:18] user=amit role=user action=LOGIN table=- id=- status=SUCCESS
[2026-04-05 10:46:18] user=priya role=user action=LOGIN table=- id=- status=SUCCESS
[2026-04-05 10:46:18] user=amit role=user action=LOGIN table=- id=- status=SUCCESS
[2026-04-05 10:46:18] user=sneha role=user action=LOGIN table=- id=- status=SUCCESS
[2026-04-05 10:46:18] user=rajesh role=user action=LOGIN table=- id=- status=SUCCESS
[2026-04-05 10:46:18] user=rajesh role=user action=LOGIN table=- id=- status=SUCCESS
[2026-04-05 10:46:18] user=vikram role=user action=LOGIN table=- id=- status=SUCCESS
[2026-04-05 10:46:18] user=amit role=user action=LOGIN table=- id=- status=SUCCESS
[2026-04-05 10:46:19] user=amit role=user action=LOGIN table=- id=- status=SUCCESS
[2026-04-05 10:46:19] user=sneha role=user action=LOGIN table=- id=- status=SUCCESS
[2026-04-05 10:46:19] user=sneha role=user action=LOGIN table=- id=- status=SUCCESS
[2026-04-05 10:46:19] user=priya role=user action=LOGIN table=- id=- status=SUCCESS
[2026-04-05 10:46:19] user=priya role=user action=LOGIN table=- id=- status=SUCCESS
[2026-04-05 10:46:19] user=amit role=user action=LOGIN table=- id=- status=SUCCESS
[2026-04-05 10:46:19] user=vikram role=user action=LOGIN table=- id=- status=SUCCESS
[2026-04-05 10:46:19] user=priya role=user action=LOGIN table=- id=- status=SUCCESS
[2026-04-05 10:46:19] user=vikram role=user action=LOGIN table=- id=- status=SUCCESS
[2026-04-05 10:46:19] user=vikram role=user action=LOGIN table=- id=- status=SUCCESS
[2026-04-05 10:46:20] user=vikram role=user action=LOGIN table=- id=- status=SUCCESS
[2026-04-05 10:46:20] user=amit role=user action=LOGIN table=- id=- status=SUCCESS
[2026-04-05 10:46:20] user=rajesh role=user action=LOGIN table=- id=- status=SUCCESS
[2026-04-05 10:46:20] user=amit role=user action=LOGIN table=- id=- status=SUCCESS
[2026-04-05 10:46:20] user=priya role=user action=LOGIN table=- id=- status=SUCCESS
[2026-04-05 10:46:20] user=vikram role=user action=LOGIN table=- id=- status=SUCCESS
[2026-04-05 10:46:20] user=priya role=user action=LOGIN table=- id=- status=SUCCESS
[2026-04-05 10:46:20] user=amit role=user action=LOGIN table=- id=- status=SUCCESS
[2026-04-05 10:46:20] user=amit role=user action=LOGIN table=- id=- status=SUCCESS
[2026-04-05 10:46:20] user=vikram role=user action=LOGIN table=- id=- status=SUCCESS
[2026-04-05 10:46:21] user=priya role=user action=LOGIN table=- id=- status=SUCCESS
[2026-04-05 10:46:21] user=priya role=user action=LOGIN table=- id=- status=SUCCESS
[2026-04-05 10:46:21] user=rajesh role=user action=LOGIN table=- id=- status=SUCCESS
[2026-04-05 10:46:21] user=rajesh role=user action=LOGIN table=- id=- status=SUCCESS
[2026-04-05 10:46:21] user=rajesh role=user action=LOGIN table=- id=- status=SUCCESS
[2026-04-05 10:46:21] user=priya role=user action=LOGIN table=- id=- status=SUCCESS
[2026-04-05 10:46:21] user=rajesh role=user action=LOGIN table=- id=- status=SUCCESS
[2026-04-05 10:46:21] user=priya role=user action=LOGIN table=- id=- status=SUCCESS
[2026-04-05 10:46:21] user=rajesh role=user action=LOGIN table=- id=- status=SUCCESS
[2026-04-05 10:46:21] user=rajesh role=user action=LOGIN table=- id=- status=SUCCESS
[2026-04-05 10:46:22] user=rajesh role=user action=LOGIN table=- id=- status=SUCCESS
[2026-04-05 10:46:22] user=amit role=user action=LOGIN table=- id=- status=SUCCESS
[2026-04-05 10:46:22] user=rajesh role=user action=LOGIN table=- id=- status=SUCCESS
[2026-04-05 10:46:22] user=rajesh role=user action=LOGIN table=- id=- status=SUCCESS
[2026-04-05 10:46:22] user=amit role=user action=LOGIN table=- id=- status=SUCCESS
[2026-04-05 10:46:22] user=priya role=user action=LOGIN table=- id=- status=SUCCESS
[2026-04-05 10:46:22] user=vikram role=user action=LOGIN table=- id=- status=SUCCESS
[2026-04-05 10:46:22] user=amit role=user action=LOGIN table=- id=- status=SUCCESS
[2026-04-05 10:46:22] user=rajesh role=user action=LOGIN table=- id=- status=SUCCESS
[2026-04-05 10:46:22] user=sneha role=user action=LOGIN table=- id=- status=SUCCESS
[2026-04-05 10:46:23] user=sneha role=user action=LOGIN table=- id=- status=SUCCESS
[2026-04-05 10:46:23] user=vikram role=user action=LOGIN table=- id=- status=SUCCESS
[2026-04-05 10:46:23] user=rajesh role=user action=LOGIN table=- id=- status=SUCCESS
[2026-04-05 10:46:23] user=amit role=user action=LOGIN table=- id=- status=SUCCESS
[2026-04-05 10:46:23] user=amit role=user action=LOGIN table=- id=- status=SUCCESS
[2026-04-05 10:46:23] user=priya role=user action=LOGIN table=- id=- status=SUCCESS
[2026-04-05 10:46:23] user=sneha role=user action=LOGIN table=- id=- status=SUCCESS
[2026-04-05 10:46:23] user=vikram role=user action=LOGIN table=- id=- status=SUCCESS
[2026-04-05 10:46:23] user=amit role=user action=LOGIN table=- id=- status=SUCCESS
[2026-04-05 10:46:23] user=rajesh role=user action=LOGIN table=- id=- status=SUCCESS
[2026-04-05 10:46:24] user=rajesh role=user action=LOGIN table=- id=- status=SUCCESS
[2026-04-05 10:46:24] user=amit role=user action=LOGIN table=- id=- status=SUCCESS
[2026-04-05 10:46:24] user=rajesh role=user action=LOGIN table=- id=- status=SUCCESS
[2026-04-05 10:46:24] user=rajesh role=user action=LOGIN table=- id=- status=SUCCESS
[2026-04-05 10:46:24] user=rajesh role=user action=LOGIN table=- id=- status=SUCCESS
[2026-04-05 10:46:24] user=rajesh role=user action=LOGIN table=- id=- status=SUCCESS
[2026-04-05 10:46:24] user=rajesh role=user action=LOGIN table=- id=- status=SUCCESS
[2026-04-05 10:46:24] user=vikram role=user action=LOGIN table=- id=- status=SUCCESS
[2026-04-05 10:46:24] user=priya role=user action=LOGIN table=- id=- status=SUCCESS
[2026-04-05 10:46:24] user=priya role=user action=LOGIN table=- id=- status=SUCCESS
[2026-04-05 10:46:25] user=rajesh role=user action=LOGIN table=- id=- status=SUCCESS
[2026-04-05 10:46:25] user=amit role=user action=LOGIN table=- id=- status=SUCCESS
[2026-04-05 10:46:25] user=vikram role=user action=LOGIN table=- id=- status=SUCCESS
[2026-04-05 10:46:25] user=vikram role=user action=LOGIN table=- id=- status=SUCCESS
[2026-04-05 10:46:25] user=rajesh role=user action=LOGIN table=- id=- status=SUCCESS
[2026-04-05 10:46:25] user=sneha role=user action=LOGIN table=- id=- status=SUCCESS
[2026-04-05 10:46:25] user=priya role=user action=LOGIN table=- id=- status=SUCCESS
[2026-04-05 10:46:25] user=priya role=user action=LOGIN table=- id=- status=SUCCESS
[2026-04-05 10:46:25] user=sneha role=user action=LOGIN table=- id=- status=SUCCESS
[2026-04-05 10:46:25] user=amit role=user action=LOGIN table=- id=- status=SUCCESS
[2026-04-05 10:46:26] user=priya role=user action=LOGIN table=- id=- status=SUCCESS
[2026-04-05 10:46:26] user=rajesh role=user action=LOGIN table=- id=- status=SUCCESS
[2026-04-05 10:46:26] user=amit role=user action=LOGIN table=- id=- status=SUCCESS
[2026-04-05 10:46:26] user=sneha role=user action=LOGIN table=- id=- status=SUCCESS
[2026-04-05 10:46:26] user=rajesh role=user action=LOGIN table=- id=- status=SUCCESS
[2026-04-05 10:46:26] user=rajesh role=user action=LOGIN table=- id=- status=SUCCESS
[2026-04-05 10:46:26] user=rajesh role=user action=LOGIN table=- id=- status=SUCCESS
[2026-04-05 10:46:26] user=rajesh role=user action=LOGIN table=- id=- status=SUCCESS
[2026-04-05 10:46:26] user=amit role=user action=LOGIN table=- id=- status=SUCCESS
[2026-04-05 10:46:26] user=vikram role=user action=LOGIN table=- id=- status=SUCCESS
[2026-04-05 10:46:27] user=sneha role=user action=LOGIN table=- id=- status=SUCCESS
[2026-04-05 10:46:27] user=vikram role=user action=LOGIN table=- id=- status=SUCCESS
[2026-04-05 10:46:27] user=sneha role=user action=LOGIN table=- id=- status=SUCCESS
[2026-04-05 10:46:27] user=amit role=user action=LOGIN table=- id=- status=SUCCESS
[2026-04-05 10:46:27] user=amit role=user action=LOGIN table=- id=- status=SUCCESS
[2026-04-05 10:46:27] user=rajesh role=user action=LOGIN table=- id=- status=SUCCESS
[2026-04-05 10:46:27] user=priya role=user action=LOGIN table=- id=- status=SUCCESS
[2026-04-05 10:46:27] user=priya role=user action=LOGIN table=- id=- status=SUCCESS
[2026-04-05 10:46:27] user=amit role=user action=LOGIN table=- id=- status=SUCCESS
[2026-04-05 10:46:27] user=priya role=user action=LOGIN table=- id=- status=SUCCESS
[2026-04-05 10:46:28] user=rajesh role=user action=LOGIN table=- id=- status=SUCCESS
[2026-04-05 10:46:28] user=vikram role=user action=LOGIN table=- id=- status=SUCCESS
[2026-04-05 10:46:28] user=rajesh role=user action=LOGIN table=- id=- status=SUCCESS
[2026-04-05 10:46:28] user=amit role=user action=LOGIN table=- id=- status=SUCCESS
[2026-04-05 10:46:28] user=vikram role=user action=LOGIN table=- id=- status=SUCCESS
[2026-04-05 10:46:28] user=rajesh role=user action=LOGIN table=- id=- status=SUCCESS
[2026-04-05 10:46:28] user=rajesh role=user action=LOGIN table=- id=- status=SUCCESS
[2026-04-05 10:46:28] user=amit role=user action=LOGIN table=- id=- status=SUCCESS
[2026-04-05 10:46:28] user=vikram role=user action=LOGIN table=- id=- status=SUCCESS
[2026-04-05 10:46:28] user=priya role=user action=LOGIN table=- id=- status=SUCCESS
[2026-04-05 10:46:29] user=amit role=user action=LOGIN table=- id=- status=SUCCESS
[2026-04-05 10:46:29] user=amit role=user action=LOGIN table=- id=- status=SUCCESS
[2026-04-05 10:46:29] user=priya role=user action=LOGIN table=- id=- status=SUCCESS
[2026-04-05 10:46:29] user=amit role=user action=LOGIN table=- id=- status=SUCCESS
[2026-04-05 10:46:29] user=sneha role=user action=LOGIN table=- id=- status=SUCCESS
[2026-04-05 10:46:29] user=rajesh role=user action=LOGIN table=- id=- status=SUCCESS
[2026-04-05 10:46:29] user=amit role=user action=LOGIN table=- id=- status=SUCCESS
[2026-04-05 10:46:29] user=amit role=user action=LOGIN table=- id=- status=SUCCESS
[2026-04-05 10:46:29] user=priya role=user action=LOGIN table=- id=- status=SUCCESS
[2026-04-05 10:46:29] user=priya role=user action=LOGIN table=- id=- status=SUCCESS
[2026-04-05 10:46:30] user=rajesh role=user action=LOGIN table=- id=- status=SUCCESS
[2026-04-05 10:46:30] user=sneha role=user action=LOGIN table=- id=- status=SUCCESS
[2026-04-05 10:46:30] user=vikram role=user action=LOGIN table=- id=- status=SUCCESS
[2026-04-05 10:46:30] user=priya role=user action=LOGIN table=- id=- status=SUCCESS
[2026-04-05 10:46:30] user=rajesh role=user action=LOGIN table=- id=- status=SUCCESS
[2026-04-05 10:46:30] user=amit role=user action=LOGIN table=- id=- status=SUCCESS
[2026-04-05 10:46:30] user=vikram role=user action=LOGIN table=- id=- status=SUCCESS
[2026-04-05 10:46:30] user=priya role=user action=LOGIN table=- id=- status=SUCCESS
[2026-04-05 10:46:30] user=amit role=user action=LOGIN table=- id=- status=SUCCESS
[2026-04-05 10:46:30] user=amit role=user action=LOGIN table=- id=- status=SUCCESS
[2026-04-05 10:46:31] user=sneha role=user action=LOGIN table=- id=- status=SUCCESS
[2026-04-05 10:46:31] user=amit role=user action=LOGIN table=- id=- status=SUCCESS
[2026-04-05 10:46:31] user=vikram role=user action=LOGIN table=- id=- status=SUCCESS
[2026-04-05 10:46:31] user=sneha role=user action=LOGIN table=- id=- status=SUCCESS
[2026-04-05 10:46:31] user=rajesh role=user action=LOGIN table=- id=- status=SUCCESS
[2026-04-05 10:46:31] user=priya role=user action=LOGIN table=- id=- status=SUCCESS
[2026-04-05 10:46:31] user=sneha role=user action=LOGIN table=- id=- status=SUCCESS
[2026-04-05 10:46:31] user=amit role=user action=LOGIN table=- id=- status=SUCCESS
[2026-04-05 10:46:31] user=sneha role=user action=LOGIN table=- id=- status=SUCCESS
[2026-04-05 10:46:31] user=vikram role=user action=LOGIN table=- id=- status=SUCCESS
[2026-04-05 10:46:32] user=rajesh role=user action=LOGIN table=- id=- status=SUCCESS
[2026-04-05 10:46:32] user=vikram role=user action=LOGIN table=- id=- status=SUCCESS
[2026-04-05 10:46:32] user=priya role=user action=LOGIN table=- id=- status=SUCCESS
[2026-04-05 10:46:32] user=sneha role=user action=LOGIN table=- id=- status=SUCCESS
[2026-04-05 10:46:32] user=amit role=user action=LOGIN table=- id=- status=SUCCESS
[2026-04-05 10:46:32] user=sneha role=user action=LOGIN table=- id=- status=SUCCESS
[2026-04-05 10:46:32] user=amit role=user action=LOGIN table=- id=- status=SUCCESS
[2026-04-05 10:46:32] user=rajesh role=user action=LOGIN table=- id=- status=SUCCESS
[2026-04-05 10:46:32] user=rajesh role=user action=LOGIN table=- id=- status=SUCCESS
[2026-04-05 10:46:32] user=sneha role=user action=LOGIN table=- id=- status=SUCCESS
[2026-04-05 10:46:33] user=priya role=user action=LOGIN table=- id=- status=SUCCESS
[2026-04-05 10:46:33] user=amit role=user action=LOGIN table=- id=- status=SUCCESS
[2026-04-05 10:46:33] user=sneha role=user action=LOGIN table=- id=- status=SUCCESS
[2026-04-05 10:46:33] user=rajesh role=user action=LOGIN table=- id=- status=SUCCESS
[2026-04-05 10:46:33] user=rajesh role=user action=LOGIN table=- id=- status=SUCCESS
[2026-04-05 10:46:33] user=rajesh role=user action=LOGIN table=- id=- status=SUCCESS
[2026-04-05 10:46:33] user=priya role=user action=LOGIN table=- id=- status=SUCCESS
[2026-04-05 10:46:33] user=priya role=user action=LOGIN table=- id=- status=SUCCESS
[2026-04-05 10:46:33] user=sneha role=user action=LOGIN table=- id=- status=SUCCESS
[2026-04-05 10:46:33] user=amit role=user action=LOGIN table=- id=- status=SUCCESS
[2026-04-05 10:46:34] user=amit role=user action=LOGIN table=- id=- status=SUCCESS
[2026-04-05 10:46:34] user=priya role=user action=LOGIN table=- id=- status=SUCCESS
[2026-04-05 10:46:34] user=amit role=user action=LOGIN table=- id=- status=SUCCESS
[2026-04-05 10:46:34] user=rajesh role=user action=LOGIN table=- id=- status=SUCCESS
[2026-04-05 10:46:34] user=priya role=user action=LOGIN table=- id=- status=SUCCESS
[2026-04-05 10:46:34] user=priya role=user action=LOGIN table=- id=- status=SUCCESS
[2026-04-05 10:46:34] user=sneha role=user action=LOGIN table=- id=- status=SUCCESS
[2026-04-05 10:46:34] user=amit role=user action=LOGIN table=- id=- status=SUCCESS
[2026-04-05 10:46:34] user=amit role=user action=LOGIN table=- id=- status=SUCCESS
[2026-04-05 10:46:34] user=priya role=user action=LOGIN table=- id=- status=SUCCESS
[2026-04-05 10:46:35] user=amit role=user action=LOGIN table=- id=- status=SUCCESS
[2026-04-05 10:46:35] user=vikram role=user action=LOGIN table=- id=- status=SUCCESS
[2026-04-05 10:46:35] user=priya role=user action=LOGIN table=- id=- status=SUCCESS
[2026-04-05 10:46:35] user=sneha role=user action=LOGIN table=- id=- status=SUCCESS
[2026-04-05 10:46:35] user=priya role=user action=LOGIN table=- id=- status=SUCCESS
[2026-04-05 10:46:35] user=amit role=user action=LOGIN table=- id=- status=SUCCESS
[2026-04-05 10:46:35] user=amit role=user action=LOGIN table=- id=- status=SUCCESS
[2026-04-05 10:46:35] user=priya role=user action=LOGIN table=- id=- status=SUCCESS
[2026-04-05 10:46:35] user=rajesh role=user action=LOGIN table=- id=- status=SUCCESS
[2026-04-05 10:46:35] user=rajesh role=user action=LOGIN table=- id=- status=SUCCESS
[2026-04-05 10:46:36] user=amit role=user action=LOGIN table=- id=- status=SUCCESS
[2026-04-05 10:46:36] user=sneha role=user action=LOGIN table=- id=- status=SUCCESS
[2026-04-05 10:46:36] user=amit role=user action=LOGIN table=- id=- status=SUCCESS
[2026-04-05 10:46:36] user=vikram role=user action=LOGIN table=- id=- status=SUCCESS
[2026-04-05 10:46:36] user=amit role=user action=LOGIN table=- id=- status=SUCCESS
[2026-04-05 10:46:36] user=rajesh role=user action=LOGIN table=- id=- status=SUCCESS
[2026-04-05 10:46:36] user=amit role=user action=LOGIN table=- id=- status=SUCCESS
[2026-04-05 10:46:36] user=rajesh role=user action=LOGIN table=- id=- status=SUCCESS
[2026-04-05 10:46:36] user=rajesh role=user action=LOGIN table=- id=- status=SUCCESS
[2026-04-05 10:46:36] user=amit role=user action=LOGIN table=- id=- status=SUCCESS
[2026-04-05 10:46:37] user=amit role=user action=LOGIN table=- id=- status=SUCCESS
[2026-04-05 10:46:37] user=sneha role=user action=LOGIN table=- id=- status=SUCCESS
[2026-04-05 10:46:37] user=priya role=user action=LOGIN table=- id=- status=SUCCESS
[2026-04-05 10:46:37] user=sneha role=user action=LOGIN table=- id=- status=SUCCESS
[2026-04-05 10:46:37] user=amit role=user action=LOGIN table=- id=- status=SUCCESS
[2026-04-05 10:46:37] user=sneha role=user action=LOGIN table=- id=- status=SUCCESS
[2026-04-05 10:46:37] user=vikram role=user action=LOGIN table=- id=- status=SUCCESS
[2026-04-05 10:46:37] user=sneha role=user action=LOGIN table=- id=- status=SUCCESS
[2026-04-05 10:46:37] user=priya role=user action=LOGIN table=- id=- status=SUCCESS
[2026-04-05 10:46:37] user=sneha role=user action=LOGIN table=- id=- status=SUCCESS
[2026-04-05 10:46:38] user=vikram role=user action=LOGIN table=- id=- status=SUCCESS
[2026-04-05 10:46:38] user=priya role=user action=LOGIN table=- id=- status=SUCCESS
[2026-04-05 10:46:38] user=amit role=user action=LOGIN table=- id=- status=SUCCESS
[2026-04-05 10:46:38] user=priya role=user action=LOGIN table=- id=- status=SUCCESS
[2026-04-05 10:46:38] user=sneha role=user action=LOGIN table=- id=- status=SUCCESS
[2026-04-05 10:46:38] user=priya role=user action=LOGIN table=- id=- status=SUCCESS
[2026-04-05 10:46:38] user=vikram role=user action=LOGIN table=- id=- status=SUCCESS
[2026-04-05 10:46:38] user=rajesh role=user action=LOGIN table=- id=- status=SUCCESS
[2026-04-05 10:46:38] user=vikram role=user action=LOGIN table=- id=- status=SUCCESS
[2026-04-05 10:46:38] user=sneha role=user action=LOGIN table=- id=- status=SUCCESS
[2026-04-05 10:46:39] user=priya role=user action=LOGIN table=- id=- status=SUCCESS
[2026-04-05 10:46:39] user=sneha role=user action=LOGIN table=- id=- status=SUCCESS
[2026-04-05 10:46:39] user=amit role=user action=LOGIN table=- id=- status=SUCCESS
[2026-04-05 10:46:39] user=vikram role=user action=LOGIN table=- id=- status=SUCCESS
[2026-04-05 10:46:39] user=rajesh role=user action=LOGIN table=- id=- status=SUCCESS
[2026-04-05 10:46:39] user=priya role=user action=LOGIN table=- id=- status=SUCCESS
[2026-04-05 10:46:39] user=sneha role=user action=LOGIN table=- id=- status=SUCCESS
[2026-04-05 10:46:39] user=rajesh role=user action=LOGIN table=- id=- status=SUCCESS
[2026-04-05 10:46:39] user=rajesh role=user action=LOGIN table=- id=- status=SUCCESS
[2026-04-05 10:46:39] user=sneha role=user action=LOGIN table=- id=- status=SUCCESS
[2026-04-05 10:46:40] user=vikram role=user action=LOGIN table=- id=- status=SUCCESS
[2026-04-05 10:46:40] user=priya role=user action=LOGIN table=- id=- status=SUCCESS
[2026-04-05 10:46:40] user=vikram role=user action=LOGIN table=- id=- status=SUCCESS
[2026-04-05 10:46:40] user=sneha role=user action=LOGIN table=- id=- status=SUCCESS
[2026-04-05 10:46:40] user=sneha role=user action=LOGIN table=- id=- status=SUCCESS
[2026-04-05 10:46:40] user=sneha role=user action=LOGIN table=- id=- status=SUCCESS
[2026-04-05 10:46:40] user=sneha role=user action=LOGIN table=- id=- status=SUCCESS
[2026-04-05 10:46:40] user=priya role=user action=LOGIN table=- id=- status=SUCCESS
[2026-04-05 10:46:40] user=sneha role=user action=LOGIN table=- id=- status=SUCCESS
[2026-04-05 10:46:40] user=rajesh role=user action=LOGIN table=- id=- status=SUCCESS
[2026-04-05 10:46:41] user=amit role=user action=LOGIN table=- id=- status=SUCCESS
[2026-04-05 10:46:41] user=priya role=user action=LOGIN table=- id=- status=SUCCESS
[2026-04-05 10:46:41] user=rajesh role=user action=LOGIN table=- id=- status=SUCCESS
[2026-04-05 10:46:41] user=amit role=user action=LOGIN table=- id=- status=SUCCESS
[2026-04-05 10:46:41] user=priya role=user action=LOGIN table=- id=- status=SUCCESS
[2026-04-05 10:46:41] user=vikram role=user action=LOGIN table=- id=- status=SUCCESS
[2026-04-05 10:46:41] user=priya role=user action=LOGIN table=- id=- status=SUCCESS
[2026-04-05 10:46:41] user=priya role=user action=LOGIN table=- id=- status=SUCCESS
[2026-04-05 10:46:41] user=sneha role=user action=LOGIN table=- id=- status=SUCCESS
[2026-04-05 10:46:41] user=priya role=user action=LOGIN table=- id=- status=SUCCESS
[2026-04-05 10:46:42] user=rajesh role=user action=LOGIN table=- id=- status=SUCCESS
[2026-04-05 10:46:42] user=amit role=user action=LOGIN table=- id=- status=SUCCESS
[2026-04-05 10:46:42] user=amit role=user action=LOGIN table=- id=- status=SUCCESS
[2026-04-05 10:46:42] user=priya role=user action=LOGIN table=- id=- status=SUCCESS
[2026-04-05 10:46:42] user=vikram role=user action=LOGIN table=- id=- status=SUCCESS
[2026-04-05 10:46:42] user=rajesh role=user action=LOGIN table=- id=- status=SUCCESS
[2026-04-05 10:46:42] user=priya role=user action=LOGIN table=- id=- status=SUCCESS
[2026-04-05 10:46:42] user=rajesh role=user action=LOGIN table=- id=- status=SUCCESS
[2026-04-05 10:46:42] user=amit role=user action=LOGIN table=- id=- status=SUCCESS
[2026-04-05 10:46:42] user=amit role=user action=LOGIN table=- id=- status=SUCCESS
[2026-04-05 10:46:43] user=priya role=user action=LOGIN table=- id=- status=SUCCESS
[2026-04-05 10:46:43] user=priya role=user action=LOGIN table=- id=- status=SUCCESS
[2026-04-05 10:46:43] user=sneha role=user action=LOGIN table=- id=- status=SUCCESS
[2026-04-05 10:46:43] user=amit role=user action=LOGIN table=- id=- status=SUCCESS
[2026-04-05 10:46:43] user=priya role=user action=LOGIN table=- id=- status=SUCCESS
[2026-04-05 10:46:43] user=rajesh role=user action=LOGIN table=- id=- status=SUCCESS
[2026-04-05 10:46:43] user=priya role=user action=LOGIN table=- id=- status=SUCCESS
[2026-04-05 10:46:43] user=vikram role=user action=LOGIN table=- id=- status=SUCCESS
[2026-04-05 10:46:43] user=amit role=user action=LOGIN table=- id=- status=SUCCESS
[2026-04-05 10:46:43] user=amit role=user action=LOGIN table=- id=- status=SUCCESS
[2026-04-05 10:46:44] user=priya role=user action=LOGIN table=- id=- status=SUCCESS
[2026-04-05 10:46:44] user=priya role=user action=LOGIN table=- id=- status=SUCCESS
[2026-04-05 10:46:44] user=priya role=user action=LOGIN table=- id=- status=SUCCESS
[2026-04-05 10:46:44] user=vikram role=user action=LOGIN table=- id=- status=SUCCESS
[2026-04-05 10:46:44] user=priya role=user action=LOGIN table=- id=- status=SUCCESS
[2026-04-05 10:46:44] user=sneha role=user action=LOGIN table=- id=- status=SUCCESS
[2026-04-05 10:46:44] user=amit role=user action=LOGIN table=- id=- status=SUCCESS
[2026-04-05 10:46:44] user=rajesh role=user action=LOGIN table=- id=- status=SUCCESS
[2026-04-05 10:46:44] user=sneha role=user action=LOGIN table=- id=- status=SUCCESS
[2026-04-05 10:46:44] user=sneha role=user action=LOGIN table=- id=- status=SUCCESS
[2026-04-05 10:46:45] user=vikram role=user action=LOGIN table=- id=- status=SUCCESS
[2026-04-05 10:46:45] user=priya role=user action=LOGIN table=- id=- status=SUCCESS
[2026-04-05 10:46:45] user=rajesh role=user action=LOGIN table=- id=- status=SUCCESS
[2026-04-05 10:46:45] user=priya role=user action=LOGIN table=- id=- status=SUCCESS
[2026-04-05 10:46:45] user=vikram role=user action=LOGIN table=- id=- status=SUCCESS
[2026-04-05 10:46:45] user=amit role=user action=LOGIN table=- id=- status=SUCCESS
[2026-04-05 10:46:45] user=rajesh role=user action=LOGIN table=- id=- status=SUCCESS
[2026-04-05 10:46:45] user=amit role=user action=LOGIN table=- id=- status=SUCCESS
[2026-04-05 10:46:45] user=amit role=user action=LOGIN table=- id=- status=SUCCESS
[2026-04-05 10:46:45] user=amit role=user action=LOGIN table=- id=- status=SUCCESS
[2026-04-05 10:46:46] user=rajesh role=user action=LOGIN table=- id=- status=SUCCESS
[2026-04-05 10:46:46] user=priya role=user action=LOGIN table=- id=- status=SUCCESS
[2026-04-05 10:46:46] user=vikram role=user action=LOGIN table=- id=- status=SUCCESS
[2026-04-05 10:46:46] user=sneha role=user action=LOGIN table=- id=- status=SUCCESS
[2026-04-05 10:46:46] user=amit role=user action=LOGIN table=- id=- status=SUCCESS
[2026-04-05 10:46:46] user=rajesh role=user action=LOGIN table=- id=- status=SUCCESS
[2026-04-05 10:46:46] user=priya role=user action=LOGIN table=- id=- status=SUCCESS
[2026-04-05 10:46:46] user=rajesh role=user action=LOGIN table=- id=- status=SUCCESS
[2026-04-05 10:46:46] user=priya role=user action=LOGIN table=- id=- status=SUCCESS
[2026-04-05 10:46:46] user=vikram role=user action=LOGIN table=- id=- status=SUCCESS
[2026-04-05 10:46:47] user=rajesh role=user action=LOGIN table=- id=- status=SUCCESS
[2026-04-05 10:46:47] user=priya role=user action=LOGIN table=- id=- status=SUCCESS
[2026-04-05 10:46:47] user=priya role=user action=LOGIN table=- id=- status=SUCCESS
[2026-04-05 10:46:47] user=vikram role=user action=LOGIN table=- id=- status=SUCCESS
[2026-04-05 10:46:47] user=rajesh role=user action=LOGIN table=- id=- status=SUCCESS
[2026-04-05 10:46:47] user=sneha role=user action=LOGIN table=- id=- status=SUCCESS
[2026-04-05 10:46:47] user=amit role=user action=LOGIN table=- id=- status=SUCCESS
[2026-04-05 10:46:47] user=vikram role=user action=LOGIN table=- id=- status=SUCCESS
[2026-04-05 10:46:47] user=vikram role=user action=LOGIN table=- id=- status=SUCCESS
[2026-04-05 10:46:47] user=vikram role=user action=LOGIN table=- id=- status=SUCCESS
[2026-04-05 10:46:48] user=sneha role=user action=LOGIN table=- id=- status=SUCCESS
[2026-04-05 10:46:48] user=sneha role=user action=LOGIN table=- id=- status=SUCCESS
[2026-04-05 10:46:48] user=rajesh role=user action=LOGIN table=- id=- status=SUCCESS
[2026-04-05 10:46:48] user=amit role=user action=LOGIN table=- id=- status=SUCCESS
[2026-04-05 10:46:48] user=amit role=user action=LOGIN table=- id=- status=SUCCESS
[2026-04-05 10:46:48] user=amit role=user action=LOGIN table=- id=- status=SUCCESS
[2026-04-05 10:46:48] user=priya role=user action=LOGIN table=- id=- status=SUCCESS
[2026-04-05 10:46:48] user=vikram role=user action=LOGIN table=- id=- status=SUCCESS
[2026-04-05 10:46:48] user=sneha role=user action=LOGIN table=- id=- status=SUCCESS
[2026-04-05 10:46:48] user=rajesh role=user action=LOGIN table=- id=- status=SUCCESS
[2026-04-05 10:46:49] user=vikram role=user action=LOGIN table=- id=- status=SUCCESS
[2026-04-05 10:46:49] user=rajesh role=user action=LOGIN table=- id=- status=SUCCESS
[2026-04-05 10:46:49] user=rajesh role=user action=LOGIN table=- id=- status=SUCCESS
[2026-04-05 10:46:49] user=priya role=user action=LOGIN table=- id=- status=SUCCESS
[2026-04-05 10:46:49] user=sneha role=user action=LOGIN table=- id=- status=SUCCESS
[2026-04-05 10:46:49] user=amit role=user action=LOGIN table=- id=- status=SUCCESS
[2026-04-05 10:46:49] user=rajesh role=user action=LOGIN table=- id=- status=SUCCESS
[2026-04-05 10:46:49] user=rajesh role=user action=LOGIN table=- id=- status=SUCCESS
[2026-04-05 10:46:49] user=priya role=user action=LOGIN table=- id=- status=SUCCESS
[2026-04-05 10:46:49] user=vikram role=user action=LOGIN table=- id=- status=SUCCESS
[2026-04-05 10:46:50] user=rajesh role=user action=LOGIN table=- id=- status=SUCCESS
[2026-04-05 10:46:50] user=vikram role=user action=LOGIN table=- id=- status=SUCCESS
[2026-04-05 10:46:50] user=vikram role=user action=LOGIN table=- id=- status=SUCCESS
[2026-04-05 10:46:50] user=priya role=user action=LOGIN table=- id=- status=SUCCESS
[2026-04-05 10:46:50] user=priya role=user action=LOGIN table=- id=- status=SUCCESS
[2026-04-05 10:46:50] user=sneha role=user action=LOGIN table=- id=- status=SUCCESS
[2026-04-05 10:46:50] user=sneha role=user action=LOGIN table=- id=- status=SUCCESS
[2026-04-05 10:46:50] user=sneha role=user action=LOGIN table=- id=- status=SUCCESS
[2026-04-05 10:46:50] user=vikram role=user action=LOGIN table=- id=- status=SUCCESS
[2026-04-05 10:46:50] user=amit role=user action=LOGIN table=- id=- status=SUCCESS
[2026-04-05 10:46:51] user=priya role=user action=LOGIN table=- id=- status=SUCCESS
[2026-04-05 10:46:51] user=sneha role=user action=LOGIN table=- id=- status=SUCCESS
[2026-04-05 10:46:51] user=amit role=user action=LOGIN table=- id=- status=SUCCESS
[2026-04-05 10:46:51] user=rajesh role=user action=LOGIN table=- id=- status=SUCCESS
[2026-04-05 10:46:51] user=vikram role=user action=LOGIN table=- id=- status=SUCCESS
[2026-04-05 10:46:53] user=vikram role=user action=LOGIN table=- id=- status=SUCCESS
[2026-04-05 10:46:53] user=priya role=user action=LOGIN table=- id=- status=SUCCESS
[2026-04-05 10:46:53] user=priya role=user action=LOGIN table=- id=- status=SUCCESS
[2026-04-05 10:46:53] user=sneha role=user action=LOGIN table=- id=- status=SUCCESS
[2026-04-05 10:46:53] user=priya role=user action=LOGIN table=- id=- status=SUCCESS
[2026-04-05 10:46:53] user=rajesh role=user action=LOGIN table=- id=- status=SUCCESS
[2026-04-05 10:46:53] user=amit role=user action=LOGIN table=- id=- status=SUCCESS
[2026-04-05 10:46:53] user=vikram role=user action=LOGIN table=- id=- status=SUCCESS
[2026-04-05 10:46:53] user=priya role=user action=LOGIN table=- id=- status=SUCCESS
[2026-04-05 10:46:53] user=priya role=user action=LOGIN table=- id=- status=SUCCESS
[2026-04-05 10:46:57] user=priya role=user action=LOGIN table=- id=- status=SUCCESS
[2026-04-05 10:46:57] user=vikram role=user action=LOGIN table=- id=- status=SUCCESS
[2026-04-05 10:46:57] user=rajesh role=user action=LOGIN table=- id=- status=SUCCESS
[2026-04-05 10:46:57] user=rajesh role=user action=LOGIN table=- id=- status=SUCCESS
[2026-04-05 10:46:57] user=priya role=user action=LOGIN table=- id=- status=SUCCESS
[2026-04-05 10:46:57] user=priya role=user action=LOGIN table=- id=- status=SUCCESS
[2026-04-05 10:46:57] user=amit role=user action=LOGIN table=- id=- status=SUCCESS
[2026-04-05 10:46:57] user=rajesh role=user action=LOGIN table=- id=- status=SUCCESS
[2026-04-05 10:46:57] user=priya role=user action=LOGIN table=- id=- status=SUCCESS
[2026-04-05 10:46:57] user=priya role=user action=LOGIN table=- id=- status=SUCCESS
[2026-04-05 10:46:58] user=vikram role=user action=LOGIN table=- id=- status=SUCCESS
[2026-04-05 10:46:58] user=priya role=user action=LOGIN table=- id=- status=SUCCESS
[2026-04-05 10:46:58] user=amit role=user action=LOGIN table=- id=- status=SUCCESS
[2026-04-05 10:46:58] user=vikram role=user action=LOGIN table=- id=- status=SUCCESS
[2026-04-05 10:46:58] user=rajesh role=user action=LOGIN table=- id=- status=SUCCESS
[2026-04-05 10:46:58] user=rajesh role=user action=LOGIN table=- id=- status=SUCCESS
[2026-04-05 10:46:58] user=sneha role=user action=LOGIN table=- id=- status=SUCCESS
[2026-04-05 10:46:58] user=rajesh role=user action=LOGIN table=- id=- status=SUCCESS
[2026-04-05 10:46:58] user=amit role=user action=LOGIN table=- id=- status=SUCCESS
[2026-04-05 10:46:58] user=vikram role=user action=LOGIN table=- id=- status=SUCCESS
[2026-04-05 10:46:59] user=vikram role=user action=LOGIN table=- id=- status=SUCCESS
[2026-04-05 10:46:59] user=rajesh role=user action=LOGIN table=- id=- status=SUCCESS
[2026-04-05 10:46:59] user=amit role=user action=LOGIN table=- id=- status=SUCCESS
[2026-04-05 10:46:59] user=vikram role=user action=LOGIN table=- id=- status=SUCCESS
[2026-04-05 10:46:59] user=vikram role=user action=LOGIN table=- id=- status=SUCCESS
[2026-04-05 10:46:59] user=vikram role=user action=LOGIN table=- id=- status=SUCCESS
[2026-04-05 10:46:59] user=priya role=user action=LOGIN table=- id=- status=SUCCESS
[2026-04-05 10:46:59] user=priya role=user action=LOGIN table=- id=- status=SUCCESS
[2026-04-05 10:46:59] user=vikram role=user action=LOGIN table=- id=- status=SUCCESS
[2026-04-05 10:46:59] user=amit role=user action=LOGIN table=- id=- status=SUCCESS
[2026-04-05 10:47:01] user=priya role=user action=LOGIN table=- id=- status=SUCCESS
[2026-04-05 10:47:01] user=amit role=user action=LOGIN table=- id=- status=SUCCESS
[2026-04-05 10:47:01] user=rajesh role=user action=LOGIN table=- id=- status=SUCCESS
[2026-04-05 10:47:01] user=amit role=user action=LOGIN table=- id=- status=SUCCESS
[2026-04-05 10:47:01] user=rajesh role=user action=LOGIN table=- id=- status=SUCCESS
[2026-04-05 10:47:01] user=vikram role=user action=LOGIN table=- id=- status=SUCCESS
[2026-04-05 10:47:01] user=sneha role=user action=LOGIN table=- id=- status=SUCCESS
[2026-04-05 10:47:01] user=sneha role=user action=LOGIN table=- id=- status=SUCCESS
[2026-04-05 10:47:01] user=sneha role=user action=LOGIN table=- id=- status=SUCCESS
[2026-04-05 11:57:35] user=system role=system action=INIT_PASSWORDS table=- id=- status=SUCCESS
[2026-04-05 11:57:40] user=admin role=admin action=LOGIN table=- id=- status=SUCCESS
[2026-04-05 16:22:22] user=system role=system action=INIT_PASSWORDS table=- id=- status=SUCCESS
[2026-04-05 16:46:04] user=admin role=admin action=LOGIN table=- id=- status=SUCCESS
[2026-04-05 16:48:43] user=vikram role=user action=LOGIN table=- id=- status=SUCCESS
[2026-04-05 16:48:43] user=priya role=user action=LOGIN table=- id=- status=SUCCESS
[2026-04-05 16:48:43] user=rajesh role=user action=LOGIN table=- id=- status=SUCCESS
[2026-04-05 16:48:43] user=sneha role=user action=LOGIN table=- id=- status=SUCCESS
[2026-04-05 16:48:43] user=amit role=user action=LOGIN table=- id=- status=SUCCESS
[2026-04-05 16:48:43] user=vikram role=user action=FORBIDDEN table=- id=/api/products/PROD001 status=DENIED
[2026-04-05 16:48:44] user=vikram role=user action=ONLINE_CHECKOUT table=Sale id=SAL021 status=SUCCESS
[2026-04-05 16:48:44] user=sneha role=user action=FORBIDDEN table=- id=/api/products/PROD001 status=DENIED
[2026-04-05 16:48:44] user=priya role=user action=FORBIDDEN table=- id=/api/products/PROD001 status=DENIED
[2026-04-05 16:48:44] user=priya role=user action=ONLINE_CHECKOUT table=Sale id=SAL022 status=SUCCESS
[2026-04-05 16:48:44] user=rajesh role=user action=FORBIDDEN table=- id=/api/products/PROD001 status=DENIED
[2026-04-05 16:48:44] user=amit role=user action=FORBIDDEN table=- id=/api/products/PROD001 status=DENIED
[2026-04-05 16:48:44] user=sneha role=user action=ONLINE_CHECKOUT table=Sale id=SAL023 status=SUCCESS
[2026-04-05 16:48:44] user=amit role=user action=ONLINE_CHECKOUT table=Sale id=SAL024 status=SUCCESS
[2026-04-05 16:48:46] user=sneha role=user action=LOGIN table=- id=- status=SUCCESS
[2026-04-05 16:48:46] user=rajesh role=user action=LOGIN table=- id=- status=SUCCESS
[2026-04-05 16:48:46] user=priya role=user action=LOGIN table=- id=- status=SUCCESS
[2026-04-05 16:48:46] user=amit role=user action=LOGIN table=- id=- status=SUCCESS
[2026-04-05 16:48:46] user=priya role=user action=LOGIN table=- id=- status=SUCCESS
[2026-04-05 16:48:46] user=amit role=user action=LOGIN table=- id=- status=SUCCESS
[2026-04-05 16:48:46] user=rajesh role=user action=LOGIN table=- id=- status=SUCCESS
[2026-04-05 16:48:46] user=vikram role=user action=LOGIN table=- id=- status=SUCCESS
[2026-04-05 16:48:47] user=sneha role=user action=ONLINE_CHECKOUT table=Sale id=SAL025 status=SUCCESS
[2026-04-05 16:48:50] user=rajesh role=user action=LOGIN table=- id=- status=SUCCESS
[2026-04-05 16:48:50] user=rajesh role=user action=ONLINE_CHECKOUT table=Sale id=SAL026 status=SUCCESS
[2026-04-05 16:48:53] user=rajesh role=user action=LOGIN table=- id=- status=SUCCESS
[2026-04-05 16:48:53] user=priya role=user action=LOGIN table=- id=- status=SUCCESS
[2026-04-05 16:48:53] user=amit role=user action=LOGIN table=- id=- status=SUCCESS
[2026-04-05 16:48:54] user=sneha role=user action=LOGIN table=- id=- status=SUCCESS
[2026-04-05 16:48:54] user=vikram role=user action=LOGIN table=- id=- status=SUCCESS
[2026-04-05 16:48:54] user=amit role=user action=ONLINE_CHECKOUT table=Sale id=SAL027 status=SUCCESS
[2026-04-05 16:48:54] user=vikram role=user action=ONLINE_CHECKOUT table=Sale id=SAL028 status=SUCCESS
[2026-04-05 16:48:54] user=vikram role=user action=ONLINE_CHECKOUT table=Sale id=SAL029 status=SUCCESS
[2026-04-05 16:48:54] user=vikram role=user action=ONLINE_CHECKOUT table=Sale id=SAL030 status=SUCCESS
[2026-04-05 16:48:54] user=sneha role=user action=ONLINE_CHECKOUT table=Sale id=SAL031 status=SUCCESS
[2026-04-05 16:48:54] user=vikram role=user action=ONLINE_CHECKOUT table=Sale id=SAL032 status=SUCCESS
[2026-04-05 16:48:54] user=vikram role=user action=ONLINE_CHECKOUT table=Sale id=SAL033 status=SUCCESS
[2026-04-05 16:48:54] user=sneha role=user action=ONLINE_CHECKOUT table=Sale id=SAL034 status=SUCCESS
[2026-04-05 16:48:54] user=sneha role=user action=ONLINE_CHECKOUT table=Sale id=SAL035 status=SUCCESS
[2026-04-05 16:48:54] user=priya role=user action=ONLINE_CHECKOUT table=Sale id=SAL036 status=SUCCESS
[2026-04-05 16:48:54] user=vikram role=user action=ONLINE_CHECKOUT table=Sale id=SAL037 status=SUCCESS
[2026-04-05 16:48:54] user=sneha role=user action=ONLINE_CHECKOUT table=Sale id=SAL038 status=SUCCESS
[2026-04-05 16:48:54] user=amit role=user action=ONLINE_CHECKOUT table=Sale id=SAL039 status=SUCCESS
[2026-04-05 16:48:54] user=amit role=user action=ONLINE_CHECKOUT table=Sale id=SAL040 status=SUCCESS
[2026-04-05 16:48:57] user=rajesh role=user action=LOGIN table=- id=- status=SUCCESS
[2026-04-05 16:48:57] user=rajesh role=user action=LOGIN table=- id=- status=SUCCESS
[2026-04-05 16:48:57] user=rajesh role=user action=FORBIDDEN table=- id=/api/members status=DENIED
[2026-04-05 16:48:57] user=rajesh role=user action=FORBIDDEN table=Member id=MEM002 status=DENIED
[2026-04-05 16:48:57] user=rajesh role=user action=LOGIN table=- id=- status=SUCCESS
[2026-04-05 16:48:57] user=rajesh role=user action=LOGIN table=- id=- status=SUCCESS
[2026-04-05 16:48:57] user=rajesh role=user action=LOGIN table=- id=- status=SUCCESS
[2026-04-05 16:48:57] user=rajesh role=user action=LOGIN table=- id=- status=SUCCESS
[2026-04-05 16:48:57] user=rajesh role=user action=ONLINE_CHECKOUT table=Sale id=SAL041 status=SUCCESS
[2026-04-05 16:48:57] user=rajesh role=user action=ONLINE_CHECKOUT table=Sale id=SAL042 status=SUCCESS
[2026-04-05 16:48:57] user=rajesh role=user action=LOGIN table=- id=- status=SUCCESS
[2026-04-05 16:48:58] user=priya role=user action=LOGIN table=- id=- status=SUCCESS
[2026-04-05 16:48:58] user=priya role=user action=ONLINE_CHECKOUT table=Sale id=SAL043 status=SUCCESS
[2026-04-05 16:51:12] user=system role=system action=INIT_PASSWORDS table=- id=- status=SUCCESS
[2026-04-05 16:51:26] user=sneha role=user action=LOGIN table=- id=- status=SUCCESS
[2026-04-05 16:51:26] user=priya role=user action=LOGIN table=- id=- status=SUCCESS
[2026-04-05 16:51:26] user=rajesh role=user action=LOGIN table=- id=- status=SUCCESS
[2026-04-05 16:51:26] user=vikram role=user action=LOGIN table=- id=- status=SUCCESS
[2026-04-05 16:51:26] user=amit role=user action=LOGIN table=- id=- status=SUCCESS
[2026-04-05 16:51:27] user=sneha role=user action=FORBIDDEN table=- id=/api/products/PROD001 status=DENIED
[2026-04-05 16:51:27] user=amit role=user action=FORBIDDEN table=- id=/api/products/PROD001 status=DENIED
[2026-04-05 16:51:27] user=sneha role=user action=ONLINE_CHECKOUT table=Sale id=SAL044 status=SUCCESS
[2026-04-05 16:51:27] user=priya role=user action=FORBIDDEN table=- id=/api/products/PROD001 status=DENIED
[2026-04-05 16:51:27] user=amit role=user action=ONLINE_CHECKOUT table=Sale id=SAL045 status=SUCCESS
[2026-04-05 16:51:27] user=vikram role=user action=FORBIDDEN table=- id=/api/products/PROD001 status=DENIED
[2026-04-05 16:51:27] user=rajesh role=user action=FORBIDDEN table=- id=/api/products/PROD001 status=DENIED
[2026-04-05 16:51:27] user=priya role=user action=ONLINE_CHECKOUT table=Sale id=SAL046 status=SUCCESS
[2026-04-05 16:51:27] user=vikram role=user action=ONLINE_CHECKOUT table=Sale id=SAL047 status=SUCCESS
[2026-04-05 16:51:27] user=rajesh role=user action=ONLINE_CHECKOUT table=Sale id=SAL048 status=SUCCESS
[2026-04-05 16:51:29] user=amit role=user action=LOGIN table=- id=- status=SUCCESS
[2026-04-05 16:51:29] user=vikram role=user action=LOGIN table=- id=- status=SUCCESS
[2026-04-05 16:51:29] user=rajesh role=user action=LOGIN table=- id=- status=SUCCESS
[2026-04-05 16:51:29] user=priya role=user action=LOGIN table=- id=- status=SUCCESS
[2026-04-05 16:51:29] user=sneha role=user action=LOGIN table=- id=- status=SUCCESS
[2026-04-05 16:51:29] user=priya role=user action=LOGIN table=- id=- status=SUCCESS
[2026-04-05 16:51:29] user=amit role=user action=LOGIN table=- id=- status=SUCCESS
[2026-04-05 16:51:29] user=rajesh role=user action=LOGIN table=- id=- status=SUCCESS
[2026-04-05 16:51:30] user=amit role=user action=ONLINE_CHECKOUT table=Sale id=SAL049 status=SUCCESS
[2026-04-05 16:51:33] user=rajesh role=user action=LOGIN table=- id=- status=SUCCESS
[2026-04-05 16:51:33] user=rajesh role=user action=ONLINE_CHECKOUT table=Sale id=SAL050 status=SUCCESS
[2026-04-05 16:51:36] user=rajesh role=user action=LOGIN table=- id=- status=SUCCESS
[2026-04-05 16:51:36] user=priya role=user action=LOGIN table=- id=- status=SUCCESS
[2026-04-05 16:51:36] user=amit role=user action=LOGIN table=- id=- status=SUCCESS
[2026-04-05 16:51:37] user=sneha role=user action=LOGIN table=- id=- status=SUCCESS
[2026-04-05 16:51:37] user=vikram role=user action=LOGIN table=- id=- status=SUCCESS
[2026-04-05 16:51:37] user=priya role=user action=ONLINE_CHECKOUT table=Sale id=SAL051 status=SUCCESS
[2026-04-05 16:51:37] user=vikram role=user action=ONLINE_CHECKOUT table=Sale id=SAL052 status=SUCCESS
[2026-04-05 16:51:37] user=rajesh role=user action=ONLINE_CHECKOUT table=Sale id=SAL053 status=SUCCESS
[2026-04-05 16:51:37] user=vikram role=user action=ONLINE_CHECKOUT table=Sale id=SAL054 status=SUCCESS
[2026-04-05 16:51:37] user=vikram role=user action=ONLINE_CHECKOUT table=Sale id=SAL055 status=SUCCESS
[2026-04-05 16:51:37] user=priya role=user action=ONLINE_CHECKOUT table=Sale id=SAL056 status=SUCCESS
[2026-04-05 16:51:37] user=vikram role=user action=ONLINE_CHECKOUT table=Sale id=SAL057 status=SUCCESS
[2026-04-05 16:51:37] user=rajesh role=user action=ONLINE_CHECKOUT table=Sale id=SAL058 status=SUCCESS
[2026-04-05 16:51:37] user=vikram role=user action=ONLINE_CHECKOUT table=Sale id=SAL059 status=SUCCESS
[2026-04-05 16:51:37] user=rajesh role=user action=ONLINE_CHECKOUT table=Sale id=SAL060 status=SUCCESS
[2026-04-05 16:51:37] user=rajesh role=user action=ONLINE_CHECKOUT table=Sale id=SAL061 status=SUCCESS
[2026-04-05 16:51:37] user=vikram role=user action=ONLINE_CHECKOUT table=Sale id=SAL062 status=SUCCESS
[2026-04-05 16:51:37] user=priya role=user action=ONLINE_CHECKOUT table=Sale id=SAL063 status=SUCCESS
[2026-04-05 16:51:38] user=rajesh role=user action=ONLINE_CHECKOUT table=Sale id=SAL064 status=SUCCESS
[2026-04-05 16:51:40] user=rajesh role=user action=LOGIN table=- id=- status=SUCCESS
[2026-04-05 16:51:40] user=rajesh role=user action=LOGIN table=- id=- status=SUCCESS
[2026-04-05 16:51:40] user=rajesh role=user action=FORBIDDEN table=- id=/api/members status=DENIED
[2026-04-05 16:51:40] user=rajesh role=user action=FORBIDDEN table=Member id=MEM002 status=DENIED
[2026-04-05 16:51:41] user=rajesh role=user action=LOGIN table=- id=- status=SUCCESS
[2026-04-05 16:51:41] user=rajesh role=user action=LOGIN table=- id=- status=SUCCESS
[2026-04-05 16:51:41] user=rajesh role=user action=ONLINE_CHECKOUT table=Sale id=SAL065 status=SUCCESS
[2026-04-05 16:51:41] user=rajesh role=user action=LOGIN table=- id=- status=SUCCESS
[2026-04-05 16:51:41] user=rajesh role=user action=LOGIN table=- id=- status=SUCCESS
[2026-04-05 16:51:41] user=rajesh role=user action=ONLINE_CHECKOUT table=Sale id=SAL066 status=SUCCESS
[2026-04-05 16:51:41] user=rajesh role=user action=LOGIN table=- id=- status=SUCCESS
[2026-04-05 16:51:41] user=priya role=user action=LOGIN table=- id=- status=SUCCESS
[2026-04-05 16:51:41] user=priya role=user action=ONLINE_CHECKOUT table=Sale id=SAL067 status=SUCCESS
[2026-04-05 16:52:01] user=system role=system action=INIT_PASSWORDS table=- id=- status=SUCCESS
[2026-04-05 16:53:43] user=sneha role=user action=LOGIN table=- id=- status=SUCCESS
[2026-04-05 16:53:43] user=vikram role=user action=LOGIN table=- id=- status=SUCCESS
[2026-04-05 16:53:43] user=rajesh role=user action=LOGIN table=- id=- status=SUCCESS
[2026-04-05 16:53:43] user=priya role=user action=LOGIN table=- id=- status=SUCCESS
[2026-04-05 16:53:43] user=amit role=user action=LOGIN table=- id=- status=SUCCESS
[2026-04-05 16:53:43] user=sneha role=user action=FORBIDDEN table=- id=/api/products/PROD001 status=DENIED
[2026-04-05 16:53:43] user=rajesh role=user action=FORBIDDEN table=- id=/api/products/PROD001 status=DENIED
[2026-04-05 16:53:43] user=sneha role=user action=ONLINE_CHECKOUT table=Sale id=SAL068 status=SUCCESS
[2026-04-05 16:53:43] user=rajesh role=user action=ONLINE_CHECKOUT table=Sale id=SAL069 status=SUCCESS
[2026-04-05 16:53:43] user=priya role=user action=FORBIDDEN table=- id=/api/products/PROD001 status=DENIED
[2026-04-05 16:53:43] user=vikram role=user action=FORBIDDEN table=- id=/api/products/PROD001 status=DENIED
[2026-04-05 16:53:43] user=amit role=user action=FORBIDDEN table=- id=/api/products/PROD001 status=DENIED
[2026-04-05 16:53:43] user=vikram role=user action=ONLINE_CHECKOUT table=Sale id=SAL070 status=SUCCESS
[2026-04-05 16:53:43] user=amit role=user action=ONLINE_CHECKOUT table=Sale id=SAL071 status=SUCCESS
[2026-04-05 16:53:46] user=amit role=user action=LOGIN table=- id=- status=SUCCESS
[2026-04-05 16:53:46] user=priya role=user action=LOGIN table=- id=- status=SUCCESS
[2026-04-05 16:53:46] user=sneha role=user action=LOGIN table=- id=- status=SUCCESS
[2026-04-05 16:53:46] user=amit role=user action=LOGIN table=- id=- status=SUCCESS
[2026-04-05 16:53:46] user=rajesh role=user action=LOGIN table=- id=- status=SUCCESS
[2026-04-05 16:53:46] user=priya role=user action=LOGIN table=- id=- status=SUCCESS
[2026-04-05 16:53:46] user=rajesh role=user action=LOGIN table=- id=- status=SUCCESS
[2026-04-05 16:53:46] user=vikram role=user action=LOGIN table=- id=- status=SUCCESS
[2026-04-05 16:53:47] user=rajesh role=user action=ONLINE_CHECKOUT table=Sale id=SAL072 status=SUCCESS
[2026-04-05 16:53:49] user=rajesh role=user action=LOGIN table=- id=- status=SUCCESS
[2026-04-05 16:53:49] user=rajesh role=user action=ONLINE_CHECKOUT table=Sale id=SAL073 status=SUCCESS
[2026-04-05 16:54:40] user=system role=system action=INIT_PASSWORDS table=- id=- status=SUCCESS
[2026-04-05 16:55:40] user=sneha role=user action=LOGIN table=- id=- status=SUCCESS
[2026-04-05 16:55:40] user=rajesh role=user action=LOGIN table=- id=- status=SUCCESS
[2026-04-05 16:55:40] user=priya role=user action=LOGIN table=- id=- status=SUCCESS
[2026-04-05 16:55:40] user=vikram role=user action=LOGIN table=- id=- status=SUCCESS
[2026-04-05 16:55:40] user=amit role=user action=LOGIN table=- id=- status=SUCCESS
[2026-04-05 16:55:40] user=vikram role=user action=FORBIDDEN table=- id=/api/products/PROD001 status=DENIED
[2026-04-05 16:55:40] user=priya role=user action=FORBIDDEN table=- id=/api/products/PROD001 status=DENIED
[2026-04-05 16:55:40] user=rajesh role=user action=FORBIDDEN table=- id=/api/products/PROD001 status=DENIED
[2026-04-05 16:55:40] user=vikram role=user action=ONLINE_CHECKOUT table=Sale id=SAL074 status=SUCCESS
[2026-04-05 16:55:40] user=sneha role=user action=FORBIDDEN table=- id=/api/products/PROD001 status=DENIED
[2026-04-05 16:55:40] user=priya role=user action=ONLINE_CHECKOUT table=Sale id=SAL075 status=SUCCESS
[2026-04-05 16:55:40] user=sneha role=user action=ONLINE_CHECKOUT table=Sale id=SAL076 status=SUCCESS
[2026-04-05 16:55:40] user=rajesh role=user action=ONLINE_CHECKOUT table=Sale id=SAL077 status=SUCCESS
[2026-04-05 16:55:40] user=amit role=user action=FORBIDDEN table=- id=/api/products/PROD001 status=DENIED
[2026-04-05 16:55:41] user=amit role=user action=ONLINE_CHECKOUT table=Sale id=SAL078 status=SUCCESS
[2026-04-05 16:55:43] user=sneha role=user action=LOGIN table=- id=- status=SUCCESS
[2026-04-05 16:55:43] user=rajesh role=user action=LOGIN table=- id=- status=SUCCESS
[2026-04-05 16:55:43] user=vikram role=user action=LOGIN table=- id=- status=SUCCESS
[2026-04-05 16:55:43] user=amit role=user action=LOGIN table=- id=- status=SUCCESS
[2026-04-05 16:55:43] user=amit role=user action=LOGIN table=- id=- status=SUCCESS
[2026-04-05 16:55:43] user=rajesh role=user action=LOGIN table=- id=- status=SUCCESS
[2026-04-05 16:55:43] user=priya role=user action=LOGIN table=- id=- status=SUCCESS
[2026-04-05 16:55:43] user=priya role=user action=LOGIN table=- id=- status=SUCCESS
[2026-04-05 16:55:44] user=amit role=user action=ONLINE_CHECKOUT table=Sale id=SAL079 status=SUCCESS
[2026-04-05 16:55:47] user=rajesh role=user action=LOGIN table=- id=- status=SUCCESS
[2026-04-05 16:55:47] user=rajesh role=user action=ONLINE_CHECKOUT table=Sale id=SAL080 status=SUCCESS
[2026-04-05 16:55:49] user=rajesh role=user action=LOGIN table=- id=- status=SUCCESS
[2026-04-05 16:55:50] user=priya role=user action=LOGIN table=- id=- status=SUCCESS
[2026-04-05 16:55:50] user=amit role=user action=LOGIN table=- id=- status=SUCCESS
[2026-04-05 16:55:50] user=sneha role=user action=LOGIN table=- id=- status=SUCCESS
[2026-04-05 16:55:51] user=vikram role=user action=LOGIN table=- id=- status=SUCCESS
[2026-04-05 16:55:51] user=sneha role=user action=ONLINE_CHECKOUT table=Sale id=SAL081 status=SUCCESS
[2026-04-05 16:55:51] user=priya role=user action=ONLINE_CHECKOUT table=Sale id=SAL082 status=SUCCESS
[2026-04-05 16:55:51] user=priya role=user action=ONLINE_CHECKOUT table=Sale id=SAL083 status=SUCCESS
[2026-04-05 16:55:51] user=sneha role=user action=ONLINE_CHECKOUT table=Sale id=SAL084 status=SUCCESS
[2026-04-05 16:55:51] user=vikram role=user action=ONLINE_CHECKOUT table=Sale id=SAL085 status=SUCCESS
[2026-04-05 16:55:51] user=amit role=user action=ONLINE_CHECKOUT table=Sale id=SAL086 status=SUCCESS
[2026-04-05 16:55:51] user=vikram role=user action=ONLINE_CHECKOUT table=Sale id=SAL087 status=SUCCESS
[2026-04-05 16:55:51] user=rajesh role=user action=ONLINE_CHECKOUT table=Sale id=SAL088 status=SUCCESS
[2026-04-05 16:55:51] user=vikram role=user action=ONLINE_CHECKOUT table=Sale id=SAL089 status=SUCCESS
[2026-04-05 16:55:51] user=sneha role=user action=ONLINE_CHECKOUT table=Sale id=SAL090 status=SUCCESS
[2026-04-05 16:55:51] user=sneha role=user action=ONLINE_CHECKOUT table=Sale id=SAL091 status=SUCCESS
[2026-04-05 16:55:51] user=rajesh role=user action=ONLINE_CHECKOUT table=Sale id=SAL092 status=SUCCESS
[2026-04-05 16:55:51] user=rajesh role=user action=ONLINE_CHECKOUT table=Sale id=SAL093 status=SUCCESS
[2026-04-05 16:55:51] user=rajesh role=user action=ONLINE_CHECKOUT table=Sale id=SAL094 status=SUCCESS
[2026-04-05 16:55:51] user=rajesh role=user action=ONLINE_CHECKOUT table=Sale id=SAL095 status=SUCCESS
[2026-04-05 16:55:54] user=rajesh role=user action=LOGIN table=- id=- status=SUCCESS
[2026-04-05 16:55:54] user=rajesh role=user action=LOGIN table=- id=- status=SUCCESS
[2026-04-05 16:55:54] user=rajesh role=user action=FORBIDDEN table=- id=/api/members status=DENIED
[2026-04-05 16:55:54] user=rajesh role=user action=FORBIDDEN table=Member id=MEM002 status=DENIED
[2026-04-05 16:55:54] user=rajesh role=user action=LOGIN table=- id=- status=SUCCESS
[2026-04-05 16:55:54] user=rajesh role=user action=LOGIN table=- id=- status=SUCCESS
[2026-04-05 16:55:54] user=rajesh role=user action=LOGIN table=- id=- status=SUCCESS
[2026-04-05 16:55:54] user=rajesh role=user action=LOGIN table=- id=- status=SUCCESS
[2026-04-05 16:55:54] user=rajesh role=user action=LOGIN table=- id=- status=SUCCESS
[2026-04-05 16:55:54] user=rajesh role=user action=ONLINE_CHECKOUT table=Sale id=SAL096 status=SUCCESS
[2026-04-05 16:55:54] user=rajesh role=user action=ONLINE_CHECKOUT table=Sale id=SAL097 status=SUCCESS
[2026-04-05 16:55:55] user=priya role=user action=LOGIN table=- id=- status=SUCCESS
[2026-04-05 16:55:55] user=priya role=user action=ONLINE_CHECKOUT table=Sale id=SAL098 status=SUCCESS
[2026-04-05 17:00:13] user=vikram role=user action=LOGIN table=- id=- status=SUCCESS
[2026-04-05 17:00:13] user=amit role=user action=LOGIN table=- id=- status=SUCCESS
[2026-04-05 17:00:13] user=vikram role=user action=LOGIN table=- id=- status=SUCCESS
[2026-04-05 17:00:13] user=rajesh role=user action=LOGIN table=- id=- status=SUCCESS
[2026-04-05 17:00:13] user=rajesh role=user action=LOGIN table=- id=- status=SUCCESS
[2026-04-05 17:00:14] user=sneha role=user action=LOGIN table=- id=- status=SUCCESS
[2026-04-05 17:00:14] user=sneha role=user action=LOGIN table=- id=- status=SUCCESS
[2026-04-05 17:00:14] user=priya role=user action=LOGIN table=- id=- status=SUCCESS
[2026-04-05 17:00:14] user=sneha role=user action=LOGIN table=- id=- status=SUCCESS
[2026-04-05 17:00:14] user=amit role=user action=LOGIN table=- id=- status=SUCCESS
[2026-04-05 17:00:14] user=sneha role=user action=ONLINE_CHECKOUT table=Sale id=SAL099 status=SUCCESS
[2026-04-05 17:00:15] user=vikram role=user action=ONLINE_CHECKOUT table=Sale id=SAL100 status=SUCCESS
[2026-04-05 17:00:15] user=vikram role=user action=LOGIN table=- id=- status=SUCCESS
[2026-04-05 17:00:15] user=sneha role=user action=LOGIN table=- id=- status=SUCCESS
[2026-04-05 17:00:15] user=vikram role=user action=LOGIN table=- id=- status=SUCCESS
[2026-04-05 17:00:15] user=rajesh role=user action=LOGIN table=- id=- status=SUCCESS
[2026-04-05 17:00:15] user=rajesh role=user action=LOGIN table=- id=- status=SUCCESS
[2026-04-05 17:00:15] user=vikram role=user action=ONLINE_CHECKOUT table=Sale id=SAL101 status=SUCCESS
[2026-04-05 17:00:16] user=vikram role=user action=LOGIN table=- id=- status=SUCCESS
[2026-04-05 17:00:16] user=amit role=user action=LOGIN table=- id=- status=SUCCESS
[2026-04-05 17:00:16] user=sneha role=user action=LOGIN table=- id=- status=SUCCESS
[2026-04-05 17:00:16] user=rajesh role=user action=LOGIN table=- id=- status=SUCCESS
[2026-04-05 17:00:16] user=sneha role=user action=LOGIN table=- id=- status=SUCCESS
[2026-04-05 17:00:17] user=sneha role=user action=ONLINE_CHECKOUT table=Sale id=SAL102 status=SUCCESS
[2026-04-05 17:00:20] user=priya role=user action=ONLINE_CHECKOUT table=Sale id=SAL103 status=SUCCESS
[2026-04-05 17:00:20] user=amit role=user action=ONLINE_CHECKOUT table=Sale id=SAL104 status=SUCCESS
[2026-04-05 17:00:21] user=priya role=user action=ONLINE_CHECKOUT table=Sale id=SAL105 status=SUCCESS
[2026-04-05 17:00:21] user=sneha role=user action=ONLINE_CHECKOUT table=Sale id=SAL106 status=SUCCESS
[2026-04-05 17:00:21] user=sneha role=user action=ONLINE_CHECKOUT table=Sale id=SAL107 status=SUCCESS
[2026-04-05 17:00:22] user=sneha role=user action=ONLINE_CHECKOUT table=Sale id=SAL108 status=SUCCESS
[2026-04-05 17:00:24] user=amit role=user action=ONLINE_CHECKOUT table=Sale id=SAL109 status=SUCCESS
[2026-04-05 17:00:26] user=sneha role=user action=ONLINE_CHECKOUT table=Sale id=SAL110 status=SUCCESS
[2026-04-05 17:00:27] user=amit role=user action=ONLINE_CHECKOUT table=Sale id=SAL111 status=SUCCESS
[2026-04-05 17:00:29] user=rajesh role=user action=ONLINE_CHECKOUT table=Sale id=SAL112 status=SUCCESS
[2026-04-05 17:00:31] user=amit role=user action=ONLINE_CHECKOUT table=Sale id=SAL113 status=SUCCESS
[2026-04-05 17:00:32] user=vikram role=user action=ONLINE_CHECKOUT table=Sale id=SAL114 status=SUCCESS
[2026-04-05 17:00:34] user=vikram role=user action=ONLINE_CHECKOUT table=Sale id=SAL115 status=SUCCESS
[2026-04-05 17:00:35] user=sneha role=user action=ONLINE_CHECKOUT table=Sale id=SAL116 status=SUCCESS
[2026-04-05 17:00:37] user=rajesh role=user action=ONLINE_CHECKOUT table=Sale id=SAL117 status=SUCCESS
[2026-04-05 17:00:37] user=amit role=user action=ONLINE_CHECKOUT table=Sale id=SAL118 status=SUCCESS
[2026-04-05 17:00:39] user=vikram role=user action=ONLINE_CHECKOUT table=Sale id=SAL119 status=SUCCESS
[2026-04-05 17:00:40] user=amit role=user action=ONLINE_CHECKOUT table=Sale id=SAL120 status=SUCCESS
[2026-04-05 17:00:42] user=rajesh role=user action=ONLINE_CHECKOUT table=Sale id=SAL121 status=SUCCESS
[2026-04-05 17:00:46] user=rajesh role=user action=ONLINE_CHECKOUT table=Sale id=SAL122 status=SUCCESS
[2026-04-05 17:00:46] user=amit role=user action=ONLINE_CHECKOUT table=Sale id=SAL123 status=SUCCESS
[2026-04-05 17:00:46] user=rajesh role=user action=ONLINE_CHECKOUT table=Sale id=SAL124 status=SUCCESS
[2026-04-05 17:00:46] user=vikram role=user action=ONLINE_CHECKOUT table=Sale id=SAL125 status=SUCCESS
[2026-04-05 17:00:48] user=rajesh role=user action=ONLINE_CHECKOUT table=Sale id=SAL126 status=SUCCESS
[2026-04-05 17:00:49] user=sneha role=user action=ONLINE_CHECKOUT table=Sale id=SAL127 status=SUCCESS
[2026-04-05 17:00:50] user=rajesh role=user action=ONLINE_CHECKOUT table=Sale id=SAL128 status=SUCCESS
[2026-04-05 17:00:51] user=rajesh role=user action=ONLINE_CHECKOUT table=Sale id=SAL129 status=SUCCESS
[2026-04-05 17:01:01] user=amit role=user action=LOGIN table=- id=- status=SUCCESS
[2026-04-05 17:01:01] user=sneha role=user action=LOGIN table=- id=- status=SUCCESS
[2026-04-05 17:01:01] user=amit role=user action=LOGIN table=- id=- status=SUCCESS
[2026-04-05 17:01:01] user=vikram role=user action=LOGIN table=- id=- status=SUCCESS
[2026-04-05 17:01:01] user=vikram role=user action=LOGIN table=- id=- status=SUCCESS
[2026-04-05 17:01:01] user=rajesh role=user action=LOGIN table=- id=- status=SUCCESS
[2026-04-05 17:01:01] user=priya role=user action=LOGIN table=- id=- status=SUCCESS
[2026-04-05 17:01:01] user=amit role=user action=LOGIN table=- id=- status=SUCCESS
[2026-04-05 17:01:01] user=priya role=user action=LOGIN table=- id=- status=SUCCESS
[2026-04-05 17:01:01] user=priya role=user action=LOGIN table=- id=- status=SUCCESS
[2026-04-05 17:01:02] user=vikram role=user action=LOGIN table=- id=- status=SUCCESS
[2026-04-05 17:01:02] user=vikram role=user action=LOGIN table=- id=- status=SUCCESS
[2026-04-05 17:01:02] user=priya role=user action=LOGIN table=- id=- status=SUCCESS
[2026-04-05 17:01:02] user=rajesh role=user action=LOGIN table=- id=- status=SUCCESS
[2026-04-05 17:01:02] user=rajesh role=user action=LOGIN table=- id=- status=SUCCESS
[2026-04-05 17:01:02] user=rajesh role=user action=LOGIN table=- id=- status=SUCCESS
[2026-04-05 17:01:02] user=rajesh role=user action=LOGIN table=- id=- status=SUCCESS
[2026-04-05 17:01:02] user=vikram role=user action=LOGIN table=- id=- status=SUCCESS
[2026-04-05 17:01:02] user=sneha role=user action=LOGIN table=- id=- status=SUCCESS
[2026-04-05 17:01:02] user=sneha role=user action=LOGIN table=- id=- status=SUCCESS
[2026-04-05 17:01:02] user=priya role=user action=ONLINE_CHECKOUT table=Sale id=SAL130 status=SUCCESS
[2026-04-05 17:01:03] user=vikram role=user action=LOGIN table=- id=- status=SUCCESS
[2026-04-05 17:01:03] user=vikram role=user action=LOGIN table=- id=- status=SUCCESS
[2026-04-05 17:01:03] user=sneha role=user action=LOGIN table=- id=- status=SUCCESS
[2026-04-05 17:01:03] user=priya role=user action=LOGIN table=- id=- status=SUCCESS
[2026-04-05 17:01:03] user=amit role=user action=LOGIN table=- id=- status=SUCCESS
[2026-04-05 17:01:03] user=priya role=user action=LOGIN table=- id=- status=SUCCESS
[2026-04-05 17:01:03] user=rajesh role=user action=LOGIN table=- id=- status=SUCCESS
[2026-04-05 17:01:03] user=priya role=user action=LOGIN table=- id=- status=SUCCESS
[2026-04-05 17:01:03] user=vikram role=user action=LOGIN table=- id=- status=SUCCESS
[2026-04-05 17:01:03] user=rajesh role=user action=LOGIN table=- id=- status=SUCCESS
[2026-04-05 17:01:03] user=rajesh role=user action=ONLINE_CHECKOUT table=Sale id=SAL131 status=SUCCESS
[2026-04-05 17:01:04] user=amit role=user action=LOGIN table=- id=- status=SUCCESS
[2026-04-05 17:01:04] user=amit role=user action=LOGIN table=- id=- status=SUCCESS
[2026-04-05 17:01:04] user=sneha role=user action=LOGIN table=- id=- status=SUCCESS
[2026-04-05 17:01:04] user=priya role=user action=LOGIN table=- id=- status=SUCCESS
[2026-04-05 17:01:04] user=vikram role=user action=LOGIN table=- id=- status=SUCCESS
[2026-04-05 17:01:04] user=priya role=user action=LOGIN table=- id=- status=SUCCESS
[2026-04-05 17:01:04] user=amit role=user action=LOGIN table=- id=- status=SUCCESS
[2026-04-05 17:01:04] user=priya role=user action=LOGIN table=- id=- status=SUCCESS
[2026-04-05 17:01:04] user=amit role=user action=LOGIN table=- id=- status=SUCCESS
[2026-04-05 17:01:04] user=priya role=user action=ONLINE_CHECKOUT table=Sale id=SAL132 status=SUCCESS
[2026-04-05 17:01:04] user=priya role=user action=LOGIN table=- id=- status=SUCCESS
[2026-04-05 17:01:04] user=rajesh role=user action=ONLINE_CHECKOUT table=Sale id=SAL133 status=SUCCESS
[2026-04-05 17:01:05] user=rajesh role=user action=LOGIN table=- id=- status=SUCCESS
[2026-04-05 17:01:05] user=amit role=user action=LOGIN table=- id=- status=SUCCESS
[2026-04-05 17:01:05] user=sneha role=user action=LOGIN table=- id=- status=SUCCESS
[2026-04-05 17:01:05] user=amit role=user action=LOGIN table=- id=- status=SUCCESS
[2026-04-05 17:01:05] user=priya role=user action=LOGIN table=- id=- status=SUCCESS
[2026-04-05 17:01:05] user=priya role=user action=LOGIN table=- id=- status=SUCCESS
[2026-04-05 17:01:05] user=priya role=user action=LOGIN table=- id=- status=SUCCESS
[2026-04-05 17:01:05] user=rajesh role=user action=LOGIN table=- id=- status=SUCCESS
[2026-04-05 17:01:05] user=rajesh role=user action=LOGIN table=- id=- status=SUCCESS
[2026-04-05 17:01:05] user=rajesh role=user action=LOGIN table=- id=- status=SUCCESS
[2026-04-05 17:01:05] user=amit role=user action=ONLINE_CHECKOUT table=Sale id=SAL134 status=SUCCESS
[2026-04-05 17:01:06] user=priya role=user action=LOGIN table=- id=- status=SUCCESS
[2026-04-05 17:01:06] user=priya role=user action=ONLINE_CHECKOUT table=Sale id=SAL135 status=SUCCESS
[2026-04-05 17:01:06] user=amit role=user action=LOGIN table=- id=- status=SUCCESS
[2026-04-05 17:01:06] user=sneha role=user action=LOGIN table=- id=- status=SUCCESS
[2026-04-05 17:01:06] user=priya role=user action=LOGIN table=- id=- status=SUCCESS
[2026-04-05 17:01:06] user=rajesh role=user action=LOGIN table=- id=- status=SUCCESS
[2026-04-05 17:01:06] user=priya role=user action=LOGIN table=- id=- status=SUCCESS
[2026-04-05 17:01:06] user=rajesh role=user action=LOGIN table=- id=- status=SUCCESS
[2026-04-05 17:01:06] user=amit role=user action=LOGIN table=- id=- status=SUCCESS
[2026-04-05 17:01:06] user=sneha role=user action=LOGIN table=- id=- status=SUCCESS
[2026-04-05 17:01:06] user=amit role=user action=LOGIN table=- id=- status=SUCCESS
[2026-04-05 17:01:07] user=rajesh role=user action=LOGIN table=- id=- status=SUCCESS
[2026-04-05 17:01:07] user=vikram role=user action=LOGIN table=- id=- status=SUCCESS
[2026-04-05 17:01:07] user=amit role=user action=LOGIN table=- id=- status=SUCCESS
[2026-04-05 17:01:07] user=amit role=user action=LOGIN table=- id=- status=SUCCESS
[2026-04-05 17:01:07] user=priya role=user action=LOGIN table=- id=- status=SUCCESS
[2026-04-05 17:01:07] user=rajesh role=user action=LOGIN table=- id=- status=SUCCESS
[2026-04-05 17:01:07] user=sneha role=user action=LOGIN table=- id=- status=SUCCESS
[2026-04-05 17:01:07] user=amit role=user action=LOGIN table=- id=- status=SUCCESS
[2026-04-05 17:01:07] user=vikram role=user action=LOGIN table=- id=- status=SUCCESS
[2026-04-05 17:01:07] user=priya role=user action=LOGIN table=- id=- status=SUCCESS
[2026-04-05 17:01:07] user=amit role=user action=ONLINE_CHECKOUT table=Sale id=SAL136 status=SUCCESS
[2026-04-05 17:01:07] user=vikram role=user action=ONLINE_CHECKOUT table=Sale id=SAL137 status=SUCCESS
[2026-04-05 17:01:08] user=sneha role=user action=LOGIN table=- id=- status=SUCCESS
[2026-04-05 17:01:08] user=vikram role=user action=LOGIN table=- id=- status=SUCCESS
[2026-04-05 17:01:08] user=amit role=user action=LOGIN table=- id=- status=SUCCESS
[2026-04-05 17:01:08] user=sneha role=user action=LOGIN table=- id=- status=SUCCESS
[2026-04-05 17:01:08] user=sneha role=user action=LOGIN table=- id=- status=SUCCESS
[2026-04-05 17:01:08] user=sneha role=user action=LOGIN table=- id=- status=SUCCESS
[2026-04-05 17:01:08] user=amit role=user action=LOGIN table=- id=- status=SUCCESS
[2026-04-05 17:01:08] user=sneha role=user action=LOGIN table=- id=- status=SUCCESS
[2026-04-05 17:01:08] user=amit role=user action=LOGIN table=- id=- status=SUCCESS
[2026-04-05 17:01:08] user=priya role=user action=LOGIN table=- id=- status=SUCCESS
[2026-04-05 17:01:08] user=amit role=user action=ONLINE_CHECKOUT table=Sale id=SAL138 status=SUCCESS
[2026-04-05 17:01:08] user=amit role=user action=ONLINE_CHECKOUT table=Sale id=SAL139 status=SUCCESS
[2026-04-05 17:01:09] user=rajesh role=user action=LOGIN table=- id=- status=SUCCESS
[2026-04-05 17:01:09] user=priya role=user action=LOGIN table=- id=- status=SUCCESS
[2026-04-05 17:01:09] user=priya role=user action=LOGIN table=- id=- status=SUCCESS
[2026-04-05 17:01:09] user=rajesh role=user action=LOGIN table=- id=- status=SUCCESS
[2026-04-05 17:01:09] user=sneha role=user action=LOGIN table=- id=- status=SUCCESS
[2026-04-05 17:01:09] user=vikram role=user action=LOGIN table=- id=- status=SUCCESS
[2026-04-05 17:01:09] user=sneha role=user action=LOGIN table=- id=- status=SUCCESS
[2026-04-05 17:01:09] user=vikram role=user action=LOGIN table=- id=- status=SUCCESS
[2026-04-05 17:01:09] user=rajesh role=user action=LOGIN table=- id=- status=SUCCESS
[2026-04-05 17:01:09] user=amit role=user action=LOGIN table=- id=- status=SUCCESS
[2026-04-05 17:01:09] user=rajesh role=user action=ONLINE_CHECKOUT table=Sale id=SAL140 status=SUCCESS
[2026-04-05 17:01:09] user=vikram role=user action=ONLINE_CHECKOUT table=Sale id=SAL141 status=SUCCESS
[2026-04-05 17:01:09] user=rajesh role=user action=ONLINE_CHECKOUT table=Sale id=SAL142 status=SUCCESS
[2026-04-05 17:01:10] user=priya role=user action=LOGIN table=- id=- status=SUCCESS
[2026-04-05 17:01:10] user=sneha role=user action=LOGIN table=- id=- status=SUCCESS
[2026-04-05 17:01:10] user=priya role=user action=LOGIN table=- id=- status=SUCCESS
[2026-04-05 17:01:10] user=priya role=user action=LOGIN table=- id=- status=SUCCESS
[2026-04-05 17:01:10] user=vikram role=user action=LOGIN table=- id=- status=SUCCESS
[2026-04-05 17:01:10] user=priya role=user action=LOGIN table=- id=- status=SUCCESS
[2026-04-05 17:01:10] user=sneha role=user action=LOGIN table=- id=- status=SUCCESS
[2026-04-05 17:01:10] user=vikram role=user action=LOGIN table=- id=- status=SUCCESS
[2026-04-05 17:01:10] user=rajesh role=user action=LOGIN table=- id=- status=SUCCESS
[2026-04-05 17:01:10] user=amit role=user action=LOGIN table=- id=- status=SUCCESS
[2026-04-05 17:01:10] user=amit role=user action=ONLINE_CHECKOUT table=Sale id=SAL143 status=SUCCESS
[2026-04-05 17:01:10] user=rajesh role=user action=ONLINE_CHECKOUT table=Sale id=SAL144 status=SUCCESS
[2026-04-05 17:01:11] user=rajesh role=user action=ONLINE_CHECKOUT table=Sale id=SAL145 status=SUCCESS
[2026-04-05 17:01:11] user=amit role=user action=ONLINE_CHECKOUT table=Sale id=SAL146 status=SUCCESS
[2026-04-05 17:01:12] user=sneha role=user action=ONLINE_CHECKOUT table=Sale id=SAL147 status=SUCCESS
[2026-04-05 17:01:12] user=rajesh role=user action=ONLINE_CHECKOUT table=Sale id=SAL148 status=SUCCESS
[2026-04-05 17:01:13] user=sneha role=user action=ONLINE_CHECKOUT table=Sale id=SAL149 status=SUCCESS
[2026-04-05 17:01:13] user=amit role=user action=ONLINE_CHECKOUT table=Sale id=SAL150 status=SUCCESS
[2026-04-05 17:01:16] user=sneha role=user action=ONLINE_CHECKOUT table=Sale id=SAL151 status=SUCCESS
[2026-04-05 17:01:16] user=priya role=user action=ONLINE_CHECKOUT table=Sale id=SAL152 status=SUCCESS
[2026-04-05 17:01:16] user=amit role=user action=ONLINE_CHECKOUT table=Sale id=SAL153 status=SUCCESS
[2026-04-05 17:01:16] user=priya role=user action=ONLINE_CHECKOUT table=Sale id=SAL154 status=SUCCESS
[2026-04-05 17:01:16] user=rajesh role=user action=ONLINE_CHECKOUT table=Sale id=SAL155 status=SUCCESS
[2026-04-05 17:01:17] user=priya role=user action=ONLINE_CHECKOUT table=Sale id=SAL156 status=SUCCESS
[2026-04-05 17:01:17] user=sneha role=user action=ONLINE_CHECKOUT table=Sale id=SAL157 status=SUCCESS
[2026-04-05 17:01:18] user=rajesh role=user action=ONLINE_CHECKOUT table=Sale id=SAL158 status=SUCCESS
[2026-04-05 17:01:19] user=sneha role=user action=ONLINE_CHECKOUT table=Sale id=SAL159 status=SUCCESS
[2026-04-05 17:01:19] user=sneha role=user action=ONLINE_CHECKOUT table=Sale id=SAL160 status=SUCCESS
[2026-04-05 17:01:20] user=rajesh role=user action=ONLINE_CHECKOUT table=Sale id=SAL161 status=SUCCESS
[2026-04-05 17:01:20] user=amit role=user action=ONLINE_CHECKOUT table=Sale id=SAL162 status=SUCCESS
[2026-04-05 17:01:22] user=amit role=user action=ONLINE_CHECKOUT table=Sale id=SAL163 status=SUCCESS
[2026-04-05 17:01:22] user=rajesh role=user action=ONLINE_CHECKOUT table=Sale id=SAL164 status=SUCCESS
[2026-04-05 17:01:23] user=rajesh role=user action=ONLINE_CHECKOUT table=Sale id=SAL165 status=SUCCESS
[2026-04-05 17:01:23] user=rajesh role=user action=ONLINE_CHECKOUT table=Sale id=SAL166 status=SUCCESS
[2026-04-05 17:01:25] user=rajesh role=user action=ONLINE_CHECKOUT table=Sale id=SAL167 status=SUCCESS
[2026-04-05 17:01:25] user=amit role=user action=ONLINE_CHECKOUT table=Sale id=SAL168 status=SUCCESS
[2026-04-05 17:01:25] user=rajesh role=user action=ONLINE_CHECKOUT table=Sale id=SAL169 status=SUCCESS
[2026-04-05 17:01:25] user=amit role=user action=ONLINE_CHECKOUT table=Sale id=SAL170 status=SUCCESS
[2026-04-05 17:01:26] user=rajesh role=user action=ONLINE_CHECKOUT table=Sale id=SAL171 status=SUCCESS
[2026-04-05 17:01:26] user=rajesh role=user action=ONLINE_CHECKOUT table=Sale id=SAL172 status=SUCCESS
[2026-04-05 17:01:26] user=sneha role=user action=ONLINE_CHECKOUT table=Sale id=SAL173 status=SUCCESS
[2026-04-05 17:01:26] user=vikram role=user action=ONLINE_CHECKOUT table=Sale id=SAL174 status=SUCCESS
[2026-04-05 17:01:27] user=sneha role=user action=ONLINE_CHECKOUT table=Sale id=SAL175 status=SUCCESS
[2026-04-05 17:01:28] user=priya role=user action=ONLINE_CHECKOUT table=Sale id=SAL176 status=SUCCESS
[2026-04-05 17:01:28] user=amit role=user action=ONLINE_CHECKOUT table=Sale id=SAL177 status=SUCCESS
[2026-04-05 17:01:28] user=vikram role=user action=ONLINE_CHECKOUT table=Sale id=SAL178 status=SUCCESS
[2026-04-05 17:01:29] user=rajesh role=user action=ONLINE_CHECKOUT table=Sale id=SAL179 status=SUCCESS
[2026-04-05 17:01:30] user=sneha role=user action=ONLINE_CHECKOUT table=Sale id=SAL180 status=SUCCESS
[2026-04-05 17:01:30] user=priya role=user action=ONLINE_CHECKOUT table=Sale id=SAL181 status=SUCCESS
[2026-04-05 17:01:30] user=priya role=user action=ONLINE_CHECKOUT table=Sale id=SAL182 status=SUCCESS
[2026-04-05 17:01:30] user=sneha role=user action=ONLINE_CHECKOUT table=Sale id=SAL183 status=SUCCESS
[2026-04-05 17:01:30] user=sneha role=user action=ONLINE_CHECKOUT table=Sale id=SAL184 status=SUCCESS
[2026-04-05 17:01:30] user=amit role=user action=ONLINE_CHECKOUT table=Sale id=SAL185 status=SUCCESS
[2026-04-05 17:01:31] user=vikram role=user action=ONLINE_CHECKOUT table=Sale id=SAL186 status=SUCCESS
[2026-04-05 17:01:31] user=amit role=user action=ONLINE_CHECKOUT table=Sale id=SAL187 status=SUCCESS
[2026-04-05 17:01:31] user=priya role=user action=ONLINE_CHECKOUT table=Sale id=SAL188 status=SUCCESS
[2026-04-05 17:01:31] user=priya role=user action=ONLINE_CHECKOUT table=Sale id=SAL189 status=SUCCESS
[2026-04-05 17:01:31] user=priya role=user action=ONLINE_CHECKOUT table=Sale id=SAL190 status=SUCCESS
[2026-04-05 17:01:32] user=rajesh role=user action=ONLINE_CHECKOUT table=Sale id=SAL191 status=SUCCESS
[2026-04-05 17:01:32] user=sneha role=user action=ONLINE_CHECKOUT table=Sale id=SAL192 status=SUCCESS
[2026-04-05 17:01:32] user=sneha role=user action=ONLINE_CHECKOUT table=Sale id=SAL193 status=SUCCESS
[2026-04-05 17:01:33] user=priya role=user action=ONLINE_CHECKOUT table=Sale id=SAL194 status=SUCCESS
[2026-04-05 17:01:33] user=sneha role=user action=ONLINE_CHECKOUT table=Sale id=SAL195 status=SUCCESS
[2026-04-05 17:01:33] user=sneha role=user action=ONLINE_CHECKOUT table=Sale id=SAL196 status=SUCCESS
[2026-04-05 17:01:33] user=priya role=user action=ONLINE_CHECKOUT table=Sale id=SAL197 status=SUCCESS
[2026-04-05 17:01:34] user=sneha role=user action=ONLINE_CHECKOUT table=Sale id=SAL198 status=SUCCESS
[2026-04-05 17:01:34] user=amit role=user action=ONLINE_CHECKOUT table=Sale id=SAL199 status=SUCCESS
[2026-04-05 17:01:34] user=vikram role=user action=ONLINE_CHECKOUT table=Sale id=SAL200 status=SUCCESS
[2026-04-05 17:01:34] user=rajesh role=user action=ONLINE_CHECKOUT table=Sale id=SAL201 status=SUCCESS
[2026-04-05 17:01:34] user=amit role=user action=ONLINE_CHECKOUT table=Sale id=SAL202 status=SUCCESS
[2026-04-05 17:01:35] user=sneha role=user action=ONLINE_CHECKOUT table=Sale id=SAL203 status=SUCCESS
[2026-04-05 17:01:35] user=priya role=user action=ONLINE_CHECKOUT table=Sale id=SAL204 status=SUCCESS
[2026-04-05 17:01:36] user=priya role=user action=ONLINE_CHECKOUT table=Sale id=SAL205 status=SUCCESS
[2026-04-05 17:01:36] user=vikram role=user action=ONLINE_CHECKOUT table=Sale id=SAL206 status=SUCCESS
[2026-04-05 17:01:49] user=amit role=user action=LOGIN table=- id=- status=SUCCESS
[2026-04-05 17:01:49] user=vikram role=user action=LOGIN table=- id=- status=SUCCESS
[2026-04-05 17:01:49] user=amit role=user action=LOGIN table=- id=- status=SUCCESS
[2026-04-05 17:01:49] user=rajesh role=user action=LOGIN table=- id=- status=SUCCESS
[2026-04-05 17:01:49] user=vikram role=user action=LOGIN table=- id=- status=SUCCESS
[2026-04-05 17:01:49] user=priya role=user action=LOGIN table=- id=- status=SUCCESS
[2026-04-05 17:01:49] user=amit role=user action=LOGIN table=- id=- status=SUCCESS
[2026-04-05 17:01:49] user=priya role=user action=LOGIN table=- id=- status=SUCCESS
[2026-04-05 17:01:49] user=amit role=user action=LOGIN table=- id=- status=SUCCESS
[2026-04-05 17:01:49] user=sneha role=user action=LOGIN table=- id=- status=SUCCESS
[2026-04-05 17:01:50] user=sneha role=user action=LOGIN table=- id=- status=SUCCESS
[2026-04-05 17:01:50] user=sneha role=user action=LOGIN table=- id=- status=SUCCESS
[2026-04-05 17:01:50] user=vikram role=user action=LOGIN table=- id=- status=SUCCESS
[2026-04-05 17:01:50] user=sneha role=user action=LOGIN table=- id=- status=SUCCESS
[2026-04-05 17:01:50] user=amit role=user action=LOGIN table=- id=- status=SUCCESS
[2026-04-05 17:01:50] user=priya role=user action=LOGIN table=- id=- status=SUCCESS
[2026-04-05 17:01:50] user=priya role=user action=LOGIN table=- id=- status=SUCCESS
[2026-04-05 17:01:50] user=rajesh role=user action=LOGIN table=- id=- status=SUCCESS
[2026-04-05 17:01:50] user=rajesh role=user action=LOGIN table=- id=- status=SUCCESS
[2026-04-05 17:01:50] user=priya role=user action=LOGIN table=- id=- status=SUCCESS
[2026-04-05 17:01:51] user=sneha role=user action=LOGIN table=- id=- status=SUCCESS
[2026-04-05 17:01:51] user=vikram role=user action=LOGIN table=- id=- status=SUCCESS
[2026-04-05 17:01:51] user=sneha role=user action=LOGIN table=- id=- status=SUCCESS
[2026-04-05 17:01:51] user=priya role=user action=LOGIN table=- id=- status=SUCCESS
[2026-04-05 17:01:51] user=amit role=user action=LOGIN table=- id=- status=SUCCESS
[2026-04-05 17:01:51] user=sneha role=user action=LOGIN table=- id=- status=SUCCESS
[2026-04-05 17:01:51] user=priya role=user action=LOGIN table=- id=- status=SUCCESS
[2026-04-05 17:01:51] user=rajesh role=user action=LOGIN table=- id=- status=SUCCESS
[2026-04-05 17:01:51] user=vikram role=user action=LOGIN table=- id=- status=SUCCESS
[2026-04-05 17:01:51] user=sneha role=user action=LOGIN table=- id=- status=SUCCESS
[2026-04-05 17:01:52] user=rajesh role=user action=LOGIN table=- id=- status=SUCCESS
[2026-04-05 17:01:52] user=vikram role=user action=LOGIN table=- id=- status=SUCCESS
[2026-04-05 17:01:52] user=rajesh role=user action=LOGIN table=- id=- status=SUCCESS
[2026-04-05 17:01:52] user=priya role=user action=LOGIN table=- id=- status=SUCCESS
[2026-04-05 17:01:52] user=amit role=user action=LOGIN table=- id=- status=SUCCESS
[2026-04-05 17:01:52] user=vikram role=user action=LOGIN table=- id=- status=SUCCESS
[2026-04-05 17:01:52] user=priya role=user action=LOGIN table=- id=- status=SUCCESS
[2026-04-05 17:01:52] user=priya role=user action=ONLINE_CHECKOUT table=Sale id=SAL207 status=SUCCESS
[2026-04-05 17:01:52] user=vikram role=user action=LOGIN table=- id=- status=SUCCESS
[2026-04-05 17:01:52] user=priya role=user action=LOGIN table=- id=- status=SUCCESS
[2026-04-05 17:01:52] user=priya role=user action=LOGIN table=- id=- status=SUCCESS
[2026-04-05 17:01:52] user=priya role=user action=ONLINE_CHECKOUT table=Sale id=SAL208 status=SUCCESS
[2026-04-05 17:01:53] user=vikram role=user action=ONLINE_CHECKOUT table=Sale id=SAL209 status=SUCCESS
[2026-04-05 17:01:53] user=priya role=user action=LOGIN table=- id=- status=SUCCESS
[2026-04-05 17:01:53] user=sneha role=user action=LOGIN table=- id=- status=SUCCESS
[2026-04-05 17:01:53] user=amit role=user action=LOGIN table=- id=- status=SUCCESS
[2026-04-05 17:01:53] user=priya role=user action=LOGIN table=- id=- status=SUCCESS
[2026-04-05 17:01:53] user=amit role=user action=LOGIN table=- id=- status=SUCCESS
[2026-04-05 17:01:53] user=amit role=user action=LOGIN table=- id=- status=SUCCESS
[2026-04-05 17:01:53] user=rajesh role=user action=LOGIN table=- id=- status=SUCCESS
[2026-04-05 17:01:53] user=rajesh role=user action=LOGIN table=- id=- status=SUCCESS
[2026-04-05 17:01:53] user=rajesh role=user action=LOGIN table=- id=- status=SUCCESS
[2026-04-05 17:01:53] user=priya role=user action=LOGIN table=- id=- status=SUCCESS
[2026-04-05 17:01:53] user=amit role=user action=ONLINE_CHECKOUT table=Sale id=SAL210 status=SUCCESS
[2026-04-05 17:01:53] user=priya role=user action=ONLINE_CHECKOUT table=Sale id=SAL211 status=SUCCESS
[2026-04-05 17:01:54] user=amit role=user action=LOGIN table=- id=- status=SUCCESS
[2026-04-05 17:01:54] user=priya role=user action=LOGIN table=- id=- status=SUCCESS
[2026-04-05 17:01:54] user=rajesh role=user action=LOGIN table=- id=- status=SUCCESS
[2026-04-05 17:01:54] user=sneha role=user action=LOGIN table=- id=- status=SUCCESS
[2026-04-05 17:01:54] user=vikram role=user action=LOGIN table=- id=- status=SUCCESS
[2026-04-05 17:01:54] user=rajesh role=user action=LOGIN table=- id=- status=SUCCESS
[2026-04-05 17:01:54] user=sneha role=user action=LOGIN table=- id=- status=SUCCESS
[2026-04-05 17:01:54] user=vikram role=user action=LOGIN table=- id=- status=SUCCESS
[2026-04-05 17:01:54] user=priya role=user action=LOGIN table=- id=- status=SUCCESS
[2026-04-05 17:01:54] user=amit role=user action=LOGIN table=- id=- status=SUCCESS
[2026-04-05 17:01:54] user=priya role=user action=ONLINE_CHECKOUT table=Sale id=SAL212 status=SUCCESS
[2026-04-05 17:01:54] user=rajesh role=user action=ONLINE_CHECKOUT table=Sale id=SAL213 status=SUCCESS
[2026-04-05 17:01:55] user=rajesh role=user action=ONLINE_CHECKOUT table=Sale id=SAL214 status=SUCCESS
[2026-04-05 17:01:55] user=amit role=user action=LOGIN table=- id=- status=SUCCESS
[2026-04-05 17:01:55] user=vikram role=user action=LOGIN table=- id=- status=SUCCESS
[2026-04-05 17:01:55] user=priya role=user action=LOGIN table=- id=- status=SUCCESS
[2026-04-05 17:01:55] user=priya role=user action=LOGIN table=- id=- status=SUCCESS
[2026-04-05 17:01:55] user=vikram role=user action=LOGIN table=- id=- status=SUCCESS
[2026-04-05 17:01:55] user=amit role=user action=LOGIN table=- id=- status=SUCCESS
[2026-04-05 17:01:55] user=amit role=user action=LOGIN table=- id=- status=SUCCESS
[2026-04-05 17:01:55] user=priya role=user action=LOGIN table=- id=- status=SUCCESS
[2026-04-05 17:01:55] user=vikram role=user action=LOGIN table=- id=- status=SUCCESS
[2026-04-05 17:01:55] user=priya role=user action=ONLINE_CHECKOUT table=Sale id=SAL215 status=SUCCESS
[2026-04-05 17:01:55] user=rajesh role=user action=LOGIN table=- id=- status=SUCCESS
[2026-04-05 17:01:56] user=vikram role=user action=ONLINE_CHECKOUT table=Sale id=SAL216 status=SUCCESS
[2026-04-05 17:01:56] user=amit role=user action=LOGIN table=- id=- status=SUCCESS
[2026-04-05 17:01:56] user=rajesh role=user action=LOGIN table=- id=- status=SUCCESS
[2026-04-05 17:01:56] user=priya role=user action=LOGIN table=- id=- status=SUCCESS
[2026-04-05 17:01:56] user=vikram role=user action=LOGIN table=- id=- status=SUCCESS
[2026-04-05 17:01:56] user=rajesh role=user action=LOGIN table=- id=- status=SUCCESS
[2026-04-05 17:01:56] user=priya role=user action=LOGIN table=- id=- status=SUCCESS
[2026-04-05 17:01:56] user=amit role=user action=LOGIN table=- id=- status=SUCCESS
[2026-04-05 17:01:56] user=rajesh role=user action=LOGIN table=- id=- status=SUCCESS
[2026-04-05 17:01:56] user=priya role=user action=LOGIN table=- id=- status=SUCCESS
[2026-04-05 17:01:56] user=sneha role=user action=LOGIN table=- id=- status=SUCCESS
[2026-04-05 17:01:57] user=priya role=user action=ONLINE_CHECKOUT table=Sale id=SAL217 status=SUCCESS
[2026-04-05 17:01:57] user=vikram role=user action=ONLINE_CHECKOUT table=Sale id=SAL218 status=SUCCESS
[2026-04-05 17:01:57] user=rajesh role=user action=ONLINE_CHECKOUT table=Sale id=SAL219 status=SUCCESS
[2026-04-05 17:01:57] user=sneha role=user action=LOGIN table=- id=- status=SUCCESS
[2026-04-05 17:01:57] user=priya role=user action=LOGIN table=- id=- status=SUCCESS
[2026-04-05 17:01:57] user=sneha role=user action=ONLINE_CHECKOUT table=Sale id=SAL220 status=SUCCESS
[2026-04-05 17:01:57] user=sneha role=user action=LOGIN table=- id=- status=SUCCESS
[2026-04-05 17:01:57] user=amit role=user action=LOGIN table=- id=- status=SUCCESS
[2026-04-05 17:01:57] user=vikram role=user action=LOGIN table=- id=- status=SUCCESS
[2026-04-05 17:01:57] user=priya role=user action=LOGIN table=- id=- status=SUCCESS
[2026-04-05 17:01:57] user=sneha role=user action=LOGIN table=- id=- status=SUCCESS
[2026-04-05 17:01:57] user=priya role=user action=LOGIN table=- id=- status=SUCCESS
[2026-04-05 17:01:57] user=priya role=user action=LOGIN table=- id=- status=SUCCESS
[2026-04-05 17:01:57] user=vikram role=user action=LOGIN table=- id=- status=SUCCESS
[2026-04-05 17:01:58] user=rajesh role=user action=ONLINE_CHECKOUT table=Sale id=SAL221 status=SUCCESS
[2026-04-05 17:01:58] user=amit role=user action=LOGIN table=- id=- status=SUCCESS
[2026-04-05 17:01:58] user=vikram role=user action=LOGIN table=- id=- status=SUCCESS
[2026-04-05 17:01:58] user=sneha role=user action=LOGIN table=- id=- status=SUCCESS
[2026-04-05 17:01:58] user=sneha role=user action=LOGIN table=- id=- status=SUCCESS
[2026-04-05 17:01:58] user=sneha role=user action=LOGIN table=- id=- status=SUCCESS
[2026-04-05 17:01:58] user=vikram role=user action=LOGIN table=- id=- status=SUCCESS
[2026-04-05 17:01:58] user=sneha role=user action=LOGIN table=- id=- status=SUCCESS
[2026-04-05 17:01:58] user=sneha role=user action=LOGIN table=- id=- status=SUCCESS
[2026-04-05 17:01:58] user=sneha role=user action=LOGIN table=- id=- status=SUCCESS
[2026-04-05 17:01:58] user=vikram role=user action=LOGIN table=- id=- status=SUCCESS
[2026-04-05 17:01:58] user=sneha role=user action=ONLINE_CHECKOUT table=Sale id=SAL222 status=SUCCESS
[2026-04-05 17:01:58] user=sneha role=user action=ONLINE_CHECKOUT table=Sale id=SAL223 status=SUCCESS
[2026-04-05 17:01:59] user=amit role=user action=LOGIN table=- id=- status=SUCCESS
[2026-04-05 17:01:59] user=sneha role=user action=LOGIN table=- id=- status=SUCCESS
[2026-04-05 17:01:59] user=vikram role=user action=LOGIN table=- id=- status=SUCCESS
[2026-04-05 17:01:59] user=sneha role=user action=LOGIN table=- id=- status=SUCCESS
[2026-04-05 17:01:59] user=rajesh role=user action=LOGIN table=- id=- status=SUCCESS
[2026-04-05 17:01:59] user=rajesh role=user action=LOGIN table=- id=- status=SUCCESS
[2026-04-05 17:01:59] user=amit role=user action=LOGIN table=- id=- status=SUCCESS
[2026-04-05 17:01:59] user=sneha role=user action=LOGIN table=- id=- status=SUCCESS
[2026-04-05 17:01:59] user=rajesh role=user action=LOGIN table=- id=- status=SUCCESS
[2026-04-05 17:01:59] user=amit role=user action=ONLINE_CHECKOUT table=Sale id=SAL224 status=SUCCESS
[2026-04-05 17:01:59] user=sneha role=user action=LOGIN table=- id=- status=SUCCESS
[2026-04-05 17:01:59] user=rajesh role=user action=ONLINE_CHECKOUT table=Sale id=SAL225 status=SUCCESS
[2026-04-05 17:02:00] user=vikram role=user action=ONLINE_CHECKOUT table=Sale id=SAL226 status=SUCCESS
[2026-04-05 17:02:00] user=amit role=user action=LOGIN table=- id=- status=SUCCESS
[2026-04-05 17:02:00] user=sneha role=user action=LOGIN table=- id=- status=SUCCESS
[2026-04-05 17:02:00] user=priya role=user action=LOGIN table=- id=- status=SUCCESS
[2026-04-05 17:02:00] user=priya role=user action=LOGIN table=- id=- status=SUCCESS
[2026-04-05 17:02:00] user=priya role=user action=ONLINE_CHECKOUT table=Sale id=SAL227 status=SUCCESS
[2026-04-05 17:02:00] user=amit role=user action=LOGIN table=- id=- status=SUCCESS
[2026-04-05 17:02:00] user=priya role=user action=LOGIN table=- id=- status=SUCCESS
[2026-04-05 17:02:00] user=amit role=user action=LOGIN table=- id=- status=SUCCESS
[2026-04-05 17:02:00] user=amit role=user action=LOGIN table=- id=- status=SUCCESS
[2026-04-05 17:02:00] user=sneha role=user action=LOGIN table=- id=- status=SUCCESS
[2026-04-05 17:02:00] user=amit role=user action=ONLINE_CHECKOUT table=Sale id=SAL228 status=SUCCESS
[2026-04-05 17:02:00] user=vikram role=user action=LOGIN table=- id=- status=SUCCESS
[2026-04-05 17:02:00] user=priya role=user action=ONLINE_CHECKOUT table=Sale id=SAL229 status=SUCCESS
[2026-04-05 17:02:01] user=vikram role=user action=LOGIN table=- id=- status=SUCCESS
[2026-04-05 17:02:01] user=vikram role=user action=ONLINE_CHECKOUT table=Sale id=SAL230 status=SUCCESS
[2026-04-05 17:02:01] user=vikram role=user action=LOGIN table=- id=- status=SUCCESS
[2026-04-05 17:02:01] user=vikram role=user action=ONLINE_CHECKOUT table=Sale id=SAL231 status=SUCCESS
[2026-04-05 17:02:01] user=priya role=user action=LOGIN table=- id=- status=SUCCESS
[2026-04-05 17:02:01] user=amit role=user action=LOGIN table=- id=- status=SUCCESS
[2026-04-05 17:02:01] user=sneha role=user action=LOGIN table=- id=- status=SUCCESS
[2026-04-05 17:02:01] user=vikram role=user action=LOGIN table=- id=- status=SUCCESS
[2026-04-05 17:02:01] user=amit role=user action=LOGIN table=- id=- status=SUCCESS
[2026-04-05 17:02:01] user=vikram role=user action=LOGIN table=- id=- status=SUCCESS
[2026-04-05 17:02:01] user=sneha role=user action=LOGIN table=- id=- status=SUCCESS
[2026-04-05 17:02:01] user=priya role=user action=LOGIN table=- id=- status=SUCCESS
[2026-04-05 17:02:01] user=vikram role=user action=ONLINE_CHECKOUT table=Sale id=SAL232 status=SUCCESS
[2026-04-05 17:02:01] user=amit role=user action=ONLINE_CHECKOUT table=Sale id=SAL233 status=SUCCESS
[2026-04-05 17:02:02] user=rajesh role=user action=ONLINE_CHECKOUT table=Sale id=SAL234 status=SUCCESS
[2026-04-05 17:02:02] user=amit role=user action=ONLINE_CHECKOUT table=Sale id=SAL235 status=SUCCESS
[2026-04-05 17:02:02] user=sneha role=user action=LOGIN table=- id=- status=SUCCESS
[2026-04-05 17:02:02] user=vikram role=user action=LOGIN table=- id=- status=SUCCESS
[2026-04-05 17:02:02] user=vikram role=user action=LOGIN table=- id=- status=SUCCESS
[2026-04-05 17:02:02] user=sneha role=user action=LOGIN table=- id=- status=SUCCESS
[2026-04-05 17:02:02] user=sneha role=user action=LOGIN table=- id=- status=SUCCESS
[2026-04-05 17:02:02] user=sneha role=user action=LOGIN table=- id=- status=SUCCESS
[2026-04-05 17:02:02] user=sneha role=user action=LOGIN table=- id=- status=SUCCESS
[2026-04-05 17:02:02] user=vikram role=user action=LOGIN table=- id=- status=SUCCESS
[2026-04-05 17:02:02] user=amit role=user action=LOGIN table=- id=- status=SUCCESS
[2026-04-05 17:02:02] user=sneha role=user action=LOGIN table=- id=- status=SUCCESS
[2026-04-05 17:02:02] user=amit role=user action=ONLINE_CHECKOUT table=Sale id=SAL236 status=SUCCESS
[2026-04-05 17:02:02] user=vikram role=user action=ONLINE_CHECKOUT table=Sale id=SAL237 status=SUCCESS
[2026-04-05 17:02:02] user=amit role=user action=ONLINE_CHECKOUT table=Sale id=SAL238 status=SUCCESS
[2026-04-05 17:02:02] user=priya role=user action=ONLINE_CHECKOUT table=Sale id=SAL239 status=SUCCESS
[2026-04-05 17:02:03] user=vikram role=user action=ONLINE_CHECKOUT table=Sale id=SAL240 status=SUCCESS
[2026-04-05 17:02:03] user=sneha role=user action=LOGIN table=- id=- status=SUCCESS
[2026-04-05 17:02:03] user=vikram role=user action=LOGIN table=- id=- status=SUCCESS
[2026-04-05 17:02:03] user=vikram role=user action=LOGIN table=- id=- status=SUCCESS
[2026-04-05 17:02:03] user=priya role=user action=LOGIN table=- id=- status=SUCCESS
[2026-04-05 17:02:03] user=amit role=user action=LOGIN table=- id=- status=SUCCESS
[2026-04-05 17:02:03] user=vikram role=user action=LOGIN table=- id=- status=SUCCESS
[2026-04-05 17:02:03] user=vikram role=user action=LOGIN table=- id=- status=SUCCESS
[2026-04-05 17:02:03] user=rajesh role=user action=LOGIN table=- id=- status=SUCCESS
[2026-04-05 17:02:03] user=priya role=user action=LOGIN table=- id=- status=SUCCESS
[2026-04-05 17:02:03] user=sneha role=user action=LOGIN table=- id=- status=SUCCESS
[2026-04-05 17:02:03] user=amit role=user action=ONLINE_CHECKOUT table=Sale id=SAL241 status=SUCCESS
[2026-04-05 17:02:03] user=sneha role=user action=ONLINE_CHECKOUT table=Sale id=SAL242 status=SUCCESS
[2026-04-05 17:02:03] user=priya role=user action=ONLINE_CHECKOUT table=Sale id=SAL243 status=SUCCESS
[2026-04-05 17:02:03] user=vikram role=user action=ONLINE_CHECKOUT table=Sale id=SAL244 status=SUCCESS
[2026-04-05 17:02:03] user=priya role=user action=ONLINE_CHECKOUT table=Sale id=SAL245 status=SUCCESS
[2026-04-05 17:02:03] user=priya role=user action=ONLINE_CHECKOUT table=Sale id=SAL246 status=SUCCESS
[2026-04-05 17:02:04] user=vikram role=user action=ONLINE_CHECKOUT table=Sale id=SAL247 status=SUCCESS
[2026-04-05 17:02:04] user=vikram role=user action=ONLINE_CHECKOUT table=Sale id=SAL248 status=SUCCESS
[2026-04-05 17:02:04] user=vikram role=user action=LOGIN table=- id=- status=SUCCESS
[2026-04-05 17:02:04] user=sneha role=user action=LOGIN table=- id=- status=SUCCESS
[2026-04-05 17:02:04] user=vikram role=user action=LOGIN table=- id=- status=SUCCESS
[2026-04-05 17:02:04] user=sneha role=user action=LOGIN table=- id=- status=SUCCESS
[2026-04-05 17:02:04] user=vikram role=user action=LOGIN table=- id=- status=SUCCESS
[2026-04-05 17:02:04] user=rajesh role=user action=LOGIN table=- id=- status=SUCCESS
[2026-04-05 17:02:04] user=sneha role=user action=LOGIN table=- id=- status=SUCCESS
[2026-04-05 17:02:04] user=amit role=user action=LOGIN table=- id=- status=SUCCESS
[2026-04-05 17:02:04] user=sneha role=user action=LOGIN table=- id=- status=SUCCESS
[2026-04-05 17:02:04] user=sneha role=user action=LOGIN table=- id=- status=SUCCESS
[2026-04-05 17:02:04] user=vikram role=user action=ONLINE_CHECKOUT table=Sale id=SAL249 status=SUCCESS
[2026-04-05 17:02:04] user=vikram role=user action=ONLINE_CHECKOUT table=Sale id=SAL250 status=SUCCESS
[2026-04-05 17:02:05] user=rajesh role=user action=LOGIN table=- id=- status=SUCCESS
[2026-04-05 17:02:05] user=vikram role=user action=LOGIN table=- id=- status=SUCCESS
[2026-04-05 17:02:05] user=amit role=user action=LOGIN table=- id=- status=SUCCESS
[2026-04-05 17:02:05] user=rajesh role=user action=LOGIN table=- id=- status=SUCCESS
[2026-04-05 17:02:05] user=amit role=user action=LOGIN table=- id=- status=SUCCESS
[2026-04-05 17:02:05] user=vikram role=user action=LOGIN table=- id=- status=SUCCESS
[2026-04-05 17:02:05] user=sneha role=user action=LOGIN table=- id=- status=SUCCESS
[2026-04-05 17:02:05] user=rajesh role=user action=LOGIN table=- id=- status=SUCCESS
[2026-04-05 17:02:05] user=priya role=user action=LOGIN table=- id=- status=SUCCESS
[2026-04-05 17:02:05] user=sneha role=user action=ONLINE_CHECKOUT table=Sale id=SAL251 status=SUCCESS
[2026-04-05 17:02:05] user=priya role=user action=LOGIN table=- id=- status=SUCCESS
[2026-04-05 17:02:05] user=sneha role=user action=ONLINE_CHECKOUT table=Sale id=SAL252 status=SUCCESS
[2026-04-05 17:02:05] user=rajesh role=user action=ONLINE_CHECKOUT table=Sale id=SAL253 status=SUCCESS
[2026-04-05 17:02:06] user=vikram role=user action=ONLINE_CHECKOUT table=Sale id=SAL254 status=SUCCESS
[2026-04-05 17:02:06] user=priya role=user action=ONLINE_CHECKOUT table=Sale id=SAL255 status=SUCCESS
[2026-04-05 17:02:06] user=sneha role=user action=LOGIN table=- id=- status=SUCCESS
[2026-04-05 17:02:06] user=rajesh role=user action=ONLINE_CHECKOUT table=Sale id=SAL256 status=SUCCESS
[2026-04-05 17:02:06] user=amit role=user action=LOGIN table=- id=- status=SUCCESS
[2026-04-05 17:02:06] user=sneha role=user action=LOGIN table=- id=- status=SUCCESS
[2026-04-05 17:02:06] user=sneha role=user action=LOGIN table=- id=- status=SUCCESS
[2026-04-05 17:02:06] user=priya role=user action=LOGIN table=- id=- status=SUCCESS
[2026-04-05 17:02:06] user=amit role=user action=LOGIN table=- id=- status=SUCCESS
[2026-04-05 17:02:06] user=sneha role=user action=LOGIN table=- id=- status=SUCCESS
[2026-04-05 17:02:06] user=sneha role=user action=LOGIN table=- id=- status=SUCCESS
[2026-04-05 17:02:06] user=rajesh role=user action=LOGIN table=- id=- status=SUCCESS
[2026-04-05 17:02:06] user=rajesh role=user action=LOGIN table=- id=- status=SUCCESS
[2026-04-05 17:02:06] user=sneha role=user action=ONLINE_CHECKOUT table=Sale id=SAL257 status=SUCCESS
[2026-04-05 17:02:06] user=rajesh role=user action=ONLINE_CHECKOUT table=Sale id=SAL258 status=SUCCESS
[2026-04-05 17:02:06] user=vikram role=user action=ONLINE_CHECKOUT table=Sale id=SAL259 status=SUCCESS
[2026-04-05 17:02:06] user=sneha role=user action=ONLINE_CHECKOUT table=Sale id=SAL260 status=SUCCESS
[2026-04-05 17:02:06] user=vikram role=user action=ONLINE_CHECKOUT table=Sale id=SAL261 status=SUCCESS
[2026-04-05 17:02:06] user=vikram role=user action=ONLINE_CHECKOUT table=Sale id=SAL262 status=SUCCESS
[2026-04-05 17:02:06] user=amit role=user action=ONLINE_CHECKOUT table=Sale id=SAL263 status=SUCCESS
[2026-04-05 17:02:07] user=amit role=user action=ONLINE_CHECKOUT table=Sale id=SAL264 status=SUCCESS
[2026-04-05 17:02:07] user=rajesh role=user action=ONLINE_CHECKOUT table=Sale id=SAL265 status=SUCCESS
[2026-04-05 17:02:07] user=vikram role=user action=ONLINE_CHECKOUT table=Sale id=SAL266 status=SUCCESS
[2026-04-05 17:02:07] user=vikram role=user action=LOGIN table=- id=- status=SUCCESS
[2026-04-05 17:02:07] user=vikram role=user action=LOGIN table=- id=- status=SUCCESS
[2026-04-05 17:02:07] user=sneha role=user action=LOGIN table=- id=- status=SUCCESS
[2026-04-05 17:02:07] user=vikram role=user action=LOGIN table=- id=- status=SUCCESS
[2026-04-05 17:02:07] user=sneha role=user action=LOGIN table=- id=- status=SUCCESS
[2026-04-05 17:02:07] user=vikram role=user action=LOGIN table=- id=- status=SUCCESS
[2026-04-05 17:02:07] user=amit role=user action=LOGIN table=- id=- status=SUCCESS
[2026-04-05 17:02:07] user=amit role=user action=LOGIN table=- id=- status=SUCCESS
[2026-04-05 17:02:07] user=vikram role=user action=LOGIN table=- id=- status=SUCCESS
[2026-04-05 17:02:07] user=vikram role=user action=LOGIN table=- id=- status=SUCCESS
[2026-04-05 17:02:07] user=vikram role=user action=ONLINE_CHECKOUT table=Sale id=SAL267 status=SUCCESS
[2026-04-05 17:02:07] user=vikram role=user action=ONLINE_CHECKOUT table=Sale id=SAL268 status=SUCCESS
[2026-04-05 17:02:07] user=sneha role=user action=ONLINE_CHECKOUT table=Sale id=SAL269 status=SUCCESS
[2026-04-05 17:02:07] user=sneha role=user action=ONLINE_CHECKOUT table=Sale id=SAL270 status=SUCCESS
[2026-04-05 17:02:07] user=sneha role=user action=ONLINE_CHECKOUT table=Sale id=SAL271 status=SUCCESS
[2026-04-05 17:02:07] user=sneha role=user action=ONLINE_CHECKOUT table=Sale id=SAL272 status=SUCCESS
[2026-04-05 17:02:08] user=vikram role=user action=LOGIN table=- id=- status=SUCCESS
[2026-04-05 17:02:08] user=rajesh role=user action=LOGIN table=- id=- status=SUCCESS
[2026-04-05 17:02:08] user=rajesh role=user action=LOGIN table=- id=- status=SUCCESS
[2026-04-05 17:02:08] user=rajesh role=user action=LOGIN table=- id=- status=SUCCESS
[2026-04-05 17:02:08] user=vikram role=user action=LOGIN table=- id=- status=SUCCESS
[2026-04-05 17:02:08] user=vikram role=user action=LOGIN table=- id=- status=SUCCESS
[2026-04-05 17:02:08] user=priya role=user action=LOGIN table=- id=- status=SUCCESS
[2026-04-05 17:02:08] user=rajesh role=user action=LOGIN table=- id=- status=SUCCESS
[2026-04-05 17:02:08] user=rajesh role=user action=LOGIN table=- id=- status=SUCCESS
[2026-04-05 17:02:08] user=vikram role=user action=LOGIN table=- id=- status=SUCCESS
[2026-04-05 17:02:08] user=priya role=user action=ONLINE_CHECKOUT table=Sale id=SAL273 status=SUCCESS
[2026-04-05 17:02:08] user=sneha role=user action=ONLINE_CHECKOUT table=Sale id=SAL274 status=SUCCESS
[2026-04-05 17:02:08] user=priya role=user action=ONLINE_CHECKOUT table=Sale id=SAL275 status=SUCCESS
[2026-04-05 17:02:08] user=vikram role=user action=ONLINE_CHECKOUT table=Sale id=SAL276 status=SUCCESS
[2026-04-05 17:02:08] user=vikram role=user action=ONLINE_CHECKOUT table=Sale id=SAL277 status=SUCCESS
[2026-04-05 17:02:09] user=sneha role=user action=ONLINE_CHECKOUT table=Sale id=SAL278 status=SUCCESS
[2026-04-05 17:02:09] user=amit role=user action=ONLINE_CHECKOUT table=Sale id=SAL279 status=SUCCESS
[2026-04-05 17:02:09] user=vikram role=user action=ONLINE_CHECKOUT table=Sale id=SAL280 status=SUCCESS
[2026-04-05 17:02:09] user=rajesh role=user action=ONLINE_CHECKOUT table=Sale id=SAL281 status=SUCCESS
[2026-04-05 17:02:09] user=rajesh role=user action=ONLINE_CHECKOUT table=Sale id=SAL282 status=SUCCESS
[2026-04-05 17:02:09] user=amit role=user action=ONLINE_CHECKOUT table=Sale id=SAL283 status=SUCCESS
[2026-04-05 17:02:09] user=rajesh role=user action=ONLINE_CHECKOUT table=Sale id=SAL284 status=SUCCESS
[2026-04-05 17:02:10] user=amit role=user action=ONLINE_CHECKOUT table=Sale id=SAL285 status=SUCCESS
[2026-04-05 17:02:10] user=sneha role=user action=ONLINE_CHECKOUT table=Sale id=SAL286 status=SUCCESS
[2026-04-05 17:02:10] user=rajesh role=user action=ONLINE_CHECKOUT table=Sale id=SAL287 status=SUCCESS
[2026-04-05 17:02:10] user=amit role=user action=ONLINE_CHECKOUT table=Sale id=SAL288 status=SUCCESS
[2026-04-05 17:02:10] user=priya role=user action=ONLINE_CHECKOUT table=Sale id=SAL289 status=SUCCESS
[2026-04-05 17:02:11] user=priya role=user action=ONLINE_CHECKOUT table=Sale id=SAL290 status=SUCCESS
[2026-04-05 17:02:11] user=rajesh role=user action=ONLINE_CHECKOUT table=Sale id=SAL291 status=SUCCESS
[2026-04-05 17:02:11] user=sneha role=user action=ONLINE_CHECKOUT table=Sale id=SAL292 status=SUCCESS
[2026-04-05 17:02:11] user=sneha role=user action=ONLINE_CHECKOUT table=Sale id=SAL293 status=SUCCESS
[2026-04-05 17:02:11] user=rajesh role=user action=ONLINE_CHECKOUT table=Sale id=SAL294 status=SUCCESS
[2026-04-05 17:02:11] user=vikram role=user action=ONLINE_CHECKOUT table=Sale id=SAL295 status=SUCCESS
[2026-04-05 17:02:11] user=sneha role=user action=ONLINE_CHECKOUT table=Sale id=SAL296 status=SUCCESS
[2026-04-05 17:02:11] user=vikram role=user action=ONLINE_CHECKOUT table=Sale id=SAL297 status=SUCCESS
[2026-04-05 17:02:12] user=vikram role=user action=ONLINE_CHECKOUT table=Sale id=SAL298 status=SUCCESS
[2026-04-05 17:02:12] user=priya role=user action=ONLINE_CHECKOUT table=Sale id=SAL299 status=SUCCESS
[2026-04-05 17:02:12] user=rajesh role=user action=ONLINE_CHECKOUT table=Sale id=SAL300 status=SUCCESS
[2026-04-05 17:02:12] user=sneha role=user action=ONLINE_CHECKOUT table=Sale id=SAL301 status=SUCCESS
[2026-04-05 17:02:12] user=vikram role=user action=ONLINE_CHECKOUT table=Sale id=SAL302 status=SUCCESS
[2026-04-05 17:02:13] user=sneha role=user action=ONLINE_CHECKOUT table=Sale id=SAL303 status=SUCCESS
[2026-04-05 17:02:13] user=sneha role=user action=ONLINE_CHECKOUT table=Sale id=SAL304 status=SUCCESS
[2026-04-05 17:02:13] user=sneha role=user action=ONLINE_CHECKOUT table=Sale id=SAL305 status=SUCCESS
[2026-04-05 17:02:14] user=rajesh role=user action=ONLINE_CHECKOUT table=Sale id=SAL306 status=SUCCESS
[2026-04-05 17:02:14] user=sneha role=user action=ONLINE_CHECKOUT table=Sale id=SAL307 status=SUCCESS
[2026-04-05 17:02:14] user=priya role=user action=ONLINE_CHECKOUT table=Sale id=SAL308 status=SUCCESS
[2026-04-05 17:02:14] user=rajesh role=user action=ONLINE_CHECKOUT table=Sale id=SAL309 status=SUCCESS
[2026-04-05 17:02:14] user=vikram role=user action=ONLINE_CHECKOUT table=Sale id=SAL310 status=SUCCESS
[2026-04-05 17:02:14] user=vikram role=user action=ONLINE_CHECKOUT table=Sale id=SAL311 status=SUCCESS
[2026-04-05 17:02:14] user=rajesh role=user action=ONLINE_CHECKOUT table=Sale id=SAL312 status=SUCCESS
[2026-04-05 17:02:15] user=amit role=user action=ONLINE_CHECKOUT table=Sale id=SAL313 status=SUCCESS
[2026-04-05 17:02:15] user=sneha role=user action=ONLINE_CHECKOUT table=Sale id=SAL314 status=SUCCESS
[2026-04-05 17:02:15] user=priya role=user action=ONLINE_CHECKOUT table=Sale id=SAL315 status=SUCCESS
[2026-04-05 17:02:15] user=amit role=user action=ONLINE_CHECKOUT table=Sale id=SAL316 status=SUCCESS
[2026-04-05 17:02:16] user=sneha role=user action=ONLINE_CHECKOUT table=Sale id=SAL317 status=SUCCESS
[2026-04-05 17:02:16] user=rajesh role=user action=ONLINE_CHECKOUT table=Sale id=SAL318 status=SUCCESS
[2026-04-05 17:02:16] user=rajesh role=user action=ONLINE_CHECKOUT table=Sale id=SAL319 status=SUCCESS
[2026-04-05 17:02:17] user=rajesh role=user action=ONLINE_CHECKOUT table=Sale id=SAL320 status=SUCCESS
[2026-04-05 17:02:17] user=sneha role=user action=ONLINE_CHECKOUT table=Sale id=SAL321 status=SUCCESS
[2026-04-05 17:02:17] user=amit role=user action=ONLINE_CHECKOUT table=Sale id=SAL322 status=SUCCESS
[2026-04-05 17:02:17] user=priya role=user action=ONLINE_CHECKOUT table=Sale id=SAL323 status=SUCCESS
[2026-04-05 17:02:18] user=vikram role=user action=ONLINE_CHECKOUT table=Sale id=SAL324 status=SUCCESS
[2026-04-05 17:02:18] user=priya role=user action=ONLINE_CHECKOUT table=Sale id=SAL325 status=SUCCESS
[2026-04-05 17:02:18] user=sneha role=user action=ONLINE_CHECKOUT table=Sale id=SAL326 status=SUCCESS
[2026-04-05 17:02:19] user=vikram role=user action=ONLINE_CHECKOUT table=Sale id=SAL327 status=SUCCESS
[2026-04-05 17:02:19] user=sneha role=user action=ONLINE_CHECKOUT table=Sale id=SAL328 status=SUCCESS
[2026-04-05 17:02:19] user=vikram role=user action=ONLINE_CHECKOUT table=Sale id=SAL329 status=SUCCESS
[2026-04-05 17:02:19] user=vikram role=user action=ONLINE_CHECKOUT table=Sale id=SAL330 status=SUCCESS
[2026-04-05 17:02:19] user=amit role=user action=ONLINE_CHECKOUT table=Sale id=SAL331 status=SUCCESS
[2026-04-05 17:02:19] user=vikram role=user action=ONLINE_CHECKOUT table=Sale id=SAL332 status=SUCCESS
[2026-04-05 17:02:19] user=amit role=user action=ONLINE_CHECKOUT table=Sale id=SAL333 status=SUCCESS
[2026-04-05 17:02:20] user=vikram role=user action=ONLINE_CHECKOUT table=Sale id=SAL334 status=SUCCESS
[2026-04-05 17:02:20] user=vikram role=user action=ONLINE_CHECKOUT table=Sale id=SAL335 status=SUCCESS
[2026-04-05 17:02:20] user=amit role=user action=ONLINE_CHECKOUT table=Sale id=SAL336 status=SUCCESS
[2026-04-05 17:02:20] user=priya role=user action=ONLINE_CHECKOUT table=Sale id=SAL337 status=SUCCESS
[2026-04-05 17:02:20] user=priya role=user action=ONLINE_CHECKOUT table=Sale id=SAL338 status=SUCCESS
[2026-04-05 17:02:20] user=priya role=user action=ONLINE_CHECKOUT table=Sale id=SAL339 status=SUCCESS
[2026-04-05 17:02:21] user=amit role=user action=ONLINE_CHECKOUT table=Sale id=SAL340 status=SUCCESS
[2026-04-05 17:02:21] user=rajesh role=user action=ONLINE_CHECKOUT table=Sale id=SAL341 status=SUCCESS
[2026-04-05 17:02:21] user=amit role=user action=ONLINE_CHECKOUT table=Sale id=SAL342 status=SUCCESS
[2026-04-05 17:02:21] user=priya role=user action=ONLINE_CHECKOUT table=Sale id=SAL343 status=SUCCESS
[2026-04-05 17:02:21] user=vikram role=user action=ONLINE_CHECKOUT table=Sale id=SAL344 status=SUCCESS
[2026-04-05 17:02:21] user=vikram role=user action=ONLINE_CHECKOUT table=Sale id=SAL345 status=SUCCESS
[2026-04-05 17:02:21] user=sneha role=user action=ONLINE_CHECKOUT table=Sale id=SAL346 status=SUCCESS
[2026-04-05 17:02:21] user=sneha role=user action=ONLINE_CHECKOUT table=Sale id=SAL347 status=SUCCESS
[2026-04-05 17:02:21] user=amit role=user action=ONLINE_CHECKOUT table=Sale id=SAL348 status=SUCCESS
[2026-04-05 17:02:21] user=vikram role=user action=ONLINE_CHECKOUT table=Sale id=SAL349 status=SUCCESS
[2026-04-05 17:02:22] user=sneha role=user action=ONLINE_CHECKOUT table=Sale id=SAL350 status=SUCCESS
[2026-04-05 17:02:22] user=sneha role=user action=ONLINE_CHECKOUT table=Sale id=SAL351 status=SUCCESS
[2026-04-05 17:02:22] user=vikram role=user action=ONLINE_CHECKOUT table=Sale id=SAL352 status=SUCCESS
[2026-04-05 17:02:22] user=sneha role=user action=ONLINE_CHECKOUT table=Sale id=SAL353 status=SUCCESS
[2026-04-05 17:02:22] user=vikram role=user action=ONLINE_CHECKOUT table=Sale id=SAL354 status=SUCCESS
[2026-04-05 17:02:22] user=vikram role=user action=ONLINE_CHECKOUT table=Sale id=SAL355 status=SUCCESS
[2026-04-05 17:02:22] user=sneha role=user action=ONLINE_CHECKOUT table=Sale id=SAL356 status=SUCCESS
[2026-04-05 17:02:22] user=vikram role=user action=ONLINE_CHECKOUT table=Sale id=SAL357 status=SUCCESS
[2026-04-05 17:02:22] user=vikram role=user action=ONLINE_CHECKOUT table=Sale id=SAL358 status=SUCCESS
[2026-04-05 17:02:23] user=sneha role=user action=ONLINE_CHECKOUT table=Sale id=SAL359 status=SUCCESS
[2026-04-05 17:02:23] user=vikram role=user action=ONLINE_CHECKOUT table=Sale id=SAL360 status=SUCCESS
[2026-04-05 17:02:24] user=sneha role=user action=ONLINE_CHECKOUT table=Sale id=SAL361 status=SUCCESS
[2026-04-05 17:02:24] user=rajesh role=user action=ONLINE_CHECKOUT table=Sale id=SAL362 status=SUCCESS
[2026-04-05 17:02:24] user=amit role=user action=ONLINE_CHECKOUT table=Sale id=SAL363 status=SUCCESS
[2026-04-05 17:02:24] user=rajesh role=user action=ONLINE_CHECKOUT table=Sale id=SAL364 status=SUCCESS
[2026-04-05 17:02:24] user=sneha role=user action=ONLINE_CHECKOUT table=Sale id=SAL365 status=SUCCESS
[2026-04-05 17:02:25] user=sneha role=user action=ONLINE_CHECKOUT table=Sale id=SAL366 status=SUCCESS
[2026-04-05 17:02:25] user=amit role=user action=ONLINE_CHECKOUT table=Sale id=SAL367 status=SUCCESS
[2026-04-05 17:02:25] user=rajesh role=user action=ONLINE_CHECKOUT table=Sale id=SAL368 status=SUCCESS
[2026-04-05 17:02:25] user=vikram role=user action=ONLINE_CHECKOUT table=Sale id=SAL369 status=SUCCESS
[2026-04-05 17:02:25] user=amit role=user action=ONLINE_CHECKOUT table=Sale id=SAL370 status=SUCCESS
[2026-04-05 17:02:26] user=rajesh role=user action=ONLINE_CHECKOUT table=Sale id=SAL371 status=SUCCESS
[2026-04-05 17:02:26] user=amit role=user action=ONLINE_CHECKOUT table=Sale id=SAL372 status=SUCCESS
[2026-04-05 17:02:26] user=vikram role=user action=ONLINE_CHECKOUT table=Sale id=SAL373 status=SUCCESS
[2026-04-05 17:02:26] user=rajesh role=user action=ONLINE_CHECKOUT table=Sale id=SAL374 status=SUCCESS
[2026-04-05 17:02:26] user=sneha role=user action=ONLINE_CHECKOUT table=Sale id=SAL375 status=SUCCESS
[2026-04-05 17:02:26] user=sneha role=user action=ONLINE_CHECKOUT table=Sale id=SAL376 status=SUCCESS
[2026-04-05 17:02:27] user=priya role=user action=ONLINE_CHECKOUT table=Sale id=SAL377 status=SUCCESS
[2026-04-05 17:02:27] user=sneha role=user action=ONLINE_CHECKOUT table=Sale id=SAL378 status=SUCCESS
[2026-04-05 17:02:27] user=rajesh role=user action=ONLINE_CHECKOUT table=Sale id=SAL379 status=SUCCESS
[2026-04-05 17:02:28] user=sneha role=user action=ONLINE_CHECKOUT table=Sale id=SAL380 status=SUCCESS
[2026-04-05 17:02:28] user=priya role=user action=ONLINE_CHECKOUT table=Sale id=SAL381 status=SUCCESS
[2026-04-05 17:02:28] user=sneha role=user action=ONLINE_CHECKOUT table=Sale id=SAL382 status=SUCCESS
[2026-04-05 17:02:28] user=vikram role=user action=ONLINE_CHECKOUT table=Sale id=SAL383 status=SUCCESS
[2026-04-05 17:02:28] user=priya role=user action=ONLINE_CHECKOUT table=Sale id=SAL384 status=SUCCESS
[2026-04-05 17:02:28] user=vikram role=user action=ONLINE_CHECKOUT table=Sale id=SAL385 status=SUCCESS
[2026-04-05 17:02:29] user=sneha role=user action=ONLINE_CHECKOUT table=Sale id=SAL386 status=SUCCESS
[2026-04-05 17:02:29] user=amit role=user action=ONLINE_CHECKOUT table=Sale id=SAL387 status=SUCCESS
[2026-04-05 17:02:29] user=vikram role=user action=ONLINE_CHECKOUT table=Sale id=SAL388 status=SUCCESS
[2026-04-05 17:02:29] user=amit role=user action=ONLINE_CHECKOUT table=Sale id=SAL389 status=SUCCESS
[2026-04-05 17:02:30] user=vikram role=user action=ONLINE_CHECKOUT table=Sale id=SAL390 status=SUCCESS
[2026-04-05 17:02:30] user=amit role=user action=ONLINE_CHECKOUT table=Sale id=SAL391 status=SUCCESS
[2026-04-05 17:02:30] user=sneha role=user action=ONLINE_CHECKOUT table=Sale id=SAL392 status=SUCCESS
[2026-04-05 17:02:30] user=rajesh role=user action=ONLINE_CHECKOUT table=Sale id=SAL393 status=SUCCESS
[2026-04-05 17:02:31] user=sneha role=user action=ONLINE_CHECKOUT table=Sale id=SAL394 status=SUCCESS
[2026-04-05 17:02:31] user=vikram role=user action=ONLINE_CHECKOUT table=Sale id=SAL395 status=SUCCESS
[2026-04-05 17:02:31] user=sneha role=user action=ONLINE_CHECKOUT table=Sale id=SAL396 status=SUCCESS
[2026-04-05 17:02:31] user=amit role=user action=ONLINE_CHECKOUT table=Sale id=SAL397 status=SUCCESS
[2026-04-05 17:02:31] user=sneha role=user action=ONLINE_CHECKOUT table=Sale id=SAL398 status=SUCCESS
[2026-04-05 17:02:31] user=priya role=user action=ONLINE_CHECKOUT table=Sale id=SAL399 status=SUCCESS
[2026-04-05 17:02:31] user=rajesh role=user action=ONLINE_CHECKOUT table=Sale id=SAL400 status=SUCCESS
[2026-04-05 17:02:32] user=rajesh role=user action=ONLINE_CHECKOUT table=Sale id=SAL401 status=SUCCESS
[2026-04-05 17:02:32] user=sneha role=user action=ONLINE_CHECKOUT table=Sale id=SAL402 status=SUCCESS
[2026-04-05 17:02:40] user=amit role=user action=LOGIN table=- id=- status=SUCCESS
[2026-04-05 17:02:40] user=vikram role=user action=LOGIN table=- id=- status=SUCCESS
[2026-04-05 17:02:40] user=amit role=user action=LOGIN table=- id=- status=SUCCESS
[2026-04-05 17:02:40] user=sneha role=user action=LOGIN table=- id=- status=SUCCESS
[2026-04-05 17:02:40] user=amit role=user action=LOGIN table=- id=- status=SUCCESS
[2026-04-05 17:02:40] user=vikram role=user action=LOGIN table=- id=- status=SUCCESS
[2026-04-05 17:02:40] user=sneha role=user action=LOGIN table=- id=- status=SUCCESS
[2026-04-05 17:02:40] user=sneha role=user action=LOGIN table=- id=- status=SUCCESS
[2026-04-05 17:02:40] user=sneha role=user action=LOGIN table=- id=- status=SUCCESS
[2026-04-05 17:02:40] user=amit role=user action=LOGIN table=- id=- status=SUCCESS
[2026-04-05 17:02:41] user=sneha role=user action=LOGIN table=- id=- status=SUCCESS
[2026-04-05 17:02:41] user=vikram role=user action=LOGIN table=- id=- status=SUCCESS
[2026-04-05 17:02:41] user=sneha role=user action=ONLINE_CHECKOUT table=Sale id=SAL403 status=SUCCESS
[2026-04-05 17:02:41] user=vikram role=user action=LOGIN table=- id=- status=SUCCESS
[2026-04-05 17:02:41] user=amit role=user action=LOGIN table=- id=- status=SUCCESS
[2026-04-05 17:02:41] user=sneha role=user action=LOGIN table=- id=- status=SUCCESS
[2026-04-05 17:02:41] user=amit role=user action=LOGIN table=- id=- status=SUCCESS
[2026-04-05 17:02:41] user=priya role=user action=LOGIN table=- id=- status=SUCCESS
[2026-04-05 17:02:41] user=amit role=user action=LOGIN table=- id=- status=SUCCESS
[2026-04-05 17:02:41] user=sneha role=user action=LOGIN table=- id=- status=SUCCESS
[2026-04-05 17:02:41] user=priya role=user action=LOGIN table=- id=- status=SUCCESS
[2026-04-05 17:02:42] user=amit role=user action=LOGIN table=- id=- status=SUCCESS
[2026-04-05 17:02:42] user=amit role=user action=LOGIN table=- id=- status=SUCCESS
[2026-04-05 17:02:42] user=priya role=user action=LOGIN table=- id=- status=SUCCESS
[2026-04-05 17:02:42] user=vikram role=user action=LOGIN table=- id=- status=SUCCESS
[2026-04-05 17:02:42] user=rajesh role=user action=LOGIN table=- id=- status=SUCCESS
[2026-04-05 17:02:42] user=rajesh role=user action=LOGIN table=- id=- status=SUCCESS
[2026-04-05 17:02:42] user=sneha role=user action=LOGIN table=- id=- status=SUCCESS
[2026-04-05 17:02:42] user=rajesh role=user action=LOGIN table=- id=- status=SUCCESS
[2026-04-05 17:02:42] user=rajesh role=user action=LOGIN table=- id=- status=SUCCESS
[2026-04-05 17:02:42] user=rajesh role=user action=ONLINE_CHECKOUT table=Sale id=SAL404 status=SUCCESS
[2026-04-05 17:02:42] user=vikram role=user action=LOGIN table=- id=- status=SUCCESS
[2026-04-05 17:02:43] user=amit role=user action=LOGIN table=- id=- status=SUCCESS
[2026-04-05 17:02:43] user=rajesh role=user action=LOGIN table=- id=- status=SUCCESS
[2026-04-05 17:02:43] user=rajesh role=user action=LOGIN table=- id=- status=SUCCESS
[2026-04-05 17:02:43] user=vikram role=user action=LOGIN table=- id=- status=SUCCESS
[2026-04-05 17:02:43] user=sneha role=user action=LOGIN table=- id=- status=SUCCESS
[2026-04-05 17:02:43] user=sneha role=user action=LOGIN table=- id=- status=SUCCESS
[2026-04-05 17:02:43] user=vikram role=user action=LOGIN table=- id=- status=SUCCESS
[2026-04-05 17:02:43] user=rajesh role=user action=LOGIN table=- id=- status=SUCCESS
[2026-04-05 17:02:43] user=sneha role=user action=LOGIN table=- id=- status=SUCCESS
[2026-04-05 17:02:43] user=amit role=user action=LOGIN table=- id=- status=SUCCESS
[2026-04-05 17:02:44] user=priya role=user action=LOGIN table=- id=- status=SUCCESS
[2026-04-05 17:02:44] user=priya role=user action=LOGIN table=- id=- status=SUCCESS
[2026-04-05 17:02:44] user=vikram role=user action=LOGIN table=- id=- status=SUCCESS
[2026-04-05 17:02:44] user=amit role=user action=LOGIN table=- id=- status=SUCCESS
[2026-04-05 17:02:44] user=vikram role=user action=LOGIN table=- id=- status=SUCCESS
[2026-04-05 17:02:44] user=amit role=user action=LOGIN table=- id=- status=SUCCESS
[2026-04-05 17:02:44] user=amit role=user action=LOGIN table=- id=- status=SUCCESS
[2026-04-05 17:02:44] user=rajesh role=user action=LOGIN table=- id=- status=SUCCESS
[2026-04-05 17:02:44] user=amit role=user action=LOGIN table=- id=- status=SUCCESS
[2026-04-05 17:02:44] user=priya role=user action=LOGIN table=- id=- status=SUCCESS
[2026-04-05 17:02:44] user=rajesh role=user action=ONLINE_CHECKOUT table=Sale id=SAL405 status=SUCCESS
[2026-04-05 17:02:45] user=amit role=user action=ONLINE_CHECKOUT table=Sale id=SAL406 status=SUCCESS
[2026-04-05 17:02:45] user=sneha role=user action=ONLINE_CHECKOUT table=Sale id=SAL407 status=SUCCESS
[2026-04-05 17:02:45] user=amit role=user action=ONLINE_CHECKOUT table=Sale id=SAL408 status=SUCCESS
[2026-04-05 17:02:45] user=sneha role=user action=LOGIN table=- id=- status=SUCCESS
[2026-04-05 17:02:45] user=vikram role=user action=LOGIN table=- id=- status=SUCCESS
[2026-04-05 17:02:45] user=vikram role=user action=LOGIN table=- id=- status=SUCCESS
[2026-04-05 17:02:45] user=rajesh role=user action=LOGIN table=- id=- status=SUCCESS
[2026-04-05 17:02:45] user=sneha role=user action=LOGIN table=- id=- status=SUCCESS
[2026-04-05 17:02:45] user=sneha role=user action=LOGIN table=- id=- status=SUCCESS
[2026-04-05 17:02:45] user=rajesh role=user action=LOGIN table=- id=- status=SUCCESS
[2026-04-05 17:02:45] user=vikram role=user action=LOGIN table=- id=- status=SUCCESS
[2026-04-05 17:02:45] user=amit role=user action=LOGIN table=- id=- status=SUCCESS
[2026-04-05 17:02:45] user=rajesh role=user action=LOGIN table=- id=- status=SUCCESS
[2026-04-05 17:02:45] user=vikram role=user action=ONLINE_CHECKOUT table=Sale id=SAL409 status=SUCCESS
[2026-04-05 17:02:46] user=amit role=user action=ONLINE_CHECKOUT table=Sale id=SAL410 status=SUCCESS
[2026-04-05 17:02:46] user=vikram role=user action=LOGIN table=- id=- status=SUCCESS
[2026-04-05 17:02:46] user=rajesh role=user action=LOGIN table=- id=- status=SUCCESS
[2026-04-05 17:02:46] user=amit role=user action=LOGIN table=- id=- status=SUCCESS
[2026-04-05 17:02:46] user=priya role=user action=LOGIN table=- id=- status=SUCCESS
[2026-04-05 17:02:46] user=rajesh role=user action=LOGIN table=- id=- status=SUCCESS
[2026-04-05 17:02:46] user=vikram role=user action=LOGIN table=- id=- status=SUCCESS
[2026-04-05 17:02:46] user=rajesh role=user action=LOGIN table=- id=- status=SUCCESS
[2026-04-05 17:02:46] user=vikram role=user action=LOGIN table=- id=- status=SUCCESS
[2026-04-05 17:02:46] user=amit role=user action=ONLINE_CHECKOUT table=Sale id=SAL411 status=SUCCESS
[2026-04-05 17:02:46] user=vikram role=user action=LOGIN table=- id=- status=SUCCESS
[2026-04-05 17:02:46] user=priya role=user action=LOGIN table=- id=- status=SUCCESS
[2026-04-05 17:02:46] user=sneha role=user action=ONLINE_CHECKOUT table=Sale id=SAL412 status=SUCCESS
[2026-04-05 17:02:47] user=amit role=user action=LOGIN table=- id=- status=SUCCESS
[2026-04-05 17:02:47] user=rajesh role=user action=LOGIN table=- id=- status=SUCCESS
[2026-04-05 17:02:47] user=rajesh role=user action=LOGIN table=- id=- status=SUCCESS
[2026-04-05 17:02:47] user=priya role=user action=LOGIN table=- id=- status=SUCCESS
[2026-04-05 17:02:47] user=amit role=user action=LOGIN table=- id=- status=SUCCESS
[2026-04-05 17:02:47] user=rajesh role=user action=LOGIN table=- id=- status=SUCCESS
[2026-04-05 17:02:47] user=priya role=user action=LOGIN table=- id=- status=SUCCESS
[2026-04-05 17:02:47] user=priya role=user action=LOGIN table=- id=- status=SUCCESS
[2026-04-05 17:02:47] user=sneha role=user action=LOGIN table=- id=- status=SUCCESS
[2026-04-05 17:02:47] user=rajesh role=user action=LOGIN table=- id=- status=SUCCESS
[2026-04-05 17:02:48] user=vikram role=user action=ONLINE_CHECKOUT table=Sale id=SAL413 status=SUCCESS
[2026-04-05 17:02:48] user=vikram role=user action=LOGIN table=- id=- status=SUCCESS
[2026-04-05 17:02:48] user=sneha role=user action=LOGIN table=- id=- status=SUCCESS
[2026-04-05 17:02:48] user=priya role=user action=LOGIN table=- id=- status=SUCCESS
[2026-04-05 17:02:48] user=amit role=user action=LOGIN table=- id=- status=SUCCESS
[2026-04-05 17:02:48] user=amit role=user action=LOGIN table=- id=- status=SUCCESS
[2026-04-05 17:02:48] user=priya role=user action=LOGIN table=- id=- status=SUCCESS
[2026-04-05 17:02:48] user=priya role=user action=LOGIN table=- id=- status=SUCCESS
[2026-04-05 17:02:48] user=sneha role=user action=ONLINE_CHECKOUT table=Sale id=SAL414 status=SUCCESS
[2026-04-05 17:02:48] user=vikram role=user action=LOGIN table=- id=- status=SUCCESS
[2026-04-05 17:02:48] user=rajesh role=user action=LOGIN table=- id=- status=SUCCESS
[2026-04-05 17:02:48] user=priya role=user action=LOGIN table=- id=- status=SUCCESS
[2026-04-05 17:02:48] user=amit role=user action=ONLINE_CHECKOUT table=Sale id=SAL415 status=SUCCESS
[2026-04-05 17:02:49] user=sneha role=user action=ONLINE_CHECKOUT table=Sale id=SAL416 status=SUCCESS
[2026-04-05 17:02:49] user=priya role=user action=LOGIN table=- id=- status=SUCCESS
[2026-04-05 17:02:49] user=priya role=user action=LOGIN table=- id=- status=SUCCESS
[2026-04-05 17:02:49] user=priya role=user action=LOGIN table=- id=- status=SUCCESS
[2026-04-05 17:02:49] user=priya role=user action=LOGIN table=- id=- status=SUCCESS
[2026-04-05 17:02:49] user=sneha role=user action=LOGIN table=- id=- status=SUCCESS
[2026-04-05 17:02:49] user=priya role=user action=LOGIN table=- id=- status=SUCCESS
[2026-04-05 17:02:49] user=rajesh role=user action=LOGIN table=- id=- status=SUCCESS
[2026-04-05 17:02:49] user=vikram role=user action=LOGIN table=- id=- status=SUCCESS
[2026-04-05 17:02:49] user=vikram role=user action=LOGIN table=- id=- status=SUCCESS
[2026-04-05 17:02:49] user=vikram role=user action=LOGIN table=- id=- status=SUCCESS
[2026-04-05 17:02:49] user=rajesh role=user action=ONLINE_CHECKOUT table=Sale id=SAL417 status=SUCCESS
[2026-04-05 17:02:50] user=priya role=user action=LOGIN table=- id=- status=SUCCESS
[2026-04-05 17:02:50] user=priya role=user action=LOGIN table=- id=- status=SUCCESS
[2026-04-05 17:02:50] user=amit role=user action=LOGIN table=- id=- status=SUCCESS
[2026-04-05 17:02:50] user=amit role=user action=LOGIN table=- id=- status=SUCCESS
[2026-04-05 17:02:50] user=sneha role=user action=LOGIN table=- id=- status=SUCCESS
[2026-04-05 17:02:50] user=vikram role=user action=LOGIN table=- id=- status=SUCCESS
[2026-04-05 17:02:50] user=sneha role=user action=LOGIN table=- id=- status=SUCCESS
[2026-04-05 17:02:50] user=priya role=user action=ONLINE_CHECKOUT table=Sale id=SAL418 status=SUCCESS
[2026-04-05 17:02:50] user=sneha role=user action=LOGIN table=- id=- status=SUCCESS
[2026-04-05 17:02:50] user=priya role=user action=LOGIN table=- id=- status=SUCCESS
[2026-04-05 17:02:50] user=amit role=user action=LOGIN table=- id=- status=SUCCESS
[2026-04-05 17:02:50] user=rajesh role=user action=ONLINE_CHECKOUT table=Sale id=SAL419 status=SUCCESS
[2026-04-05 17:02:50] user=sneha role=user action=ONLINE_CHECKOUT table=Sale id=SAL420 status=SUCCESS
[2026-04-05 17:02:51] user=rajesh role=user action=LOGIN table=- id=- status=SUCCESS
[2026-04-05 17:02:51] user=rajesh role=user action=LOGIN table=- id=- status=SUCCESS
[2026-04-05 17:02:51] user=amit role=user action=LOGIN table=- id=- status=SUCCESS
[2026-04-05 17:02:51] user=rajesh role=user action=LOGIN table=- id=- status=SUCCESS
[2026-04-05 17:02:51] user=priya role=user action=LOGIN table=- id=- status=SUCCESS
[2026-04-05 17:02:51] user=priya role=user action=LOGIN table=- id=- status=SUCCESS
[2026-04-05 17:02:51] user=priya role=user action=LOGIN table=- id=- status=SUCCESS
[2026-04-05 17:02:51] user=amit role=user action=LOGIN table=- id=- status=SUCCESS
[2026-04-05 17:02:51] user=rajesh role=user action=LOGIN table=- id=- status=SUCCESS
[2026-04-05 17:02:51] user=priya role=user action=ONLINE_CHECKOUT table=Sale id=SAL421 status=SUCCESS
[2026-04-05 17:02:51] user=amit role=user action=ONLINE_CHECKOUT table=Sale id=SAL422 status=SUCCESS
[2026-04-05 17:02:51] user=vikram role=user action=LOGIN table=- id=- status=SUCCESS
[2026-04-05 17:02:51] user=priya role=user action=ONLINE_CHECKOUT table=Sale id=SAL423 status=SUCCESS
[2026-04-05 17:02:52] user=priya role=user action=ONLINE_CHECKOUT table=Sale id=SAL424 status=SUCCESS
[2026-04-05 17:02:52] user=rajesh role=user action=LOGIN table=- id=- status=SUCCESS
[2026-04-05 17:02:52] user=amit role=user action=LOGIN table=- id=- status=SUCCESS
[2026-04-05 17:02:52] user=rajesh role=user action=LOGIN table=- id=- status=SUCCESS
[2026-04-05 17:02:52] user=rajesh role=user action=LOGIN table=- id=- status=SUCCESS
[2026-04-05 17:02:52] user=vikram role=user action=LOGIN table=- id=- status=SUCCESS
[2026-04-05 17:02:52] user=sneha role=user action=LOGIN table=- id=- status=SUCCESS
[2026-04-05 17:02:52] user=vikram role=user action=LOGIN table=- id=- status=SUCCESS
[2026-04-05 17:02:52] user=vikram role=user action=LOGIN table=- id=- status=SUCCESS
[2026-04-05 17:02:52] user=vikram role=user action=LOGIN table=- id=- status=SUCCESS
[2026-04-05 17:02:52] user=rajesh role=user action=LOGIN table=- id=- status=SUCCESS
[2026-04-05 17:02:52] user=vikram role=user action=ONLINE_CHECKOUT table=Sale id=SAL425 status=SUCCESS
[2026-04-05 17:02:52] user=amit role=user action=ONLINE_CHECKOUT table=Sale id=SAL426 status=SUCCESS
[2026-04-05 17:02:53] user=amit role=user action=ONLINE_CHECKOUT table=Sale id=SAL427 status=SUCCESS
[2026-04-05 17:02:53] user=sneha role=user action=ONLINE_CHECKOUT table=Sale id=SAL428 status=SUCCESS
[2026-04-05 17:02:53] user=amit role=user action=ONLINE_CHECKOUT table=Sale id=SAL429 status=SUCCESS
[2026-04-05 17:02:53] user=sneha role=user action=LOGIN table=- id=- status=SUCCESS
[2026-04-05 17:02:53] user=vikram role=user action=LOGIN table=- id=- status=SUCCESS
[2026-04-05 17:02:53] user=rajesh role=user action=LOGIN table=- id=- status=SUCCESS
[2026-04-05 17:02:53] user=sneha role=user action=LOGIN table=- id=- status=SUCCESS
[2026-04-05 17:02:53] user=sneha role=user action=LOGIN table=- id=- status=SUCCESS
[2026-04-05 17:02:53] user=priya role=user action=LOGIN table=- id=- status=SUCCESS
[2026-04-05 17:02:53] user=vikram role=user action=LOGIN table=- id=- status=SUCCESS
[2026-04-05 17:02:53] user=priya role=user action=LOGIN table=- id=- status=SUCCESS
[2026-04-05 17:02:53] user=priya role=user action=LOGIN table=- id=- status=SUCCESS
[2026-04-05 17:02:53] user=sneha role=user action=LOGIN table=- id=- status=SUCCESS
[2026-04-05 17:02:53] user=vikram role=user action=ONLINE_CHECKOUT table=Sale id=SAL430 status=SUCCESS
[2026-04-05 17:02:53] user=vikram role=user action=ONLINE_CHECKOUT table=Sale id=SAL431 status=SUCCESS
[2026-04-05 17:02:54] user=vikram role=user action=ONLINE_CHECKOUT table=Sale id=SAL432 status=SUCCESS
[2026-04-05 17:02:54] user=rajesh role=user action=LOGIN table=- id=- status=SUCCESS
[2026-04-05 17:02:54] user=sneha role=user action=LOGIN table=- id=- status=SUCCESS
[2026-04-05 17:02:54] user=rajesh role=user action=LOGIN table=- id=- status=SUCCESS
[2026-04-05 17:02:54] user=vikram role=user action=LOGIN table=- id=- status=SUCCESS
[2026-04-05 17:02:54] user=priya role=user action=LOGIN table=- id=- status=SUCCESS
[2026-04-05 17:02:54] user=sneha role=user action=LOGIN table=- id=- status=SUCCESS
[2026-04-05 17:02:54] user=rajesh role=user action=LOGIN table=- id=- status=SUCCESS
[2026-04-05 17:02:54] user=amit role=user action=LOGIN table=- id=- status=SUCCESS
[2026-04-05 17:02:54] user=rajesh role=user action=LOGIN table=- id=- status=SUCCESS
[2026-04-05 17:02:54] user=vikram role=user action=ONLINE_CHECKOUT table=Sale id=SAL433 status=SUCCESS
[2026-04-05 17:02:54] user=amit role=user action=LOGIN table=- id=- status=SUCCESS
[2026-04-05 17:02:55] user=sneha role=user action=ONLINE_CHECKOUT table=Sale id=SAL434 status=SUCCESS
[2026-04-05 17:02:55] user=rajesh role=user action=LOGIN table=- id=- status=SUCCESS
[2026-04-05 17:02:55] user=rajesh role=user action=LOGIN table=- id=- status=SUCCESS
[2026-04-05 17:02:55] user=vikram role=user action=LOGIN table=- id=- status=SUCCESS
[2026-04-05 17:02:55] user=priya role=user action=LOGIN table=- id=- status=SUCCESS
[2026-04-05 17:02:55] user=vikram role=user action=LOGIN table=- id=- status=SUCCESS
[2026-04-05 17:02:55] user=amit role=user action=LOGIN table=- id=- status=SUCCESS
[2026-04-05 17:02:55] user=amit role=user action=LOGIN table=- id=- status=SUCCESS
[2026-04-05 17:02:55] user=sneha role=user action=LOGIN table=- id=- status=SUCCESS
[2026-04-05 17:02:55] user=amit role=user action=LOGIN table=- id=- status=SUCCESS
[2026-04-05 17:02:55] user=amit role=user action=ONLINE_CHECKOUT table=Sale id=SAL435 status=SUCCESS
[2026-04-05 17:02:55] user=amit role=user action=LOGIN table=- id=- status=SUCCESS
[2026-04-05 17:02:55] user=priya role=user action=ONLINE_CHECKOUT table=Sale id=SAL436 status=SUCCESS
[2026-04-05 17:02:55] user=sneha role=user action=ONLINE_CHECKOUT table=Sale id=SAL437 status=SUCCESS
[2026-04-05 17:02:56] user=rajesh role=user action=ONLINE_CHECKOUT table=Sale id=SAL438 status=SUCCESS
[2026-04-05 17:02:56] user=sneha role=user action=LOGIN table=- id=- status=SUCCESS
[2026-04-05 17:02:56] user=sneha role=user action=LOGIN table=- id=- status=SUCCESS
[2026-04-05 17:02:56] user=rajesh role=user action=LOGIN table=- id=- status=SUCCESS
[2026-04-05 17:02:56] user=vikram role=user action=LOGIN table=- id=- status=SUCCESS
[2026-04-05 17:02:56] user=sneha role=user action=LOGIN table=- id=- status=SUCCESS
[2026-04-05 17:02:56] user=sneha role=user action=LOGIN table=- id=- status=SUCCESS
[2026-04-05 17:02:56] user=vikram role=user action=LOGIN table=- id=- status=SUCCESS
[2026-04-05 17:02:56] user=sneha role=user action=LOGIN table=- id=- status=SUCCESS
[2026-04-05 17:02:56] user=amit role=user action=LOGIN table=- id=- status=SUCCESS
[2026-04-05 17:02:56] user=priya role=user action=LOGIN table=- id=- status=SUCCESS
[2026-04-05 17:02:56] user=sneha role=user action=ONLINE_CHECKOUT table=Sale id=SAL439 status=SUCCESS
[2026-04-05 17:02:56] user=rajesh role=user action=ONLINE_CHECKOUT table=Sale id=SAL440 status=SUCCESS
[2026-04-05 17:02:57] user=vikram role=user action=LOGIN table=- id=- status=SUCCESS
[2026-04-05 17:02:57] user=sneha role=user action=LOGIN table=- id=- status=SUCCESS
[2026-04-05 17:02:57] user=rajesh role=user action=LOGIN table=- id=- status=SUCCESS
[2026-04-05 17:02:57] user=priya role=user action=LOGIN table=- id=- status=SUCCESS
[2026-04-05 17:02:57] user=priya role=user action=LOGIN table=- id=- status=SUCCESS
[2026-04-05 17:02:57] user=rajesh role=user action=LOGIN table=- id=- status=SUCCESS
[2026-04-05 17:02:57] user=sneha role=user action=LOGIN table=- id=- status=SUCCESS
[2026-04-05 17:02:57] user=rajesh role=user action=LOGIN table=- id=- status=SUCCESS
[2026-04-05 17:02:57] user=vikram role=user action=LOGIN table=- id=- status=SUCCESS
[2026-04-05 17:02:57] user=vikram role=user action=LOGIN table=- id=- status=SUCCESS
[2026-04-05 17:02:57] user=sneha role=user action=ONLINE_CHECKOUT table=Sale id=SAL441 status=SUCCESS
[2026-04-05 17:02:57] user=amit role=user action=ONLINE_CHECKOUT table=Sale id=SAL442 status=SUCCESS
[2026-04-05 17:02:57] user=sneha role=user action=ONLINE_CHECKOUT table=Sale id=SAL443 status=SUCCESS
[2026-04-05 17:02:58] user=priya role=user action=ONLINE_CHECKOUT table=Sale id=SAL444 status=SUCCESS
[2026-04-05 17:02:58] user=amit role=user action=ONLINE_CHECKOUT table=Sale id=SAL445 status=SUCCESS
[2026-04-05 17:02:58] user=priya role=user action=LOGIN table=- id=- status=SUCCESS
[2026-04-05 17:02:58] user=vikram role=user action=LOGIN table=- id=- status=SUCCESS
[2026-04-05 17:02:58] user=vikram role=user action=LOGIN table=- id=- status=SUCCESS
[2026-04-05 17:02:58] user=priya role=user action=LOGIN table=- id=- status=SUCCESS
[2026-04-05 17:02:58] user=priya role=user action=LOGIN table=- id=- status=SUCCESS
[2026-04-05 17:02:58] user=amit role=user action=LOGIN table=- id=- status=SUCCESS
[2026-04-05 17:02:58] user=amit role=user action=LOGIN table=- id=- status=SUCCESS
[2026-04-05 17:02:58] user=sneha role=user action=LOGIN table=- id=- status=SUCCESS
[2026-04-05 17:02:58] user=priya role=user action=LOGIN table=- id=- status=SUCCESS
[2026-04-05 17:02:58] user=sneha role=user action=LOGIN table=- id=- status=SUCCESS
[2026-04-05 17:02:58] user=priya role=user action=ONLINE_CHECKOUT table=Sale id=SAL446 status=SUCCESS
[2026-04-05 17:02:58] user=priya role=user action=ONLINE_CHECKOUT table=Sale id=SAL447 status=SUCCESS
[2026-04-05 17:02:59] user=priya role=user action=ONLINE_CHECKOUT table=Sale id=SAL448 status=SUCCESS
[2026-04-05 17:02:59] user=amit role=user action=ONLINE_CHECKOUT table=Sale id=SAL449 status=SUCCESS
[2026-04-05 17:02:59] user=priya role=user action=LOGIN table=- id=- status=SUCCESS
[2026-04-05 17:02:59] user=vikram role=user action=LOGIN table=- id=- status=SUCCESS
[2026-04-05 17:02:59] user=priya role=user action=LOGIN table=- id=- status=SUCCESS
[2026-04-05 17:02:59] user=sneha role=user action=LOGIN table=- id=- status=SUCCESS
[2026-04-05 17:02:59] user=rajesh role=user action=LOGIN table=- id=- status=SUCCESS
[2026-04-05 17:02:59] user=sneha role=user action=LOGIN table=- id=- status=SUCCESS
[2026-04-05 17:02:59] user=priya role=user action=LOGIN table=- id=- status=SUCCESS
[2026-04-05 17:02:59] user=priya role=user action=LOGIN table=- id=- status=SUCCESS
[2026-04-05 17:02:59] user=priya role=user action=LOGIN table=- id=- status=SUCCESS
[2026-04-05 17:02:59] user=rajesh role=user action=LOGIN table=- id=- status=SUCCESS
[2026-04-05 17:03:00] user=sneha role=user action=LOGIN table=- id=- status=SUCCESS
[2026-04-05 17:03:00] user=amit role=user action=LOGIN table=- id=- status=SUCCESS
[2026-04-05 17:03:00] user=rajesh role=user action=LOGIN table=- id=- status=SUCCESS
[2026-04-05 17:03:00] user=sneha role=user action=LOGIN table=- id=- status=SUCCESS
[2026-04-05 17:03:00] user=rajesh role=user action=LOGIN table=- id=- status=SUCCESS
[2026-04-05 17:03:00] user=sneha role=user action=LOGIN table=- id=- status=SUCCESS
[2026-04-05 17:03:00] user=amit role=user action=LOGIN table=- id=- status=SUCCESS
[2026-04-05 17:03:00] user=sneha role=user action=LOGIN table=- id=- status=SUCCESS
[2026-04-05 17:03:00] user=sneha role=user action=LOGIN table=- id=- status=SUCCESS
[2026-04-05 17:03:00] user=priya role=user action=LOGIN table=- id=- status=SUCCESS
[2026-04-05 17:03:01] user=priya role=user action=ONLINE_CHECKOUT table=Sale id=SAL450 status=SUCCESS
[2026-04-05 17:03:01] user=amit role=user action=LOGIN table=- id=- status=SUCCESS
[2026-04-05 17:03:01] user=amit role=user action=LOGIN table=- id=- status=SUCCESS
[2026-04-05 17:03:01] user=priya role=user action=LOGIN table=- id=- status=SUCCESS
[2026-04-05 17:03:01] user=vikram role=user action=LOGIN table=- id=- status=SUCCESS
[2026-04-05 17:03:01] user=vikram role=user action=LOGIN table=- id=- status=SUCCESS
[2026-04-05 17:03:01] user=priya role=user action=ONLINE_CHECKOUT table=Sale id=SAL451 status=SUCCESS
[2026-04-05 17:03:01] user=priya role=user action=LOGIN table=- id=- status=SUCCESS
[2026-04-05 17:03:01] user=vikram role=user action=LOGIN table=- id=- status=SUCCESS
[2026-04-05 17:03:01] user=vikram role=user action=LOGIN table=- id=- status=SUCCESS
[2026-04-05 17:03:01] user=sneha role=user action=LOGIN table=- id=- status=SUCCESS
[2026-04-05 17:03:01] user=sneha role=user action=LOGIN table=- id=- status=SUCCESS
[2026-04-05 17:03:01] user=amit role=user action=ONLINE_CHECKOUT table=Sale id=SAL452 status=SUCCESS
[2026-04-05 17:03:02] user=priya role=user action=ONLINE_CHECKOUT table=Sale id=SAL453 status=SUCCESS
[2026-04-05 17:03:02] user=sneha role=user action=LOGIN table=- id=- status=SUCCESS
[2026-04-05 17:03:02] user=amit role=user action=LOGIN table=- id=- status=SUCCESS
[2026-04-05 17:03:02] user=vikram role=user action=LOGIN table=- id=- status=SUCCESS
[2026-04-05 17:03:02] user=rajesh role=user action=LOGIN table=- id=- status=SUCCESS
[2026-04-05 17:03:02] user=rajesh role=user action=LOGIN table=- id=- status=SUCCESS
[2026-04-05 17:03:02] user=vikram role=user action=LOGIN table=- id=- status=SUCCESS
[2026-04-05 17:03:02] user=rajesh role=user action=LOGIN table=- id=- status=SUCCESS
[2026-04-05 17:03:02] user=amit role=user action=LOGIN table=- id=- status=SUCCESS
[2026-04-05 17:03:02] user=rajesh role=user action=LOGIN table=- id=- status=SUCCESS
[2026-04-05 17:03:02] user=priya role=user action=LOGIN table=- id=- status=SUCCESS
[2026-04-05 17:03:02] user=sneha role=user action=ONLINE_CHECKOUT table=Sale id=SAL454 status=SUCCESS
[2026-04-05 17:03:03] user=priya role=user action=ONLINE_CHECKOUT table=Sale id=SAL455 status=SUCCESS
[2026-04-05 17:03:03] user=rajesh role=user action=ONLINE_CHECKOUT table=Sale id=SAL456 status=SUCCESS
[2026-04-05 17:03:03] user=vikram role=user action=LOGIN table=- id=- status=SUCCESS
[2026-04-05 17:03:03] user=sneha role=user action=LOGIN table=- id=- status=SUCCESS
[2026-04-05 17:03:03] user=vikram role=user action=LOGIN table=- id=- status=SUCCESS
[2026-04-05 17:03:03] user=amit role=user action=LOGIN table=- id=- status=SUCCESS
[2026-04-05 17:03:03] user=amit role=user action=LOGIN table=- id=- status=SUCCESS
[2026-04-05 17:03:03] user=priya role=user action=LOGIN table=- id=- status=SUCCESS
[2026-04-05 17:03:03] user=vikram role=user action=LOGIN table=- id=- status=SUCCESS
[2026-04-05 17:03:03] user=rajesh role=user action=LOGIN table=- id=- status=SUCCESS
[2026-04-05 17:03:03] user=rajesh role=user action=LOGIN table=- id=- status=SUCCESS
[2026-04-05 17:03:03] user=rajesh role=user action=LOGIN table=- id=- status=SUCCESS
[2026-04-05 17:03:03] user=sneha role=user action=ONLINE_CHECKOUT table=Sale id=SAL457 status=SUCCESS
[2026-04-05 17:03:04] user=sneha role=user action=ONLINE_CHECKOUT table=Sale id=SAL458 status=SUCCESS
[2026-04-05 17:03:04] user=amit role=user action=LOGIN table=- id=- status=SUCCESS
[2026-04-05 17:03:04] user=rajesh role=user action=LOGIN table=- id=- status=SUCCESS
[2026-04-05 17:03:04] user=vikram role=user action=LOGIN table=- id=- status=SUCCESS
[2026-04-05 17:03:04] user=priya role=user action=LOGIN table=- id=- status=SUCCESS
[2026-04-05 17:03:04] user=vikram role=user action=LOGIN table=- id=- status=SUCCESS
[2026-04-05 17:03:04] user=rajesh role=user action=LOGIN table=- id=- status=SUCCESS
[2026-04-05 17:03:04] user=amit role=user action=LOGIN table=- id=- status=SUCCESS
[2026-04-05 17:03:04] user=priya role=user action=LOGIN table=- id=- status=SUCCESS
[2026-04-05 17:03:04] user=rajesh role=user action=LOGIN table=- id=- status=SUCCESS
[2026-04-05 17:03:04] user=sneha role=user action=LOGIN table=- id=- status=SUCCESS
[2026-04-05 17:03:04] user=rajesh role=user action=ONLINE_CHECKOUT table=Sale id=SAL459 status=SUCCESS
[2026-04-05 17:03:04] user=rajesh role=user action=ONLINE_CHECKOUT table=Sale id=SAL460 status=SUCCESS
[2026-04-05 17:03:04] user=amit role=user action=ONLINE_CHECKOUT table=Sale id=SAL461 status=SUCCESS
[2026-04-05 17:03:05] user=vikram role=user action=ONLINE_CHECKOUT table=Sale id=SAL462 status=SUCCESS
[2026-04-05 17:03:05] user=vikram role=user action=LOGIN table=- id=- status=SUCCESS
[2026-04-05 17:03:05] user=rajesh role=user action=LOGIN table=- id=- status=SUCCESS
[2026-04-05 17:03:05] user=vikram role=user action=LOGIN table=- id=- status=SUCCESS
[2026-04-05 17:03:05] user=vikram role=user action=LOGIN table=- id=- status=SUCCESS
[2026-04-05 17:03:05] user=sneha role=user action=LOGIN table=- id=- status=SUCCESS
[2026-04-05 17:03:05] user=sneha role=user action=LOGIN table=- id=- status=SUCCESS
[2026-04-05 17:03:05] user=rajesh role=user action=LOGIN table=- id=- status=SUCCESS
[2026-04-05 17:03:05] user=vikram role=user action=LOGIN table=- id=- status=SUCCESS
[2026-04-05 17:03:05] user=sneha role=user action=LOGIN table=- id=- status=SUCCESS
[2026-04-05 17:03:05] user=rajesh role=user action=LOGIN table=- id=- status=SUCCESS
[2026-04-05 17:03:05] user=sneha role=user action=ONLINE_CHECKOUT table=Sale id=SAL463 status=SUCCESS
[2026-04-05 17:03:06] user=sneha role=user action=ONLINE_CHECKOUT table=Sale id=SAL464 status=SUCCESS
[2026-04-05 17:03:06] user=amit role=user action=ONLINE_CHECKOUT table=Sale id=SAL465 status=SUCCESS
[2026-04-05 17:03:06] user=vikram role=user action=LOGIN table=- id=- status=SUCCESS
[2026-04-05 17:03:06] user=rajesh role=user action=LOGIN table=- id=- status=SUCCESS
[2026-04-05 17:03:06] user=sneha role=user action=LOGIN table=- id=- status=SUCCESS
[2026-04-05 17:03:06] user=rajesh role=user action=LOGIN table=- id=- status=SUCCESS
[2026-04-05 17:03:06] user=rajesh role=user action=LOGIN table=- id=- status=SUCCESS
[2026-04-05 17:03:06] user=rajesh role=user action=LOGIN table=- id=- status=SUCCESS
[2026-04-05 17:03:06] user=sneha role=user action=LOGIN table=- id=- status=SUCCESS
[2026-04-05 17:03:06] user=amit role=user action=LOGIN table=- id=- status=SUCCESS
[2026-04-05 17:03:06] user=vikram role=user action=LOGIN table=- id=- status=SUCCESS
[2026-04-05 17:03:06] user=sneha role=user action=LOGIN table=- id=- status=SUCCESS
[2026-04-05 17:03:06] user=rajesh role=user action=ONLINE_CHECKOUT table=Sale id=SAL466 status=SUCCESS
[2026-04-05 17:03:06] user=vikram role=user action=ONLINE_CHECKOUT table=Sale id=SAL467 status=SUCCESS
[2026-04-05 17:03:06] user=sneha role=user action=ONLINE_CHECKOUT table=Sale id=SAL468 status=SUCCESS
[2026-04-05 17:03:06] user=amit role=user action=ONLINE_CHECKOUT table=Sale id=SAL469 status=SUCCESS
[2026-04-05 17:03:06] user=rajesh role=user action=ONLINE_CHECKOUT table=Sale id=SAL470 status=SUCCESS
[2026-04-05 17:03:07] user=priya role=user action=ONLINE_CHECKOUT table=Sale id=SAL471 status=SUCCESS
[2026-04-05 17:03:07] user=priya role=user action=LOGIN table=- id=- status=SUCCESS
[2026-04-05 17:03:07] user=amit role=user action=LOGIN table=- id=- status=SUCCESS
[2026-04-05 17:03:07] user=vikram role=user action=LOGIN table=- id=- status=SUCCESS
[2026-04-05 17:03:07] user=vikram role=user action=LOGIN table=- id=- status=SUCCESS
[2026-04-05 17:03:07] user=vikram role=user action=LOGIN table=- id=- status=SUCCESS
[2026-04-05 17:03:07] user=priya role=user action=LOGIN table=- id=- status=SUCCESS
[2026-04-05 17:03:07] user=vikram role=user action=LOGIN table=- id=- status=SUCCESS
[2026-04-05 17:03:07] user=sneha role=user action=LOGIN table=- id=- status=SUCCESS
[2026-04-05 17:03:07] user=priya role=user action=LOGIN table=- id=- status=SUCCESS
[2026-04-05 17:03:07] user=rajesh role=user action=LOGIN table=- id=- status=SUCCESS
[2026-04-05 17:03:08] user=priya role=user action=ONLINE_CHECKOUT table=Sale id=SAL472 status=SUCCESS
[2026-04-05 17:03:08] user=amit role=user action=ONLINE_CHECKOUT table=Sale id=SAL473 status=SUCCESS
[2026-04-05 17:03:08] user=vikram role=user action=ONLINE_CHECKOUT table=Sale id=SAL474 status=SUCCESS
[2026-04-05 17:03:08] user=sneha role=user action=ONLINE_CHECKOUT table=Sale id=SAL475 status=SUCCESS
[2026-04-05 17:03:08] user=vikram role=user action=LOGIN table=- id=- status=SUCCESS
[2026-04-05 17:03:08] user=amit role=user action=LOGIN table=- id=- status=SUCCESS
[2026-04-05 17:03:08] user=rajesh role=user action=LOGIN table=- id=- status=SUCCESS
[2026-04-05 17:03:08] user=amit role=user action=LOGIN table=- id=- status=SUCCESS
[2026-04-05 17:03:08] user=sneha role=user action=LOGIN table=- id=- status=SUCCESS
[2026-04-05 17:03:08] user=sneha role=user action=LOGIN table=- id=- status=SUCCESS
[2026-04-05 17:03:08] user=rajesh role=user action=LOGIN table=- id=- status=SUCCESS
[2026-04-05 17:03:08] user=vikram role=user action=LOGIN table=- id=- status=SUCCESS
[2026-04-05 17:03:08] user=amit role=user action=LOGIN table=- id=- status=SUCCESS
[2026-04-05 17:03:08] user=sneha role=user action=LOGIN table=- id=- status=SUCCESS
[2026-04-05 17:03:08] user=rajesh role=user action=ONLINE_CHECKOUT table=Sale id=SAL476 status=SUCCESS
[2026-04-05 17:03:08] user=sneha role=user action=ONLINE_CHECKOUT table=Sale id=SAL477 status=SUCCESS
[2026-04-05 17:03:08] user=vikram role=user action=ONLINE_CHECKOUT table=Sale id=SAL478 status=SUCCESS
[2026-04-05 17:03:09] user=sneha role=user action=ONLINE_CHECKOUT table=Sale id=SAL479 status=SUCCESS
[2026-04-05 17:03:09] user=rajesh role=user action=ONLINE_CHECKOUT table=Sale id=SAL480 status=SUCCESS
[2026-04-05 17:03:09] user=rajesh role=user action=ONLINE_CHECKOUT table=Sale id=SAL481 status=SUCCESS
[2026-04-05 17:03:09] user=amit role=user action=LOGIN table=- id=- status=SUCCESS
[2026-04-05 17:03:09] user=vikram role=user action=LOGIN table=- id=- status=SUCCESS
[2026-04-05 17:03:09] user=amit role=user action=LOGIN table=- id=- status=SUCCESS
[2026-04-05 17:03:09] user=sneha role=user action=LOGIN table=- id=- status=SUCCESS
[2026-04-05 17:03:09] user=rajesh role=user action=LOGIN table=- id=- status=SUCCESS
[2026-04-05 17:03:09] user=amit role=user action=LOGIN table=- id=- status=SUCCESS
[2026-04-05 17:03:09] user=rajesh role=user action=LOGIN table=- id=- status=SUCCESS
[2026-04-05 17:03:09] user=rajesh role=user action=LOGIN table=- id=- status=SUCCESS
[2026-04-05 17:03:09] user=sneha role=user action=LOGIN table=- id=- status=SUCCESS
[2026-04-05 17:03:09] user=vikram role=user action=LOGIN table=- id=- status=SUCCESS
[2026-04-05 17:03:09] user=sneha role=user action=ONLINE_CHECKOUT table=Sale id=SAL482 status=SUCCESS
[2026-04-05 17:03:09] user=rajesh role=user action=ONLINE_CHECKOUT table=Sale id=SAL483 status=SUCCESS
[2026-04-05 17:03:10] user=sneha role=user action=ONLINE_CHECKOUT table=Sale id=SAL484 status=SUCCESS
[2026-04-05 17:03:10] user=priya role=user action=LOGIN table=- id=- status=SUCCESS
[2026-04-05 17:03:10] user=priya role=user action=LOGIN table=- id=- status=SUCCESS
[2026-04-05 17:03:10] user=amit role=user action=LOGIN table=- id=- status=SUCCESS
[2026-04-05 17:03:10] user=vikram role=user action=LOGIN table=- id=- status=SUCCESS
[2026-04-05 17:03:10] user=amit role=user action=LOGIN table=- id=- status=SUCCESS
[2026-04-05 17:03:10] user=amit role=user action=LOGIN table=- id=- status=SUCCESS
[2026-04-05 17:03:10] user=rajesh role=user action=LOGIN table=- id=- status=SUCCESS
[2026-04-05 17:03:10] user=priya role=user action=LOGIN table=- id=- status=SUCCESS
[2026-04-05 17:03:10] user=priya role=user action=LOGIN table=- id=- status=SUCCESS
[2026-04-05 17:03:10] user=priya role=user action=LOGIN table=- id=- status=SUCCESS
[2026-04-05 17:03:10] user=rajesh role=user action=ONLINE_CHECKOUT table=Sale id=SAL485 status=SUCCESS
[2026-04-05 17:03:10] user=vikram role=user action=ONLINE_CHECKOUT table=Sale id=SAL486 status=SUCCESS
[2026-04-05 17:03:11] user=sneha role=user action=ONLINE_CHECKOUT table=Sale id=SAL487 status=SUCCESS
[2026-04-05 17:03:11] user=rajesh role=user action=ONLINE_CHECKOUT table=Sale id=SAL488 status=SUCCESS
[2026-04-05 17:03:11] user=sneha role=user action=LOGIN table=- id=- status=SUCCESS
[2026-04-05 17:03:11] user=priya role=user action=LOGIN table=- id=- status=SUCCESS
[2026-04-05 17:03:11] user=rajesh role=user action=ONLINE_CHECKOUT table=Sale id=SAL489 status=SUCCESS
[2026-04-05 17:03:11] user=sneha role=user action=LOGIN table=- id=- status=SUCCESS
[2026-04-05 17:03:11] user=priya role=user action=LOGIN table=- id=- status=SUCCESS
[2026-04-05 17:03:11] user=rajesh role=user action=LOGIN table=- id=- status=SUCCESS
[2026-04-05 17:03:11] user=vikram role=user action=LOGIN table=- id=- status=SUCCESS
[2026-04-05 17:03:11] user=sneha role=user action=LOGIN table=- id=- status=SUCCESS
[2026-04-05 17:03:11] user=amit role=user action=LOGIN table=- id=- status=SUCCESS
[2026-04-05 17:03:11] user=amit role=user action=LOGIN table=- id=- status=SUCCESS
[2026-04-05 17:03:11] user=vikram role=user action=LOGIN table=- id=- status=SUCCESS
[2026-04-05 17:03:11] user=amit role=user action=ONLINE_CHECKOUT table=Sale id=SAL490 status=SUCCESS
[2026-04-05 17:03:11] user=amit role=user action=ONLINE_CHECKOUT table=Sale id=SAL491 status=SUCCESS
[2026-04-05 17:03:11] user=rajesh role=user action=ONLINE_CHECKOUT table=Sale id=SAL492 status=SUCCESS
[2026-04-05 17:03:12] user=vikram role=user action=LOGIN table=- id=- status=SUCCESS
[2026-04-05 17:03:12] user=sneha role=user action=LOGIN table=- id=- status=SUCCESS
[2026-04-05 17:03:12] user=sneha role=user action=LOGIN table=- id=- status=SUCCESS
[2026-04-05 17:03:12] user=rajesh role=user action=LOGIN table=- id=- status=SUCCESS
[2026-04-05 17:03:12] user=sneha role=user action=LOGIN table=- id=- status=SUCCESS
[2026-04-05 17:03:12] user=priya role=user action=LOGIN table=- id=- status=SUCCESS
[2026-04-05 17:03:12] user=amit role=user action=LOGIN table=- id=- status=SUCCESS
[2026-04-05 17:03:12] user=rajesh role=user action=LOGIN table=- id=- status=SUCCESS
[2026-04-05 17:03:12] user=sneha role=user action=LOGIN table=- id=- status=SUCCESS
[2026-04-05 17:03:12] user=rajesh role=user action=LOGIN table=- id=- status=SUCCESS
[2026-04-05 17:03:12] user=sneha role=user action=ONLINE_CHECKOUT table=Sale id=SAL493 status=SUCCESS
[2026-04-05 17:03:13] user=amit role=user action=ONLINE_CHECKOUT table=Sale id=SAL494 status=SUCCESS
[2026-04-05 17:03:13] user=priya role=user action=ONLINE_CHECKOUT table=Sale id=SAL495 status=SUCCESS
[2026-04-05 17:03:13] user=priya role=user action=LOGIN table=- id=- status=SUCCESS
[2026-04-05 17:03:13] user=rajesh role=user action=LOGIN table=- id=- status=SUCCESS
[2026-04-05 17:03:13] user=rajesh role=user action=LOGIN table=- id=- status=SUCCESS
[2026-04-05 17:03:13] user=amit role=user action=LOGIN table=- id=- status=SUCCESS
[2026-04-05 17:03:13] user=sneha role=user action=LOGIN table=- id=- status=SUCCESS
[2026-04-05 17:03:13] user=rajesh role=user action=LOGIN table=- id=- status=SUCCESS
[2026-04-05 17:03:13] user=vikram role=user action=LOGIN table=- id=- status=SUCCESS
[2026-04-05 17:03:13] user=rajesh role=user action=LOGIN table=- id=- status=SUCCESS
[2026-04-05 17:03:13] user=rajesh role=user action=LOGIN table=- id=- status=SUCCESS
[2026-04-05 17:03:13] user=vikram role=user action=LOGIN table=- id=- status=SUCCESS
[2026-04-05 17:03:13] user=sneha role=user action=ONLINE_CHECKOUT table=Sale id=SAL496 status=SUCCESS
[2026-04-05 17:03:14] user=priya role=user action=ONLINE_CHECKOUT table=Sale id=SAL497 status=SUCCESS
[2026-04-05 17:03:14] user=rajesh role=user action=LOGIN table=- id=- status=SUCCESS
[2026-04-05 17:03:14] user=vikram role=user action=LOGIN table=- id=- status=SUCCESS
[2026-04-05 17:03:14] user=rajesh role=user action=LOGIN table=- id=- status=SUCCESS
[2026-04-05 17:03:14] user=amit role=user action=LOGIN table=- id=- status=SUCCESS
[2026-04-05 17:03:14] user=rajesh role=user action=LOGIN table=- id=- status=SUCCESS
[2026-04-05 17:03:14] user=amit role=user action=LOGIN table=- id=- status=SUCCESS
[2026-04-05 17:03:14] user=vikram role=user action=LOGIN table=- id=- status=SUCCESS
[2026-04-05 17:03:14] user=priya role=user action=LOGIN table=- id=- status=SUCCESS
[2026-04-05 17:03:14] user=vikram role=user action=LOGIN table=- id=- status=SUCCESS
[2026-04-05 17:03:14] user=priya role=user action=LOGIN table=- id=- status=SUCCESS
[2026-04-05 17:03:14] user=priya role=user action=ONLINE_CHECKOUT table=Sale id=SAL498 status=SUCCESS
[2026-04-05 17:03:15] user=rajesh role=user action=ONLINE_CHECKOUT table=Sale id=SAL499 status=SUCCESS
[2026-04-05 17:03:15] user=rajesh role=user action=ONLINE_CHECKOUT table=Sale id=SAL500 status=SUCCESS
[2026-04-05 17:03:15] user=vikram role=user action=ONLINE_CHECKOUT table=Sale id=SAL501 status=SUCCESS
[2026-04-05 17:03:15] user=priya role=user action=LOGIN table=- id=- status=SUCCESS
[2026-04-05 17:03:15] user=priya role=user action=LOGIN table=- id=- status=SUCCESS
[2026-04-05 17:03:15] user=priya role=user action=LOGIN table=- id=- status=SUCCESS
[2026-04-05 17:03:15] user=vikram role=user action=LOGIN table=- id=- status=SUCCESS
[2026-04-05 17:03:15] user=rajesh role=user action=LOGIN table=- id=- status=SUCCESS
[2026-04-05 17:03:15] user=vikram role=user action=LOGIN table=- id=- status=SUCCESS
[2026-04-05 17:03:15] user=priya role=user action=LOGIN table=- id=- status=SUCCESS
[2026-04-05 17:03:15] user=priya role=user action=LOGIN table=- id=- status=SUCCESS
[2026-04-05 17:03:15] user=rajesh role=user action=LOGIN table=- id=- status=SUCCESS
[2026-04-05 17:03:15] user=vikram role=user action=LOGIN table=- id=- status=SUCCESS
[2026-04-05 17:03:15] user=priya role=user action=ONLINE_CHECKOUT table=Sale id=SAL502 status=SUCCESS
[2026-04-05 17:03:15] user=vikram role=user action=ONLINE_CHECKOUT table=Sale id=SAL503 status=SUCCESS
[2026-04-05 17:03:15] user=priya role=user action=ONLINE_CHECKOUT table=Sale id=SAL504 status=SUCCESS
[2026-04-05 17:03:16] user=amit role=user action=ONLINE_CHECKOUT table=Sale id=SAL505 status=SUCCESS
[2026-04-05 17:03:16] user=amit role=user action=ONLINE_CHECKOUT table=Sale id=SAL506 status=SUCCESS
[2026-04-05 17:03:16] user=vikram role=user action=ONLINE_CHECKOUT table=Sale id=SAL507 status=SUCCESS
[2026-04-05 17:03:16] user=sneha role=user action=LOGIN table=- id=- status=SUCCESS
[2026-04-05 17:03:16] user=priya role=user action=LOGIN table=- id=- status=SUCCESS
[2026-04-05 17:03:16] user=sneha role=user action=LOGIN table=- id=- status=SUCCESS
[2026-04-05 17:03:16] user=amit role=user action=LOGIN table=- id=- status=SUCCESS
[2026-04-05 17:03:16] user=sneha role=user action=LOGIN table=- id=- status=SUCCESS
[2026-04-05 17:03:16] user=sneha role=user action=LOGIN table=- id=- status=SUCCESS
[2026-04-05 17:03:16] user=vikram role=user action=LOGIN table=- id=- status=SUCCESS
[2026-04-05 17:03:16] user=amit role=user action=LOGIN table=- id=- status=SUCCESS
[2026-04-05 17:03:16] user=vikram role=user action=LOGIN table=- id=- status=SUCCESS
[2026-04-05 17:03:16] user=vikram role=user action=LOGIN table=- id=- status=SUCCESS
[2026-04-05 17:03:16] user=priya role=user action=ONLINE_CHECKOUT table=Sale id=SAL508 status=SUCCESS
[2026-04-05 17:03:17] user=amit role=user action=ONLINE_CHECKOUT table=Sale id=SAL509 status=SUCCESS
[2026-04-05 17:03:17] user=vikram role=user action=ONLINE_CHECKOUT table=Sale id=SAL510 status=SUCCESS
[2026-04-05 17:03:17] user=sneha role=user action=LOGIN table=- id=- status=SUCCESS
[2026-04-05 17:03:17] user=priya role=user action=LOGIN table=- id=- status=SUCCESS
[2026-04-05 17:03:17] user=amit role=user action=LOGIN table=- id=- status=SUCCESS
[2026-04-05 17:03:17] user=rajesh role=user action=LOGIN table=- id=- status=SUCCESS
[2026-04-05 17:03:17] user=priya role=user action=LOGIN table=- id=- status=SUCCESS
[2026-04-05 17:03:17] user=sneha role=user action=LOGIN table=- id=- status=SUCCESS
[2026-04-05 17:03:17] user=sneha role=user action=LOGIN table=- id=- status=SUCCESS
[2026-04-05 17:03:17] user=amit role=user action=LOGIN table=- id=- status=SUCCESS
[2026-04-05 17:03:17] user=amit role=user action=LOGIN table=- id=- status=SUCCESS
[2026-04-05 17:03:17] user=vikram role=user action=LOGIN table=- id=- status=SUCCESS
[2026-04-05 17:03:17] user=amit role=user action=ONLINE_CHECKOUT table=Sale id=SAL511 status=SUCCESS
[2026-04-05 17:03:18] user=sneha role=user action=LOGIN table=- id=- status=SUCCESS
[2026-04-05 17:03:18] user=sneha role=user action=ONLINE_CHECKOUT table=Sale id=SAL512 status=SUCCESS
[2026-04-05 17:03:18] user=amit role=user action=ONLINE_CHECKOUT table=Sale id=SAL513 status=SUCCESS
[2026-04-05 17:03:18] user=sneha role=user action=ONLINE_CHECKOUT table=Sale id=SAL514 status=SUCCESS
[2026-04-05 17:03:18] user=amit role=user action=ONLINE_CHECKOUT table=Sale id=SAL515 status=SUCCESS
[2026-04-05 17:03:18] user=sneha role=user action=ONLINE_CHECKOUT table=Sale id=SAL516 status=SUCCESS
[2026-04-05 17:03:19] user=sneha role=user action=ONLINE_CHECKOUT table=Sale id=SAL517 status=SUCCESS
[2026-04-05 17:03:19] user=vikram role=user action=LOGIN table=- id=- status=SUCCESS
[2026-04-05 17:03:19] user=sneha role=user action=LOGIN table=- id=- status=SUCCESS
[2026-04-05 17:03:19] user=sneha role=user action=LOGIN table=- id=- status=SUCCESS
[2026-04-05 17:03:19] user=amit role=user action=LOGIN table=- id=- status=SUCCESS
[2026-04-05 17:03:19] user=priya role=user action=LOGIN table=- id=- status=SUCCESS
[2026-04-05 17:03:19] user=rajesh role=user action=LOGIN table=- id=- status=SUCCESS
[2026-04-05 17:03:19] user=vikram role=user action=LOGIN table=- id=- status=SUCCESS
[2026-04-05 17:03:19] user=rajesh role=user action=LOGIN table=- id=- status=SUCCESS
[2026-04-05 17:03:19] user=rajesh role=user action=LOGIN table=- id=- status=SUCCESS
[2026-04-05 17:03:19] user=sneha role=user action=LOGIN table=- id=- status=SUCCESS
[2026-04-05 17:03:20] user=vikram role=user action=LOGIN table=- id=- status=SUCCESS
[2026-04-05 17:03:20] user=priya role=user action=LOGIN table=- id=- status=SUCCESS
[2026-04-05 17:03:20] user=priya role=user action=LOGIN table=- id=- status=SUCCESS
[2026-04-05 17:03:20] user=sneha role=user action=LOGIN table=- id=- status=SUCCESS
[2026-04-05 17:03:20] user=priya role=user action=LOGIN table=- id=- status=SUCCESS
[2026-04-05 17:03:20] user=priya role=user action=LOGIN table=- id=- status=SUCCESS
[2026-04-05 17:03:20] user=sneha role=user action=LOGIN table=- id=- status=SUCCESS
[2026-04-05 17:03:20] user=amit role=user action=LOGIN table=- id=- status=SUCCESS
[2026-04-05 17:03:20] user=rajesh role=user action=LOGIN table=- id=- status=SUCCESS
[2026-04-05 17:03:20] user=sneha role=user action=LOGIN table=- id=- status=SUCCESS
[2026-04-05 17:03:20] user=sneha role=user action=ONLINE_CHECKOUT table=Sale id=SAL518 status=SUCCESS
[2026-04-05 17:03:22] user=amit role=user action=LOGIN table=- id=- status=SUCCESS
[2026-04-05 17:03:22] user=rajesh role=user action=LOGIN table=- id=- status=SUCCESS
[2026-04-05 17:03:22] user=amit role=user action=LOGIN table=- id=- status=SUCCESS
[2026-04-05 17:03:22] user=sneha role=user action=LOGIN table=- id=- status=SUCCESS
[2026-04-05 17:03:22] user=priya role=user action=LOGIN table=- id=- status=SUCCESS
[2026-04-05 17:03:22] user=priya role=user action=LOGIN table=- id=- status=SUCCESS
[2026-04-05 17:03:22] user=priya role=user action=LOGIN table=- id=- status=SUCCESS
[2026-04-05 17:03:22] user=vikram role=user action=LOGIN table=- id=- status=SUCCESS
[2026-04-05 17:03:22] user=amit role=user action=LOGIN table=- id=- status=SUCCESS
[2026-04-05 17:03:22] user=vikram role=user action=LOGIN table=- id=- status=SUCCESS
[2026-04-05 17:03:22] user=priya role=user action=ONLINE_CHECKOUT table=Sale id=SAL519 status=SUCCESS
[2026-04-05 17:03:22] user=amit role=user action=ONLINE_CHECKOUT table=Sale id=SAL520 status=SUCCESS
[2026-04-05 17:03:22] user=sneha role=user action=ONLINE_CHECKOUT table=Sale id=SAL521 status=SUCCESS
[2026-04-05 17:03:22] user=sneha role=user action=ONLINE_CHECKOUT table=Sale id=SAL522 status=SUCCESS
[2026-04-05 17:03:23] user=sneha role=user action=ONLINE_CHECKOUT table=Sale id=SAL523 status=SUCCESS
[2026-04-05 17:03:23] user=sneha role=user action=ONLINE_CHECKOUT table=Sale id=SAL524 status=SUCCESS
[2026-04-05 17:03:23] user=amit role=user action=LOGIN table=- id=- status=SUCCESS
[2026-04-05 17:03:23] user=amit role=user action=LOGIN table=- id=- status=SUCCESS
[2026-04-05 17:03:23] user=amit role=user action=LOGIN table=- id=- status=SUCCESS
[2026-04-05 17:03:23] user=rajesh role=user action=LOGIN table=- id=- status=SUCCESS
[2026-04-05 17:03:23] user=vikram role=user action=LOGIN table=- id=- status=SUCCESS
[2026-04-05 17:03:23] user=priya role=user action=LOGIN table=- id=- status=SUCCESS
[2026-04-05 17:03:23] user=rajesh role=user action=LOGIN table=- id=- status=SUCCESS
[2026-04-05 17:03:23] user=vikram role=user action=LOGIN table=- id=- status=SUCCESS
[2026-04-05 17:03:23] user=priya role=user action=LOGIN table=- id=- status=SUCCESS
[2026-04-05 17:03:23] user=vikram role=user action=LOGIN table=- id=- status=SUCCESS
[2026-04-05 17:03:23] user=amit role=user action=ONLINE_CHECKOUT table=Sale id=SAL525 status=SUCCESS
[2026-04-05 17:03:23] user=amit role=user action=ONLINE_CHECKOUT table=Sale id=SAL526 status=SUCCESS
[2026-04-05 17:03:23] user=priya role=user action=ONLINE_CHECKOUT table=Sale id=SAL527 status=SUCCESS
[2026-04-05 17:03:24] user=vikram role=user action=ONLINE_CHECKOUT table=Sale id=SAL528 status=SUCCESS
[2026-04-05 17:03:24] user=sneha role=user action=LOGIN table=- id=- status=SUCCESS
[2026-04-05 17:03:24] user=sneha role=user action=ONLINE_CHECKOUT table=Sale id=SAL529 status=SUCCESS
[2026-04-05 17:03:24] user=rajesh role=user action=LOGIN table=- id=- status=SUCCESS
[2026-04-05 17:03:24] user=rajesh role=user action=LOGIN table=- id=- status=SUCCESS
[2026-04-05 17:03:24] user=vikram role=user action=LOGIN table=- id=- status=SUCCESS
[2026-04-05 17:03:24] user=rajesh role=user action=LOGIN table=- id=- status=SUCCESS
[2026-04-05 17:03:24] user=priya role=user action=LOGIN table=- id=- status=SUCCESS
[2026-04-05 17:03:24] user=sneha role=user action=LOGIN table=- id=- status=SUCCESS
[2026-04-05 17:03:24] user=amit role=user action=LOGIN table=- id=- status=SUCCESS
[2026-04-05 17:03:24] user=amit role=user action=LOGIN table=- id=- status=SUCCESS
[2026-04-05 17:03:24] user=vikram role=user action=LOGIN table=- id=- status=SUCCESS
[2026-04-05 17:03:24] user=sneha role=user action=ONLINE_CHECKOUT table=Sale id=SAL530 status=SUCCESS
[2026-04-05 17:03:25] user=amit role=user action=ONLINE_CHECKOUT table=Sale id=SAL531 status=SUCCESS
[2026-04-05 17:03:25] user=amit role=user action=ONLINE_CHECKOUT table=Sale id=SAL532 status=SUCCESS
[2026-04-05 17:03:25] user=rajesh role=user action=LOGIN table=- id=- status=SUCCESS
[2026-04-05 17:03:25] user=sneha role=user action=LOGIN table=- id=- status=SUCCESS
[2026-04-05 17:03:25] user=priya role=user action=LOGIN table=- id=- status=SUCCESS
[2026-04-05 17:03:25] user=amit role=user action=LOGIN table=- id=- status=SUCCESS
[2026-04-05 17:03:25] user=sneha role=user action=LOGIN table=- id=- status=SUCCESS
[2026-04-05 17:03:25] user=sneha role=user action=LOGIN table=- id=- status=SUCCESS
[2026-04-05 17:03:25] user=rajesh role=user action=LOGIN table=- id=- status=SUCCESS
[2026-04-05 17:03:25] user=sneha role=user action=LOGIN table=- id=- status=SUCCESS
[2026-04-05 17:03:25] user=vikram role=user action=LOGIN table=- id=- status=SUCCESS
[2026-04-05 17:03:25] user=amit role=user action=LOGIN table=- id=- status=SUCCESS
[2026-04-05 17:03:25] user=rajesh role=user action=ONLINE_CHECKOUT table=Sale id=SAL533 status=SUCCESS
[2026-04-05 17:03:26] user=amit role=user action=ONLINE_CHECKOUT table=Sale id=SAL534 status=SUCCESS
[2026-04-05 17:03:27] user=priya role=user action=LOGIN table=- id=- status=SUCCESS
[2026-04-05 17:03:27] user=sneha role=user action=ONLINE_CHECKOUT table=Sale id=SAL535 status=SUCCESS
[2026-04-05 17:03:27] user=vikram role=user action=ONLINE_CHECKOUT table=Sale id=SAL536 status=SUCCESS
[2026-04-05 17:03:27] user=amit role=user action=ONLINE_CHECKOUT table=Sale id=SAL537 status=SUCCESS
[2026-04-05 17:03:28] user=sneha role=user action=ONLINE_CHECKOUT table=Sale id=SAL538 status=SUCCESS
[2026-04-05 17:03:28] user=sneha role=user action=LOGIN table=- id=- status=SUCCESS
[2026-04-05 17:03:28] user=amit role=user action=LOGIN table=- id=- status=SUCCESS
[2026-04-05 17:03:28] user=vikram role=user action=LOGIN table=- id=- status=SUCCESS
[2026-04-05 17:03:28] user=sneha role=user action=LOGIN table=- id=- status=SUCCESS
[2026-04-05 17:03:28] user=vikram role=user action=LOGIN table=- id=- status=SUCCESS
[2026-04-05 17:03:28] user=vikram role=user action=LOGIN table=- id=- status=SUCCESS
[2026-04-05 17:03:28] user=amit role=user action=LOGIN table=- id=- status=SUCCESS
[2026-04-05 17:03:28] user=rajesh role=user action=LOGIN table=- id=- status=SUCCESS
[2026-04-05 17:03:28] user=vikram role=user action=LOGIN table=- id=- status=SUCCESS
[2026-04-05 17:03:28] user=priya role=user action=LOGIN table=- id=- status=SUCCESS
[2026-04-05 17:03:28] user=vikram role=user action=ONLINE_CHECKOUT table=Sale id=SAL539 status=SUCCESS
[2026-04-05 17:03:28] user=vikram role=user action=ONLINE_CHECKOUT table=Sale id=SAL540 status=SUCCESS
[2026-04-05 17:03:29] user=vikram role=user action=LOGIN table=- id=- status=SUCCESS
[2026-04-05 17:03:29] user=amit role=user action=LOGIN table=- id=- status=SUCCESS
[2026-04-05 17:03:29] user=sneha role=user action=LOGIN table=- id=- status=SUCCESS
[2026-04-05 17:03:29] user=sneha role=user action=LOGIN table=- id=- status=SUCCESS
[2026-04-05 17:03:29] user=amit role=user action=LOGIN table=- id=- status=SUCCESS
[2026-04-05 17:03:29] user=sneha role=user action=LOGIN table=- id=- status=SUCCESS
[2026-04-05 17:03:29] user=rajesh role=user action=LOGIN table=- id=- status=SUCCESS
[2026-04-05 17:03:29] user=sneha role=user action=LOGIN table=- id=- status=SUCCESS
[2026-04-05 17:03:29] user=amit role=user action=LOGIN table=- id=- status=SUCCESS
[2026-04-05 17:03:29] user=priya role=user action=LOGIN table=- id=- status=SUCCESS
[2026-04-13 15:53:40] user=system role=system action=INIT_PASSWORDS table=- id=- status=SUCCESS
[2026-04-13 15:56:06] user=admin role=unknown action=LOGIN table=- id=- status=FAILED
[2026-04-13 15:56:21] user=Rakesh role=unknown action=LOGIN table=- id=- status=FAILED
[2026-04-13 15:57:19] user=admin role=unknown action=LOGIN table=- id=- status=FAILED
[2026-04-13 15:58:23] user=admin role=admin action=LOGIN table=- id=- status=SUCCESS
[2026-04-13 19:06:37] user=admin role=admin action=LOGIN table=- id=- status=SUCCESS
[2026-04-13 19:12:57] user=admin role=admin action=LOGIN table=- id=- status=SUCCESS
[2026-04-13 19:15:46] user=admin role=admin action=LOGIN table=- id=- status=SUCCESS
[2026-04-13 19:26:03] user=admin role=admin action=INSERT table=Member id=MEMTEST status=SUCCESS
[2026-04-14 13:42:30] user=admin role=admin action=LOGIN table=- id=- status=SUCCESS
[2026-04-14 13:57:45] user=admin role=admin action=LOGIN table=- id=- status=SUCCESS
[2026-04-14 13:57:45] user=admin role=admin action=INSERT table=Member id=MEMTEST status=SUCCESS
[2026-04-14 13:57:45] user=admin role=admin action=DELETE table=Member id=MEMTEST status=SUCCESS
[2026-04-15 04:13:38] user=admin role=admin action=LOGIN table=- id=- status=SUCCESS
[2026-04-15 04:19:14] user=admin role=admin action=LOGIN table=- id=- status=SUCCESS
[2026-04-15 04:19:14] user=admin role=admin action=INSERT table=Member id=MEMTEST status=SUCCESS
[2026-04-15 04:19:15] user=admin role=admin action=DELETE table=Member id=MEMTEST status=SUCCESS
[2026-04-15 04:30:39] user=admin role=admin action=LOGIN table=- id=- status=SUCCESS
[2026-04-15 04:33:12] user=admin role=admin action=LOGIN table=- id=- status=SUCCESS
[2026-04-15 20:57:08] user=admin role=admin action=LOGIN table=- id=- status=SUCCESS
[2026-04-18 03:05:07] user=admin role=admin action=LOGIN table=- id=- status=SUCCESS
[2026-04-18 03:08:04] user=admin role=admin action=LOGIN table=- id=- status=SUCCESS
[2026-04-18 03:08:38] user=admin role=admin action=LOGIN table=- id=- status=SUCCESS
[2026-04-18 03:08:55] user=admin role=admin action=INSERT table=Member id=MEMTEST status=SUCCESS
[2026-04-18 03:08:59] user=admin role=admin action=DELETE table=Member id=MEMTEST status=SUCCESS
[2026-04-18 04:06:10] user=admin role=admin action=LOGIN table=- id=- status=SUCCESS
[2026-04-18 04:06:27] user=admin role=admin action=INSERT table=Member id=MEMTEST status=SUCCESS
[2026-04-18 04:06:31] user=admin role=admin action=DELETE table=Member id=MEMTEST status=SUCCESS
[2026-04-18 04:09:41] user=admin role=admin action=LOGIN table=- id=- status=SUCCESS
[2026-04-18 04:09:57] user=admin role=admin action=INSERT table=Member id=MEMTEST status=SUCCESS
[2026-04-18 04:10:02] user=admin role=admin action=DELETE table=Member id=MEMTEST status=SUCCESS
[2026-04-18 04:28:32] user=admin role=admin action=LOGIN table=- id=- status=SUCCESS
[2026-04-18 04:28:49] user=admin role=admin action=INSERT table=Member id=MEMTEST status=SUCCESS
[2026-04-18 04:28:53] user=admin role=admin action=DELETE table=Member id=MEMTEST status=SUCCESS
[2026-04-18 10:46:46] user=admin role=admin action=LOGIN table=- id=- status=SUCCESS
[2026-04-18 10:47:03] user=admin role=admin action=INSERT table=Member id=MEMTEST status=SUCCESS
[2026-04-18 10:47:07] user=admin role=admin action=DELETE table=Member id=MEMTEST status=SUCCESS
[2026-04-18 10:51:32] user=admin role=admin action=LOGIN table=- id=- status=SUCCESS
[2026-04-18 10:54:34] user=admin role=admin action=LOGIN table=- id=- status=SUCCESS
[2026-04-18 10:54:50] user=admin role=admin action=INSERT table=Member id=MEMTEST status=SUCCESS
[2026-04-18 10:54:54] user=admin role=admin action=DELETE table=Member id=MEMTEST status=SUCCESS
